tipo_elemento,orientacion_fisura,abertura,ubicacion_en_elemento,patron,comportamiento,desprendimiento,color,textura,armadura_visible,corrosion,estado_estribos,edad_estructura,ambiente,velocidad_aparicion,carga,intervencion_previa,deformacion_visible,sonido_golpe,presencia_agua,defecto_numero
cimentacion_zapata,diagonal_45,grieta_separacion,esquinas,periodica,estable,no_hay,normal,normal,completamente,manchas_oxido,correctos,5_a_20,industrial,anos_despues,sobrecarga,original,no,diferente_zonas,seco,19
cimentacion_zapata,diagonal_45_75,abierta,esquinas,multiples_paralelas,estable,no_hay,normal,poroso,no,no_visible,correctos,mas_50,exterior_continental,subita_reciente,normal,original,flecha_abajo,diferente_zonas,seco,96
cimentacion_zapata,vertical,media,esquinas,periodica,estable,no_hay,manchas_oxido,normal,no,no_visible,correctos,menos_5,costero_marino,anos_despues,normal,original,no,hueco,seco,81
tabique_cerramiento,horizontal,media,perimetro,multiples_paralelas,se_cierra_al_descender,no_hay,normal,normal,no,manchas_oxido,ausentes,5_a_20,exterior_continental,anos_despues,impacto_sismo,original,no,solido,seco,70
voladizo,diagonal_45_75,grieta_separacion,centro,unica,se_abre_con_tiempo,recubrimiento_desprendido,normal,poroso,parcialmente,oxidada_visible,correctos,menos_5,exterior_continental,primeros_meses,normal,reparada,no,solido,humedo,48
voladizo,diagonal_45,cerrada_fina,perimetro,unica,estable,no_hay,normal,normal,no,manchas_oxido,correctos,menos_5,exterior_continental,subita_reciente,normal,original,no,diferente_zonas,seco,52
muro,vertical,cerrada_fina,cabeza,periodica,se_cierra_al_alejarse,no_hay,normal,normal,no,no_visible,correctos,mas_50,sumergido,durante_construccion,normal,original,no,solido,seco,76
forjado_unidireccional,diagonal_45,media,centro,multiples_paralelas,se_cierra_al_alejarse,no_hay,normal,poroso,no,no_visible,correctos,20_a_50,interior,durante_construccion,normal,original,no,diferente_zonas,seco,61
viga,diagonal_45_75,media,centro,multiples_distintos_planos,aparecio_de_golpe,no_hay,normal,normal,no,no_visible,correctos,5_a_20,exterior_continental,anos_despues,sobrecarga,original,no,diferente_zonas,seco,68
viga,diagonal_45_75,abierta,cabeza,periodica,se_cierra_al_descender,no_hay,normal,normal,no,no_visible,separados,mas_50,exterior_continental,subita_reciente,normal,recien_desencofrada,desplazamiento_lateral,diferente_zonas,seco,31
voladizo,vertical,media,cara_inferior,periodica,se_abre_con_tiempo,no_hay,normal,poroso,completamente,manchas_oxido,correctos,20_a_50,sumergido,subita_reciente,sobrecarga,reparada,flecha_abajo,diferente_zonas,seco,45
viga,diagonal_45_75,media,union_otro_elemento,ramificada,se_cierra_al_alejarse,no_hay,normal,normal,no,manchas_oxido,correctos,5_a_20,costero_marino,primeras_semanas,normal,original,flecha_abajo,solido,seco,23
tabique_cerramiento,diagonal_45,grieta_separacion,ambas_caras,multiples_paralelas,estable,perdida_seccion,normal,normal,no,manchas_oxido,ausentes,mas_50,sumergido,primeros_meses,sobrecarga,original,desplazamiento_lateral,hueco,humedo,35
vigueta,horizontal,media,cabeza,ramificada,aparecio_de_golpe,no_hay,manchas_oxido,normal,no,no_visible,correctos,20_a_50,sumergido,primeros_meses,sobrecarga,original,flecha_abajo,diferente_zonas,seco,42
vigueta,red_mapa,media,cabeza,ramificada,aparecio_de_golpe,recubrimiento_desprendido,normal,disgregado,no,no_visible,ausentes,5_a_20,industrial,subita_reciente,normal,original,no,hueco,filtracion_activa,38
pilar,red_mapa,media,centro,periodica,se_cierra_al_alejarse,no_hay,normal,normal,completamente,oxidada_visible,correctos,5_a_20,interior,durante_construccion,sobrecarga,recien_desencofrada,desplazamiento_lateral,diferente_zonas,humedo,15
muro,diagonal_45_75,cerrada_fina,cara_inferior,multiples_paralelas,estable,no_hay,normal,normal,completamente,oxidada_visible,separados,mas_50,exterior_continental,subita_reciente,normal,recien_desencofrada,aplastamiento,diferente_zonas,seco,78
voladizo,sin_fisura,cerrada_fina,cara_inferior,unica,estable,no_hay,manchas_oxido,normal,parcialmente,oxidada_visible,correctos,20_a_50,costero_marino,primeras_semanas,sobrecarga,original,flecha_abajo,hueco,seco,45
vigueta,sin_fisura,cerrada_fina,cabeza,unica,estable,recubrimiento_desprendido,normal,poroso,parcialmente,oxidada_visible,correctos,mas_50,costero_marino,anos_despues,normal,original,aplastamiento,solido,seco,38
pilar,diagonal_45,abierta,base,multiples_distintos_planos,estable,recubrimiento_desprendido,normal,normal,parcialmente,no_visible,correctos,5_a_20,interior,durante_construccion,sobrecarga,original,no,solido,seco,85
pilar,horizontal,media,perimetro,periodica,aparecio_de_golpe,recubrimiento_desprendido,normal,normal,parcialmente,manchas_oxido,desplazados,20_a_50,exterior_continental,subita_reciente,sobrecarga,original,flecha_abajo,hueco,seco,1
viga,diagonal_45,cerrada_fina,cabeza,multiples_distintos_planos,estable,desmoronandose,manchas_blancas,poroso,no,no_visible,correctos,5_a_20,exterior_continental,primeras_semanas,normal,original,flecha_abajo,solido,seco,23
forjado_unidireccional,vertical,abierta,perimetro,multiples_distintos_planos,se_abre_con_tiempo,perdida_seccion,manchas_blancas,normal,no,manchas_oxido,separados,mas_50,exterior_continental,subita_reciente,sobrecarga,original,no,diferente_zonas,seco,53
pilar,horizontal,media,cabeza,multiples_distintos_planos,se_cierra_al_alejarse,no_hay,normal,normal,no,manchas_oxido,ausentes,5_a_20,sumergido,primeros_meses,sobrecarga,original,no,diferente_zonas,seco,9
viga,diagonal_45,cerrada_fina,ambas_caras,multiples_paralelas,aparecio_de_golpe,no_hay,normal,normal,no,no_visible,correctos,5_a_20,exterior_continental,primeras_semanas,sobrecarga,original,flecha_abajo,solido,seco,23
muro,red_mapa,cerrada_fina,cabeza,multiples_distintos_planos,se_abre_con_tiempo,no_hay,normal,normal,parcialmente,no_visible,correctos,5_a_20,sumergido,primeras_semanas,normal,reparada,no,solido,seco,69
tabique_cerramiento,red_mapa,cerrada_fina,cabeza,multiples_paralelas,se_abre_con_tiempo,desmoronandose,normal,poroso,no,no_visible,correctos,5_a_20,costero_marino,anos_despues,sobrecarga,original,aplastamiento,solido,humedo,58
tabique_cerramiento,sin_fisura,cerrada_fina,base,unica,estable,no_hay,normal,normal,no,no_visible,correctos,20_a_50,sumergido,anos_despues,normal,original,no,solido,seco,59
viga,diagonal_45_75,grieta_separacion,esquinas,multiples_distintos_planos,se_cierra_al_descender,recubrimiento_desprendido,normal,normal,parcialmente,manchas_oxido,correctos,menos_5,sumergido,primeras_semanas,sobrecarga,original,desplazamiento_lateral,diferente_zonas,humedo,18
tabique_cerramiento,red_mapa,cerrada_fina,ambas_caras,multiples_distintos_planos,se_cierra_al_alejarse,recubrimiento_desprendido,manchas_blancas,normal,no,no_visible,separados,20_a_50,costero_marino,subita_reciente,sobrecarga,original,no,solido,filtracion_activa,66
vigueta,red_mapa,media,base,multiples_distintos_planos,estable,recubrimiento_desprendido,normal,normal,no,manchas_oxido,correctos,5_a_20,costero_marino,subita_reciente,sobrecarga,original,no,diferente_zonas,seco,74
viga,red_mapa,media,union_otro_elemento,multiples_paralelas,se_cierra_al_descender,no_hay,normal,normal,no,manchas_oxido,correctos,mas_50,exterior_continental,durante_construccion,normal,original,no,hueco,seco,32
tabique_cerramiento,diagonal_45,cerrada_fina,perimetro,periodica,estable,no_hay,manchas_oxido,normal,no,no_visible,correctos,menos_5,interior,primeros_meses,normal,original,no,diferente_zonas,humedo,75
pilar,diagonal_45,cerrada_fina,union_otro_elemento,ramificada,estable,no_hay,manchas_blancas,normal,no,manchas_oxido,correctos,menos_5,exterior_continental,primeras_semanas,normal,original,flecha_abajo,solido,seco,23
cimentacion_zapata,diagonal_45,abierta,perimetro,multiples_paralelas,se_cierra_al_alejarse,no_hay,manchas_oxido,poroso,no,no_visible,correctos,mas_50,sumergido,primeros_meses,normal,original,flecha_abajo,diferente_zonas,humedo,96
pilar,diagonal_45_75,cerrada_fina,esquinas,periodica,se_cierra_al_alejarse,no_hay,manchas_blancas,normal,parcialmente,manchas_oxido,correctos,20_a_50,interior,primeras_semanas,sobrecarga,original,aplastamiento,diferente_zonas,humedo,13
tabique_cerramiento,horizontal,abierta,cabeza,multiples_paralelas,estable,perdida_seccion,normal,normal,no,manchas_oxido,correctos,menos_5,costero_marino,primeras_semanas,descarga,recien_desencofrada,flecha_abajo,hueco,seco,41
forjado_unidireccional,sin_fisura,cerrada_fina,cara_inferior,unica,estable,desmoronandose,normal,disgregado,parcialmente,no_visible,correctos,5_a_20,industrial,subita_reciente,normal,reforzada,no,solido,seco,60
tabique_cerramiento,diagonal_45_75,cerrada_fina,cara_inferior,multiples_paralelas,se_abre_con_tiempo,recubrimiento_desprendido,normal,normal,no,manchas_oxido,ausentes,menos_5,costero_marino,durante_construccion,descarga,original,flecha_abajo,solido,humedo,63
pilar,red_mapa,media,perimetro,ramificada,estable,perdida_seccion,manchas_oxido,poroso,parcialmente,oxidada_visible,correctos,mas_50,exterior_continental,anos_despues,sobrecarga,original,no,hueco,salpicadura,6
pilar,horizontal,abierta,cabeza,multiples_distintos_planos,aparecio_de_golpe,perdida_seccion,normal,normal,completamente,no_visible,separados,menos_5,exterior_continental,durante_construccion,normal,recien_desencofrada,desplazamiento_lateral,solido,seco,8
forjado_unidireccional,diagonal_45,grieta_separacion,cabeza,unica,se_cierra_al_descender,desmoronandose,normal,poroso,completamente,manchas_oxido,separados,menos_5,industrial,anos_despues,sobrecarga,original,flecha_abajo,diferente_zonas,seco,51
tabique_cerramiento,red_mapa,cerrada_fina,esquinas,multiples_distintos_planos,aparecio_de_golpe,no_hay,normal,normal,no,manchas_oxido,separados,menos_5,costero_marino,anos_despues,normal,reparada,flecha_abajo,diferente_zonas,humedo,74
forjado_unidireccional,sin_fisura,cerrada_fina,centro,unica,estable,no_hay,normal,normal,no,no_visible,correctos,mas_50,exterior_continental,primeros_meses,sobrecarga,original,no,solido,humedo,66
forjado_unidireccional,horizontal,cerrada_fina,cara_inferior,multiples_distintos_planos,aparecio_de_golpe,no_hay,manchas_oxido,normal,no,no_visible,correctos,mas_50,costero_marino,primeras_semanas,sobrecarga,original,no,solido,seco,57
tabique_cerramiento,diagonal_45_75,cerrada_fina,perimetro,periodica,se_cierra_al_alejarse,no_hay,manchas_blancas,humedo_filtraciones,no,no_visible,correctos,mas_50,exterior_continental,subita_reciente,normal,reforzada,flecha_abajo,diferente_zonas,humedo,65
tabique_cerramiento,sin_fisura,cerrada_fina,base,unica,estable,no_hay,normal,poroso,no,manchas_oxido,separados,20_a_50,sumergido,durante_construccion,normal,original,no,diferente_zonas,seco,72
muro,vertical,media,cabeza,unica,aparecio_de_golpe,no_hay,normal,normal,no,manchas_oxido,separados,5_a_20,costero_marino,subita_reciente,sobrecarga,original,flecha_abajo,diferente_zonas,seco,92
mensula,diagonal_45,abierta,union_otro_elemento,ramificada,se_cierra_al_alejarse,recubrimiento_desprendido,normal,normal,parcialmente,manchas_oxido,ausentes,5_a_20,exterior_continental,subita_reciente,normal,original,no,hueco,seco,35
viga,diagonal_45,cerrada_fina,cabeza,multiples_paralelas,estable,no_hay,normal,normal,parcialmente,manchas_oxido,desplazados,5_a_20,industrial,durante_construccion,sobrecarga,reparada,no,solido,seco,27
viga,diagonal_45,abierta,centro,multiples_paralelas,estable,no_hay,normal,normal,no,no_visible,separados,mas_50,costero_marino,primeros_meses,normal,original,giro_inclinacion,diferente_zonas,seco,61
pilar,diagonal_45,abierta,cara_inferior,multiples_paralelas,estable,recubrimiento_desprendido,normal,normal,completamente,manchas_oxido,correctos,menos_5,sumergido,durante_construccion,sobrecarga,recien_desencofrada,no,hueco,seco,15
tabique_cerramiento,red_mapa,cerrada_fina,base,ramificada,aparecio_de_golpe,no_hay,manchas_oxido,humedo_filtraciones,parcialmente,no_visible,separados,20_a_50,exterior_continental,durante_construccion,sobrecarga,original,no,solido,humedo,67
viga,diagonal_45_75,media,cabeza,multiples_distintos_planos,aparecio_de_golpe,recubrimiento_desprendido,normal,normal,completamente,manchas_oxido,ausentes,menos_5,interior,durante_construccion,normal,recien_desencofrada,giro_inclinacion,solido,seco,21
forjado_unidireccional,horizontal,cerrada_fina,cara_inferior,ramificada,aparecio_de_golpe,recubrimiento_desprendido,manchas_oxido,normal,no,manchas_oxido,separados,5_a_20,interior,durante_construccion,normal,original,no,diferente_zonas,seco,69
cimentacion_zapata,diagonal_45,abierta,base,unica,se_cierra_al_alejarse,no_hay,normal,normal,no,no_visible,correctos,20_a_50,exterior_continental,durante_construccion,impacto_sismo,original,no,diferente_zonas,salpicadura,88
tabique_cerramiento,red_mapa,cerrada_fina,union_otro_elemento,multiples_distintos_planos,se_abre_con_tiempo,no_hay,manchas_blancas,humedo_filtraciones,parcialmente,no_visible,correctos,menos_5,sumergido,subita_reciente,normal,original,no,solido,humedo,79
forjado_unidireccional,diagonal_45_75,cerrada_fina,perimetro,periodica,se_cierra_al_alejarse,no_hay,normal,disgregado,no,manchas_oxido,separados,20_a_50,industrial,primeros_meses,sobrecarga,reparada,no,solido,seco,59
tabique_cerramiento,vertical,cerrada_fina,union_otro_elemento,ramificada,aparecio_de_golpe,no_hay,normal,normal,no,no_visible,correctos,menos_5,industrial,durante_construccion,sobrecarga,reparada,no,solido,seco,76
tabique_cerramiento,diagonal_45,abierta,perimetro,multiples_distintos_planos,aparecio_de_golpe,no_hay,normal,normal,no,manchas_oxido,correctos,5_a_20,exterior_continental,primeras_semanas,normal,reparada,no,solido,seco,69
viga,diagonal_45_75,abierta,union_otro_elemento,unica,aparecio_de_golpe,no_hay,normal,normal,no,manchas_oxido,separados,mas_50,exterior_continental,subita_reciente,sobrecarga,original,flecha_abajo,diferente_zonas,seco,20
forjado_reticular,diagonal_45_75,abierta,ambas_caras,multiples_distintos_planos,aparecio_de_golpe,recubrimiento_desprendido,normal,normal,parcialmente,manchas_oxido,separados,mas_50,interior,subita_reciente,normal,original,no,solido,seco,53
pilar,vertical,grieta_separacion,cabeza,periodica,se_abre_con_tiempo,perdida_seccion,normal,normal,parcialmente,no_visible,separados,5_a_20,industrial,durante_construccion,normal,recien_desencofrada,desplazamiento_lateral,hueco,humedo,5
voladizo,horizontal,abierta,esquinas,periodica,se_cierra_al_descender,perdida_seccion,normal,normal,completamente,manchas_oxido,correctos,5_a_20,sumergido,subita_reciente,normal,reforzada,desplazamiento_lateral,hueco,seco,46
vigueta,red_mapa,abierta,union_otro_elemento,multiples_distintos_planos,se_cierra_al_alejarse,recubrimiento_desprendido,manchas_oxido,poroso,parcialmente,oxidada_visible,correctos,mas_50,costero_marino,anos_despues,sobrecarga,reparada,no,diferente_zonas,salpicadura,6
viga,red_mapa,abierta,perimetro,periodica,aparecio_de_golpe,perdida_seccion,normal,normal,completamente,oxidada_visible,correctos,menos_5,industrial,durante_construccion,sobrecarga,original,flecha_abajo,hueco,seco,19
cimentacion_zapata,vertical,cerrada_fina,cabeza,periodica,se_cierra_al_descender,desmoronandose,manchas_blancas,disgregado,no,no_visible,correctos,20_a_50,interior,primeros_meses,normal,original,aplastamiento,diferente_zonas,seco,95
vigueta,red_mapa,abierta,cabeza,unica,aparecio_de_golpe,recubrimiento_desprendido,normal,normal,completamente,manchas_oxido,separados,mas_50,sumergido,durante_construccion,normal,original,flecha_abajo,hueco,filtracion_activa,41
mensula,sin_fisura,cerrada_fina,cabeza,unica,estable,no_hay,manchas_oxido,poroso,no,no_visible,correctos,5_a_20,interior,anos_despues,normal,reforzada,no,solido,humedo,28
pilar,diagonal_45,media,centro,multiples_distintos_planos,se_cierra_al_descender,no_hay,manchas_blancas,humedo_filtraciones,no,manchas_oxido,correctos,20_a_50,sumergido,durante_construccion,sobrecarga,reforzada,flecha_abajo,diferente_zonas,humedo,67
tabique_cerramiento,vertical,cerrada_fina,ambas_caras,unica,aparecio_de_golpe,no_hay,manchas_oxido,humedo_filtraciones,completamente,oxidada_visible,correctos,5_a_20,costero_marino,anos_despues,sobrecarga,reparada,no,diferente_zonas,filtracion_activa,67
forjado_unidireccional,horizontal,abierta,base,multiples_paralelas,se_cierra_al_descender,recubrimiento_desprendido,normal,normal,parcialmente,no_visible,correctos,20_a_50,interior,subita_reciente,normal,original,aplastamiento,diferente_zonas,seco,56
tabique_cerramiento,diagonal_45_75,media,cara_inferior,multiples_distintos_planos,se_cierra_al_descender,recubrimiento_desprendido,normal,humedo_filtraciones,no,no_visible,correctos,menos_5,industrial,anos_despues,normal,original,aplastamiento,diferente_zonas,seco,64
vigueta,sin_fisura,cerrada_fina,cabeza,unica,estable,recubrimiento_desprendido,normal,disgregado,no,no_visible,correctos,mas_50,costero_marino,durante_construccion,normal,original,aplastamiento,diferente_zonas,seco,38
pilar,vertical,cerrada_fina,cabeza,periodica,se_abre_con_tiempo,no_hay,oscurecido,normal,parcialmente,no_visible,correctos,menos_5,industrial,durante_construccion,descarga,recien_desencofrada,no,solido,seco,14
pilar,red_mapa,abierta,union_otro_elemento,ramificada,se_cierra_al_descender,recubrimiento_desprendido,manchas_oxido,poroso,completamente,oxidada_visible,correctos,20_a_50,costero_marino,anos_despues,normal,reparada,no,solido,seco,6
cimentacion_zapata,diagonal_45_75,media,base,multiples_distintos_planos,aparecio_de_golpe,no_hay,manchas_oxido,poroso,no,no_visible,correctos,mas_50,exterior_continental,anos_despues,normal,reforzada,no,hueco,filtracion_activa,87
mensula,vertical,cerrada_fina,ambas_caras,ramificada,se_cierra_al_alejarse,desmoronandose,normal,poroso,no,manchas_oxido,correctos,menos_5,exterior_continental,primeras_semanas,sobrecarga,original,no,solido,seco,78
tabique_cerramiento,diagonal_45_75,abierta,cabeza,unica,se_cierra_al_alejarse,perdida_seccion,normal,normal,completamente,no_visible,ausentes,mas_50,sumergido,primeras_semanas,descarga,reparada,flecha_abajo,diferente_zonas,seco,55
pilar,diagonal_45,grieta_separacion,cara_inferior,unica,se_abre_con_tiempo,recubrimiento_desprendido,normal,normal,parcialmente,manchas_oxido,separados,mas_50,interior,primeros_meses,sobrecarga,reparada,desplazamiento_lateral,diferente_zonas,seco,35
tabique_cerramiento,sin_fisura,cerrada_fina,centro,unica,estable,no_hay,normal,normal,no,no_visible,correctos,mas_50,interior,subita_reciente,normal,original,desplazamiento_lateral,solido,seco,69
pilar,diagonal_45_75,cerrada_fina,esquinas,ramificada,se_cierra_al_descender,no_hay,normal,humedo_filtraciones,no,no_visible,correctos,menos_5,exterior_continental,primeras_semanas,normal,original,no,solido,humedo,11
muro,diagonal_45_75,grieta_separacion,cabeza,multiples_distintos_planos,se_cierra_al_alejarse,perdida_seccion,manchas_oxido,poroso,no,no_visible,correctos,menos_5,exterior_continental,anos_despues,normal,reparada,no,solido,seco,78
cimentacion_zapata,diagonal_45,abierta,union_otro_elemento,unica,estable,no_hay,normal,normal,completamente,no_visible,correctos,mas_50,industrial,primeras_semanas,normal,original,no,hueco,seco,86
tabique_cerramiento,diagonal_45,media,esquinas,multiples_distintos_planos,estable,no_hay,manchas_oxido,disgregado,no,no_visible,correctos,5_a_20,exterior_continental,primeros_meses,normal,original,no,diferente_zonas,filtracion_activa,77
muro,vertical,media,union_otro_elemento,multiples_paralelas,se_cierra_al_alejarse,no_hay,normal,poroso,no,no_visible,correctos,5_a_20,sumergido,subita_reciente,normal,reparada,no,diferente_zonas,seco,76
muro,diagonal_45_75,abierta,base,multiples_paralelas,se_cierra_al_alejarse,no_hay,normal,poroso,no,manchas_oxido,correctos,20_a_50,industrial,durante_construccion,normal,reparada,no,hueco,seco,88
viga,red_mapa,cerrada_fina,esquinas,unica,se_cierra_al_descender,no_hay,normal,normal,parcialmente,no_visible,separados,mas_50,sumergido,subita_reciente,normal,reparada,no,solido,seco,28
forjado_unidireccional,diagonal_45,grieta_separacion,cara_inferior,ramificada,aparecio_de_golpe,recubrimiento_desprendido,normal,normal,no,no_visible,separados,5_a_20,costero_marino,primeros_meses,normal,reforzada,no,diferente_zonas,seco,48
viga,diagonal_45_75,abierta,cabeza,ramificada,se_cierra_al_descender,perdida_seccion,normal,normal,parcialmente,manchas_oxido,correctos,mas_50,sumergido,subita_reciente,normal,original,no,hueco,humedo,18
cimentacion_zapata,red_mapa,abierta,base,ramificada,estable,no_hay,oscurecido,normal,no,no_visible,correctos,5_a_20,exterior_continental,anos_despues,impacto_sismo,reparada,no,diferente_zonas,seco,81
pilar,diagonal_45_75,abierta,cara_inferior,multiples_distintos_planos,se_cierra_al_alejarse,desmoronandose,normal,poroso,parcialmente,no_visible,correctos,20_a_50,costero_marino,primeros_meses,normal,original,flecha_abajo,hueco,filtracion_activa,2
mensula,diagonal_45_75,media,cara_inferior,unica,estable,no_hay,normal,normal,no,no_visible,separados,menos_5,industrial,durante_construccion,sobrecarga,recien_desencofrada,no,diferente_zonas,seco,27
pilar,diagonal_45,grieta_separacion,base,multiples_paralelas,estable,recubrimiento_desprendido,manchas_blancas,normal,parcialmente,manchas_oxido,correctos,20_a_50,sumergido,primeros_meses,sobrecarga,original,no,hueco,seco,4
cimentacion_zapata,sin_fisura,cerrada_fina,union_otro_elemento,unica,estable,recubrimiento_desprendido,normal,normal,completamente,perdida_seccion,correctos,menos_5,industrial,anos_despues,normal,original,flecha_abajo,hueco,humedo,91
cimentacion_zapata,diagonal_45_75,media,base,multiples_distintos_planos,se_cierra_al_descender,no_hay,manchas_oxido,normal,no,no_visible,correctos,mas_50,interior,subita_reciente,normal,recien_desencofrada,desplazamiento_lateral,solido,seco,85
vigueta,diagonal_45_75,cerrada_fina,esquinas,multiples_paralelas,se_cierra_al_alejarse,no_hay,manchas_oxido,humedo_filtraciones,no,no_visible,correctos,menos_5,costero_marino,primeras_semanas,sobrecarga,original,no,diferente_zonas,humedo,77
forjado_unidireccional,diagonal_45_75,abierta,perimetro,unica,estable,no_hay,normal,normal,parcialmente,no_visible,correctos,20_a_50,costero_marino,primeros_meses,normal,original,flecha_abajo,diferente_zonas,seco,54
cimentacion_zapata,red_mapa,cerrada_fina,esquinas,ramificada,se_cierra_al_alejarse,no_hay,normal,normal,no,no_visible,separados,mas_50,sumergido,primeras_semanas,normal,original,flecha_abajo,diferente_zonas,seco,90
viga,horizontal,media,centro,multiples_paralelas,estable,no_hay,manchas_oxido,normal,completamente,manchas_oxido,correctos,5_a_20,costero_marino,anos_despues,normal,original,no,solido,seco,30
viga,vertical,media,centro,multiples_paralelas,se_cierra_al_descender,no_hay,manchas_blancas,humedo_filtraciones,parcialmente,oxidada_visible,ausentes,menos_5,sumergido,primeras_semanas,normal,original,flecha_abajo,diferente_zonas,filtracion_activa,26
tabique_cerramiento,horizontal,cerrada_fina,cara_inferior,ramificada,estable,no_hay,normal,normal,parcialmente,no_visible,correctos,mas_50,interior,primeras_semanas,sobrecarga,original,flecha_abajo,solido,seco,57
forjado_reticular,horizontal,media,base,periodica,aparecio_de_golpe,no_hay,manchas_blancas,normal,no,manchas_oxido,correctos,5_a_20,industrial,primeros_meses,sobrecarga,recien_desencofrada,no,solido,seco,49
forjado_reticular,horizontal,cerrada_fina,ambas_caras,ramificada,estable,no_hay,normal,normal,no,no_visible,correctos,menos_5,interior,durante_construccion,normal,recien_desencofrada,no,diferente_zonas,filtracion_activa,52
mensula,horizontal,cerrada_fina,esquinas,multiples_paralelas,se_cierra_al_alejarse,no_hay,manchas_oxido,normal,parcialmente,manchas_oxido,correctos,20_a_50,sumergido,primeros_meses,descarga,original,flecha_abajo,hueco,seco,30
vigueta,vertical,media,esquinas,periodica,estable,recubrimiento_desprendido,manchas_blancas,poroso,completamente,oxidada_visible,separados,mas_50,industrial,subita_reciente,normal,original,no,hueco,seco,44
viga,sin_fisura,cerrada_fina,cabeza,unica,estable,no_hay,normal,normal,parcialmente,manchas_oxido,correctos,5_a_20,sumergido,subita_reciente,normal,original,no,diferente_zonas,seco,13
pilar,horizontal,abierta,esquinas,periodica,aparecio_de_golpe,recubrimiento_desprendido,normal,poroso,parcialmente,manchas_oxido,ausentes,20_a_50,interior,subita_reciente,impacto_sismo,original,desplazamiento_lateral,diferente_zonas,seco,3
muro,diagonal_45,grieta_separacion,cabeza,periodica,estable,recubrimiento_desprendido,normal,normal,parcialmente,no_visible,ausentes,menos_5,interior,durante_construccion,normal,original,desplazamiento_lateral,diferente_zonas,seco,5
tabique_cerramiento,diagonal_45,cerrada_fina,perimetro,ramificada,se_cierra_al_alejarse,no_hay,normal,normal,no,no_visible,correctos,20_a_50,exterior_continental,anos_despues,sobrecarga,recien_desencofrada,no,solido,seco,69
forjado_unidireccional,vertical,media,cara_inferior,multiples_distintos_planos,aparecio_de_golpe,no_hay,normal,normal,no,no_visible,correctos,20_a_50,interior,anos_despues,sobrecarga,reparada,flecha_abajo,solido,seco,57
pilar,horizontal,abierta,perimetro,periodica,se_cierra_al_alejarse,no_hay,normal,normal,completamente,oxidada_visible,correctos,menos_5,interior,primeras_semanas,impacto_sismo,original,desplazamiento_lateral,hueco,seco,9
forjado_unidireccional,vertical,cerrada_fina,cara_inferior,multiples_paralelas,estable,no_hay,normal,normal,no,no_visible,separados,20_a_50,sumergido,anos_despues,sobrecarga,original,flecha_abajo,solido,seco,57
viga,diagonal_45_75,media,base,ramificada,aparecio_de_golpe,no_hay,oscurecido,normal,no,manchas_oxido,ausentes,mas_50,industrial,durante_construccion,sobrecarga,original,no,diferente_zonas,seco,20
muro,vertical,media,union_otro_elemento,unica,se_cierra_al_descender,recubrimiento_desprendido,normal,normal,no,no_visible,correctos,20_a_50,costero_marino,anos_despues,sobrecarga,original,aplastamiento,hueco,seco,95
pilar,diagonal_45_75,abierta,esquinas,unica,se_abre_con_tiempo,no_hay,normal,normal,completamente,oxidada_visible,separados,mas_50,sumergido,subita_reciente,sobrecarga,recien_desencofrada,no,hueco,humedo,1
vigueta,horizontal,media,centro,multiples_paralelas,aparecio_de_golpe,no_hay,manchas_blancas,normal,parcialmente,no_visible,correctos,5_a_20,costero_marino,primeros_meses,sobrecarga,reforzada,no,diferente_zonas,humedo,39
pilar,vertical,cerrada_fina,esquinas,unica,estable,no_hay,manchas_oxido,humedo_filtraciones,no,no_visible,correctos,5_a_20,exterior_continental,subita_reciente,descarga,original,no,solido,humedo,11
pilar,horizontal,abierta,centro,multiples_paralelas,aparecio_de_golpe,recubrimiento_desprendido,normal,poroso,completamente,no_visible,desplazados,menos_5,exterior_continental,durante_construccion,normal,recien_desencofrada,desplazamiento_lateral,solido,seco,8
tabique_cerramiento,vertical,media,cabeza,ramificada,se_abre_con_tiempo,recubrimiento_desprendido,normal,normal,no,no_visible,correctos,5_a_20,costero_marino,durante_construccion,impacto_sismo,original,no,diferente_zonas,seco,42
viga,horizontal,abierta,cabeza,unica,aparecio_de_golpe,recubrimiento_desprendido,manchas_oxido,normal,no,no_visible,correctos,menos_5,costero_marino,anos_despues,normal,reforzada,no,diferente_zonas,humedo,42
tabique_cerramiento,vertical,cerrada_fina,cabeza,unica,estable,recubrimiento_desprendido,normal,normal,parcialmente,no_visible,correctos,5_a_20,costero_marino,primeras_semanas,sobrecarga,original,no,solido,humedo,58
forjado_unidireccional,vertical,abierta,cabeza,ramificada,estable,recubrimiento_desprendido,normal,normal,no,no_visible,separados,5_a_20,industrial,primeros_meses,sobrecarga,original,no,diferente_zonas,humedo,58
pilar,sin_fisura,cerrada_fina,cabeza,unica,estable,recubrimiento_desprendido,normal,normal,parcialmente,no_visible,desplazados,menos_5,sumergido,durante_construccion,normal,recien_desencofrada,desplazamiento_lateral,diferente_zonas,seco,8
tabique_cerramiento,diagonal_45,cerrada_fina,centro,ramificada,se_cierra_al_descender,no_hay,normal,normal,no,no_visible,correctos,20_a_50,sumergido,subita_reciente,sobrecarga,original,no,solido,seco,93
forjado_unidireccional,horizontal,cerrada_fina,cabeza,multiples_distintos_planos,se_cierra_al_alejarse,no_hay,normal,normal,parcialmente,no_visible,correctos,5_a_20,industrial,primeros_meses,normal,original,no,solido,seco,69
tabique_cerramiento,diagonal_45,media,cara_inferior,periodica,estable,no_hay,manchas_oxido,normal,parcialmente,manchas_oxido,correctos,menos_5,costero_marino,primeros_meses,normal,recien_desencofrada,no,diferente_zonas,salpicadura,63
pilar,vertical,cerrada_fina,cabeza,ramificada,se_cierra_al_descender,no_hay,normal,normal,no,manchas_oxido,correctos,mas_50,interior,primeros_meses,impacto_sismo,original,desplazamiento_lateral,solido,filtracion_activa,9
mensula,red_mapa,media,base,multiples_paralelas,se_cierra_al_alejarse,perdida_seccion,normal,normal,parcialmente,no_visible,correctos,mas_50,costero_marino,anos_despues,sobrecarga,reparada,no,diferente_zonas,seco,34
viga,diagonal_45,abierta,cara_inferior,unica,se_abre_con_tiempo,recubrimiento_desprendido,normal,normal,parcialmente,manchas_oxido,ausentes,menos_5,exterior_continental,durante_construccion,sobrecarga,recien_desencofrada,giro_inclinacion,hueco,humedo,21
viga,diagonal_45_75,cerrada_fina,union_otro_elemento,ramificada,estable,no_hay,normal,normal,no,no_visible,correctos,menos_5,sumergido,primeros_meses,normal,reparada,no,solido,seco,23
voladizo,diagonal_45_75,cerrada_fina,perimetro,multiples_distintos_planos,se_cierra_al_descender,no_hay,normal,normal,no,no_visible,correctos,mas_50,sumergido,anos_despues,sobrecarga,original,no,solido,seco,66
viga,diagonal_45,abierta,esquinas,multiples_distintos_planos,se_abre_con_tiempo,no_hay,normal,normal,no,no_visible,separados,20_a_50,interior,primeras_semanas,normal,original,no,diferente_zonas,seco,31
pilar,diagonal_45,cerrada_fina,centro,multiples_paralelas,aparecio_de_golpe,no_hay,normal,normal,no,no_visible,correctos,menos_5,interior,subita_reciente,normal,recien_desencofrada,no,solido,seco,12
forjado_unidireccional,diagonal_45_75,media,centro,multiples_paralelas,se_cierra_al_alejarse,recubrimiento_desprendido,normal,poroso,no,manchas_oxido,correctos,menos_5,industrial,durante_construccion,normal,recien_desencofrada,desplazamiento_lateral,solido,filtracion_activa,50
forjado_unidireccional,horizontal,media,ambas_caras,multiples_distintos_planos,se_cierra_al_descender,no_hay,normal,normal,parcialmente,oxidada_visible,correctos,20_a_50,industrial,anos_despues,normal,original,flecha_abajo,hueco,seco,33
forjado_unidireccional,diagonal_45,grieta_separacion,perimetro,multiples_paralelas,se_cierra_al_alejarse,recubrimiento_desprendido,normal,normal,parcialmente,manchas_oxido,ausentes,5_a_20,interior,primeras_semanas,normal,original,desplazamiento_lateral,hueco,humedo,51
muro,sin_fisura,cerrada_fina,centro,unica,estable,no_hay,normal,poroso,parcialmente,no_visible,separados,menos_5,exterior_continental,durante_construccion,descarga,reforzada,no,diferente_zonas,seco,50
viga,vertical,abierta,esquinas,periodica,aparecio_de_golpe,recubrimiento_desprendido,normal,normal,completamente,oxidada_visible,separados,menos_5,exterior_continental,subita_reciente,sobrecarga,original,giro_inclinacion,diferente_zonas,seco,21
viga,red_mapa,cerrada_fina,base,periodica,se_cierra_al_alejarse,no_hay,normal,normal,no,no_visible,correctos,20_a_50,exterior_continental,durante_construccion,sobrecarga,reforzada,no,diferente_zonas,humedo,59
pilar,horizontal,abierta,esquinas,unica,se_cierra_al_descender,recubrimiento_desprendido,normal,poroso,no,no_visible,separados,5_a_20,industrial,primeras_semanas,impacto_sismo,original,flecha_abajo,hueco,seco,4
muro,diagonal_45,media,base,ramificada,se_cierra_al_alejarse,no_hay,manchas_oxido,humedo_filtraciones,no,manchas_oxido,correctos,mas_50,costero_marino,primeros_meses,normal,original,flecha_abajo,diferente_zonas,filtracion_activa,87
tabique_cerramiento,red_mapa,media,ambas_caras,periodica,se_cierra_al_alejarse,no_hay,normal,normal,no,no_visible,correctos,mas_50,costero_marino,primeras_semanas,sobrecarga,original,no,diferente_zonas,seco,62
viga,vertical,media,ambas_caras,multiples_paralelas,aparecio_de_golpe,no_hay,normal,normal,parcialmente,oxidada_visible,correctos,mas_50,exterior_continental,primeros_meses,normal,reforzada,desplazamiento_lateral,solido,humedo,32
viga,diagonal_45,cerrada_fina,cara_inferior,unica,se_cierra_al_alejarse,no_hay,manchas_oxido,normal,no,no_visible,separados,menos_5,costero_marino,durante_construccion,normal,original,no,solido,seco,27
cimentacion_zapata,sin_fisura,cerrada_fina,perimetro,unica,estable,no_hay,manchas_oxido,normal,no,no_visible,correctos,20_a_50,interior,durante_construccion,normal,original,flecha_abajo,solido,seco,93
muro,horizontal,abierta,base,periodica,se_cierra_al_alejarse,no_hay,normal,normal,no,no_visible,correctos,menos_5,exterior_continental,anos_despues,sobrecarga,reforzada,no,solido,seco,83
cimentacion_zapata,diagonal_45_75,media,base,ramificada,se_abre_con_tiempo,no_hay,normal,normal,no,no_visible,correctos,menos_5,industrial,anos_despues,normal,original,flecha_abajo,hueco,seco,86
cimentacion_zapata,diagonal_45,cerrada_fina,esquinas,ramificada,aparecio_de_golpe,recubrimiento_desprendido,normal,normal,no,no_visible,correctos,mas_50,industrial,durante_construccion,sobrecarga,reforzada,desplazamiento_lateral,hueco,seco,92
pilar,horizontal,abierta,esquinas,unica,aparecio_de_golpe,recubrimiento_desprendido,normal,normal,completamente,oxidada_visible,desplazados,mas_50,exterior_continental,durante_construccion,sobrecarga,reparada,aplastamiento,hueco,seco,1
viga,sin_fisura,cerrada_fina,union_otro_elemento,unica,estable,no_hay,normal,normal,parcialmente,oxidada_visible,correctos,20_a_50,costero_marino,durante_construccion,normal,original,giro_inclinacion,solido,seco,28
vigueta,diagonal_45,grieta_separacion,centro,multiples_distintos_planos,se_abre_con_tiempo,recubrimiento_desprendido,normal,normal,parcialmente,oxidada_visible,ausentes,5_a_20,costero_marino,subita_reciente,normal,original,no,solido,humedo,44
forjado_unidireccional,sin_fisura,cerrada_fina,ambas_caras,unica,estable,no_hay,manchas_blancas,humedo_filtraciones,no,no_visible,correctos,menos_5,sumergido,subita_reciente,sobrecarga,original,no,solido,humedo,67
cimentacion_zapata,diagonal_45_75,abierta,esquinas,multiples_distintos_planos,se_cierra_al_alejarse,no_hay,normal,poroso,parcialmente,perdida_seccion,correctos,20_a_50,interior,primeros_meses,normal,original,no,hueco,seco,90
vigueta,horizontal,media,cara_inferior,unica,estable,desmoronandose,oscurecido,poroso,parcialmente,oxidada_visible,correctos,20_a_50,sumergido,primeros_meses,sobrecarga,original,flecha_abajo,diferente_zonas,humedo,37
forjado_reticular,diagonal_45_75,grieta_separacion,esquinas,periodica,se_abre_con_tiempo,perdida_seccion,normal,normal,no,manchas_oxido,separados,mas_50,sumergido,primeros_meses,normal,original,desplazamiento_lateral,solido,seco,22
viga,diagonal_45_75,abierta,union_otro_elemento,ramificada,se_cierra_al_alejarse,no_hay,normal,normal,no,no_visible,correctos,5_a_20,costero_marino,subita_reciente,normal,reparada,no,solido,filtracion_activa,28
forjado_unidireccional,diagonal_45,cerrada_fina,cara_inferior,periodica,se_cierra_al_alejarse,no_hay,normal,normal,no,manchas_oxido,correctos,20_a_50,costero_marino,primeros_meses,descarga,original,flecha_abajo,diferente_zonas,seco,63
voladizo,horizontal,grieta_separacion,cabeza,unica,se_abre_con_tiempo,desmoronandose,normal,disgregado,parcialmente,manchas_oxido,separados,menos_5,industrial,durante_construccion,sobrecarga,reforzada,desplazamiento_lateral,hueco,seco,46
viga,horizontal,cerrada_fina,ambas_caras,multiples_distintos_planos,aparecio_de_golpe,no_hay,normal,normal,no,manchas_oxido,correctos,5_a_20,sumergido,primeras_semanas,normal,original,no,solido,humedo,62
tabique_cerramiento,diagonal_45,cerrada_fina,esquinas,unica,estable,no_hay,manchas_blancas,poroso,parcialmente,perdida_seccion,ausentes,menos_5,exterior_continental,primeros_meses,normal,reparada,flecha_abajo,solido,humedo,77
cimentacion_zapata,red_mapa,media,ambas_caras,multiples_distintos_planos,estable,no_hay,normal,normal,no,manchas_oxido,ausentes,20_a_50,exterior_continental,primeras_semanas,descarga,original,no,solido,filtracion_activa,94
tabique_cerramiento,red_mapa,cerrada_fina,esquinas,multiples_distintos_planos,se_abre_con_tiempo,no_hay,normal,poroso,no,no_visible,correctos,5_a_20,industrial,anos_despues,sobrecarga,original,no,diferente_zonas,seco,66
viga,red_mapa,cerrada_fina,cabeza,multiples_distintos_planos,se_cierra_al_alejarse,desmoronandose,manchas_oxido,disgregado,no,no_visible,correctos,20_a_50,interior,durante_construccion,sobrecarga,original,aplastamiento,diferente_zonas,humedo,58
pilar,vertical,media,perimetro,multiples_paralelas,se_abre_con_tiempo,no_hay,normal,normal,no,manchas_oxido,correctos,20_a_50,industrial,durante_construccion,sobrecarga,original,no,diferente_zonas,seco,7
tabique_cerramiento,diagonal_45_75,cerrada_fina,esquinas,ramificada,estable,no_hay,normal,normal,parcialmente,perdida_seccion,separados,menos_5,exterior_continental,primeras_semanas,descarga,original,flecha_abajo,solido,humedo,75
tabique_cerramiento,vertical,cerrada_fina,cara_inferior,periodica,se_abre_con_tiempo,no_hay,normal,normal,no,no_visible,separados,menos_5,sumergido,subita_reciente,normal,original,no,solido,filtracion_activa,76
tabique_cerramiento,horizontal,cerrada_fina,base,ramificada,estable,no_hay,oscurecido,poroso,parcialmente,no_visible,separados,20_a_50,sumergido,anos_despues,normal,original,no,solido,seco,72
muro,diagonal_45_75,media,cabeza,multiples_distintos_planos,se_cierra_al_alejarse,no_hay,manchas_blancas,normal,no,no_visible,ausentes,5_a_20,exterior_continental,subita_reciente,normal,original,no,solido,seco,90
cimentacion_zapata,red_mapa,abierta,base,multiples_distintos_planos,se_cierra_al_alejarse,no_hay,manchas_blancas,poroso,no,no_visible,correctos,menos_5,interior,subita_reciente,sobrecarga,reparada,no,diferente_zonas,salpicadura,89
pilar,vertical,grieta_separacion,ambas_caras,multiples_distintos_planos,aparecio_de_golpe,recubrimiento_desprendido,normal,normal,parcialmente,oxidada_visible,separados,menos_5,costero_marino,durante_construccion,impacto_sismo,original,no,solido,seco,3
pilar,diagonal_45,cerrada_fina,perimetro,unica,se_cierra_al_descender,no_hay,normal,poroso,no,no_visible,separados,20_a_50,exterior_continental,anos_despues,normal,original,no,diferente_zonas,humedo,12
tabique_cerramiento,red_mapa,media,perimetro,multiples_distintos_planos,aparecio_de_golpe,no_hay,manchas_oxido,humedo_filtraciones,no,no_visible,correctos,5_a_20,exterior_continental,subita_reciente,sobrecarga,original,flecha_abajo,solido,humedo,80
viga,diagonal_45,abierta,union_otro_elemento,multiples_paralelas,se_cierra_al_alejarse,perdida_seccion,oscurecido,normal,completamente,manchas_oxido,correctos,20_a_50,costero_marino,anos_despues,sobrecarga,original,flecha_abajo,hueco,salpicadura,19
voladizo,vertical,media,cara_inferior,multiples_distintos_planos,se_cierra_al_descender,no_hay,normal,humedo_filtraciones,no,no_visible,correctos,menos_5,industrial,anos_despues,sobrecarga,reparada,flecha_abajo,solido,seco,57
vigueta,horizontal,media,ambas_caras,ramificada,se_cierra_al_alejarse,no_hay,normal,humedo_filtraciones,no,manchas_oxido,correctos,20_a_50,exterior_continental,durante_construccion,normal,original,no,diferente_zonas,humedo,43
pilar,red_mapa,abierta,base,multiples_distintos_planos,se_abre_con_tiempo,perdida_seccion,manchas_blancas,normal,parcialmente,no_visible,correctos,mas_50,industrial,primeros_meses,normal,original,flecha_abajo,hueco,humedo,2
vigueta,red_mapa,cerrada_fina,cabeza,periodica,se_cierra_al_alejarse,recubrimiento_desprendido,manchas_blancas,normal,parcialmente,manchas_oxido,ausentes,menos_5,industrial,primeras_semanas,descarga,recien_desencofrada,desplazamiento_lateral,hueco,seco,41
forjado_unidireccional,diagonal_45_75,media,esquinas,multiples_distintos_planos,se_cierra_al_alejarse,no_hay,normal,normal,no,no_visible,correctos,5_a_20,exterior_continental,durante_construccion,normal,original,no,diferente_zonas,seco,62
pilar,sin_fisura,cerrada_fina,union_otro_elemento,unica,estable,desmoronandose,normal,poroso,no,no_visible,separados,menos_5,industrial,primeras_semanas,normal,original,flecha_abajo,hueco,humedo,2
viga,diagonal_45,grieta_separacion,perimetro,periodica,aparecio_de_golpe,recubrimiento_desprendido,normal,normal,completamente,manchas_oxido,correctos,20_a_50,sumergido,primeros_meses,sobrecarga,original,desplazamiento_lateral,hueco,seco,34
viga,diagonal_45_75,grieta_separacion,base,unica,aparecio_de_golpe,perdida_seccion,normal,normal,no,manchas_oxido,separados,menos_5,interior,durante_construccion,sobrecarga,recien_desencofrada,desplazamiento_lateral,hueco,humedo,21
viga,diagonal_45,cerrada_fina,union_otro_elemento,periodica,estable,no_hay,normal,disgregado,no,manchas_oxido,separados,20_a_50,interior,primeras_semanas,normal,original,no,solido,filtracion_activa,29
tabique_cerramiento,vertical,cerrada_fina,esquinas,unica,se_abre_con_tiempo,no_hay,manchas_oxido,poroso,parcialmente,no_visible,correctos,20_a_50,sumergido,subita_reciente,impacto_sismo,original,aplastamiento,solido,humedo,70
forjado_unidireccional,horizontal,abierta,cara_inferior,unica,aparecio_de_golpe,no_hay,manchas_oxido,poroso,no,manchas_oxido,correctos,menos_5,interior,primeras_semanas,normal,recien_desencofrada,flecha_abajo,solido,seco,50
pilar,diagonal_45_75,cerrada_fina,esquinas,periodica,se_cierra_al_alejarse,recubrimiento_desprendido,manchas_blancas,poroso,no,no_visible,ausentes,5_a_20,exterior_continental,anos_despues,normal,original,no,solido,seco,10
pilar,horizontal,abierta,perimetro,multiples_distintos_planos,aparecio_de_golpe,no_hay,normal,poroso,parcialmente,no_visible,correctos,20_a_50,sumergido,durante_construccion,sobrecarga,original,desplazamiento_lateral,hueco,seco,7
pilar,horizontal,abierta,cabeza,ramificada,se_cierra_al_alejarse,recubrimiento_desprendido,normal,normal,completamente,no_visible,desplazados,5_a_20,costero_marino,durante_construccion,normal,recien_desencofrada,desplazamiento_lateral,hueco,seco,5
voladizo,diagonal_45,cerrada_fina,base,periodica,se_cierra_al_descender,no_hay,normal,normal,no,manchas_oxido,correctos,mas_50,sumergido,anos_despues,normal,reforzada,no,solido,seco,47
tabique_cerramiento,red_mapa,media,cara_inferior,multiples_distintos_planos,estable,no_hay,normal,normal,no,manchas_oxido,desplazados,5_a_20,costero_marino,subita_reciente,sobrecarga,reforzada,desplazamiento_lateral,diferente_zonas,seco,74
cimentacion_zapata,vertical,media,base,ramificada,aparecio_de_golpe,perdida_seccion,normal,normal,parcialmente,no_visible,correctos,menos_5,exterior_continental,durante_construccion,descarga,original,no,diferente_zonas,humedo,85
tabique_cerramiento,diagonal_45_75,cerrada_fina,base,multiples_distintos_planos,se_cierra_al_descender,no_hay,normal,normal,no,no_visible,correctos,20_a_50,sumergido,primeras_semanas,normal,original,flecha_abajo,hueco,salpicadura,86
viga,diagonal_45,abierta,esquinas,multiples_paralelas,se_cierra_al_descender,no_hay,normal,humedo_filtraciones,no,manchas_oxido,correctos,20_a_50,costero_marino,primeros_meses,normal,original,desplazamiento_lateral,diferente_zonas,humedo,26
vigueta,vertical,media,esquinas,ramificada,se_abre_con_tiempo,recubrimiento_desprendido,normal,normal,completamente,manchas_oxido,ausentes,20_a_50,interior,subita_reciente,sobrecarga,recien_desencofrada,no,diferente_zonas,filtracion_activa,44
tabique_cerramiento,vertical,abierta,base,periodica,se_cierra_al_descender,recubrimiento_desprendido,normal,normal,parcialmente,oxidada_visible,correctos,menos_5,exterior_continental,primeras_semanas,impacto_sismo,recien_desencofrada,no,diferente_zonas,seco,41
viga,red_mapa,abierta,base,multiples_paralelas,se_cierra_al_alejarse,recubrimiento_desprendido,normal,disgregado,no,no_visible,correctos,5_a_20,costero_marino,subita_reciente,normal,original,no,hueco,humedo,29
pilar,sin_fisura,cerrada_fina,union_otro_elemento,unica,estable,desmoronandose,manchas_blancas,disgregado,parcialmente,manchas_oxido,correctos,menos_5,costero_marino,primeras_semanas,normal,recien_desencofrada,no,diferente_zonas,seco,2
pilar,diagonal_45_75,cerrada_fina,cara_inferior,unica,aparecio_de_golpe,no_hay,normal,normal,no,no_visible,correctos,menos_5,costero_marino,anos_despues,sobrecarga,original,no,solido,seco,12
pilar,red_mapa,media,cabeza,ramificada,aparecio_de_golpe,recubrimiento_desprendido,normal,normal,completamente,manchas_oxido,desplazados,5_a_20,sumergido,durante_construccion,sobrecarga,original,desplazamiento_lateral,diferente_zonas,filtracion_activa,1
vigueta,horizontal,media,cabeza,ramificada,aparecio_de_golpe,no_hay,oscurecido,humedo_filtraciones,parcialmente,oxidada_visible,correctos,mas_50,sumergido,primeros_meses,normal,original,flecha_abajo,diferente_zonas,humedo,37
voladizo,horizontal,media,base,multiples_distintos_planos,aparecio_de_golpe,perdida_seccion,normal,normal,parcialmente,manchas_oxido,correctos,20_a_50,costero_marino,primeras_semanas,normal,original,flecha_abajo,diferente_zonas,humedo,46
cimentacion_zapata,diagonal_45_75,abierta,union_otro_elemento,multiples_paralelas,aparecio_de_golpe,no_hay,normal,normal,completamente,no_visible,correctos,20_a_50,exterior_continental,primeros_meses,normal,original,no,hueco,seco,96
viga,horizontal,abierta,ambas_caras,periodica,se_abre_con_tiempo,recubrimiento_desprendido,normal,normal,parcialmente,oxidada_visible,correctos,mas_50,exterior_continental,primeras_semanas,sobrecarga,original,no,diferente_zonas,seco,19
voladizo,diagonal_45_75,abierta,centro,unica,se_cierra_al_alejarse,recubrimiento_desprendido,normal,normal,completamente,manchas_oxido,correctos,20_a_50,sumergido,durante_construccion,descarga,original,desplazamiento_lateral,diferente_zonas,seco,48
vigueta,horizontal,cerrada_fina,union_otro_elemento,multiples_distintos_planos,aparecio_de_golpe,no_hay,normal,disgregado,no,manchas_oxido,correctos,5_a_20,exterior_continental,primeras_semanas,sobrecarga,reforzada,no,solido,humedo,40
vigueta,diagonal_45_75,abierta,base,ramificada,se_cierra_al_descender,no_hay,manchas_blancas,humedo_filtraciones,parcialmente,no_visible,correctos,5_a_20,exterior_continental,primeras_semanas,normal,recien_desencofrada,no,solido,filtracion_activa,40
mensula,red_mapa,abierta,base,ramificada,se_cierra_al_descender,recubrimiento_desprendido,normal,normal,parcialmente,no_visible,correctos,menos_5,costero_marino,primeros_meses,sobrecarga,original,no,hueco,seco,34
voladizo,diagonal_45,abierta,cara_inferior,ramificada,aparecio_de_golpe,recubrimiento_desprendido,normal,normal,parcialmente,manchas_oxido,desplazados,menos_5,costero_marino,durante_construccion,sobrecarga,recien_desencofrada,giro_inclinacion,hueco,seco,21
forjado_unidireccional,red_mapa,abierta,perimetro,multiples_distintos_planos,se_abre_con_tiempo,recubrimiento_desprendido,manchas_oxido,normal,completamente,oxidada_visible,ausentes,mas_50,costero_marino,subita_reciente,normal,reparada,no,diferente_zonas,seco,53
cimentacion_zapata,horizontal,abierta,base,ramificada,se_cierra_al_descender,recubrimiento_desprendido,manchas_oxido,normal,completamente,no_visible,correctos,20_a_50,costero_marino,anos_despues,normal,original,desplazamiento_lateral,hueco,seco,91
viga,diagonal_45,abierta,cara_inferior,multiples_paralelas,se_cierra_al_descender,no_hay,normal,humedo_filtraciones,completamente,manchas_oxido,correctos,20_a_50,costero_marino,subita_reciente,normal,original,no,hueco,humedo,26
pilar,diagonal_45_75,media,cara_inferior,multiples_distintos_planos,estable,recubrimiento_desprendido,normal,disgregado,parcialmente,perdida_seccion,correctos,5_a_20,costero_marino,anos_despues,sobrecarga,original,desplazamiento_lateral,solido,salpicadura,6
viga,diagonal_45,media,ambas_caras,periodica,se_abre_con_tiempo,recubrimiento_desprendido,normal,poroso,completamente,oxidada_visible,separados,5_a_20,costero_marino,durante_construccion,sobrecarga,recien_desencofrada,desplazamiento_lateral,solido,seco,21
pilar,horizontal,abierta,esquinas,multiples_paralelas,se_cierra_al_descender,recubrimiento_desprendido,normal,normal,completamente,no_visible,ausentes,5_a_20,sumergido,durante_construccion,sobrecarga,recien_desencofrada,giro_inclinacion,diferente_zonas,seco,8
pilar,diagonal_45_75,abierta,centro,multiples_paralelas,aparecio_de_golpe,no_hay,normal,disgregado,no,manchas_oxido,correctos,menos_5,interior,durante_construccion,sobrecarga,recien_desencofrada,no,diferente_zonas,humedo,50
voladizo,diagonal_45,grieta_separacion,union_otro_elemento,ramificada,estable,perdida_seccion,normal,normal,completamente,no_visible,correctos,mas_50,exterior_continental,primeros_meses,normal,original,no,diferente_zonas,seco,48
pilar,diagonal_45_75,grieta_separacion,union_otro_elemento,periodica,aparecio_de_golpe,no_hay,normal,normal,no,no_visible,correctos,20_a_50,exterior_continental,subita_reciente,normal,original,no,hueco,seco,12
viga,diagonal_45_75,media,cara_inferior,periodica,aparecio_de_golpe,no_hay,normal,poroso,no,manchas_oxido,correctos,20_a_50,costero_marino,durante_construccion,descarga,original,no,solido,seco,64
mensula,sin_fisura,cerrada_fina,cabeza,unica,estable,recubrimiento_desprendido,normal,poroso,parcialmente,no_visible,correctos,mas_50,exterior_continental,anos_despues,sobrecarga,original,flecha_abajo,solido,seco,34
viga,diagonal_45,media,cara_inferior,multiples_distintos_planos,se_cierra_al_alejarse,no_hay,manchas_blancas,normal,completamente,manchas_oxido,correctos,menos_5,costero_marino,primeras_semanas,sobrecarga,recien_desencofrada,no,hueco,seco,15
viga,diagonal_45,grieta_separacion,cabeza,ramificada,se_cierra_al_descender,recubrimiento_desprendido,manchas_oxido,normal,completamente,manchas_oxido,separados,mas_50,costero_marino,primeros_meses,sobrecarga,recien_desencofrada,no,diferente_zonas,seco,19
vigueta,horizontal,cerrada_fina,ambas_caras,ramificada,se_cierra_al_alejarse,recubrimiento_desprendido,manchas_oxido,humedo_filtraciones,no,manchas_oxido,correctos,menos_5,sumergido,primeras_semanas,normal,recien_desencofrada,no,solido,humedo,40
viga,red_mapa,cerrada_fina,union_otro_elemento,ramificada,estable,no_hay,normal,poroso,no,no_visible,correctos,mas_50,exterior_continental,anos_despues,descarga,original,flecha_abajo,solido,seco,94
voladizo,diagonal_45,cerrada_fina,base,multiples_distintos_planos,se_cierra_al_alejarse,perdida_seccion,normal,normal,parcialmente,oxidada_visible,desplazados,mas_50,industrial,subita_reciente,normal,reforzada,flecha_abajo,hueco,seco,89
viga,horizontal,cerrada_fina,perimetro,multiples_distintos_planos,estable,recubrimiento_desprendido,normal,poroso,no,no_visible,separados,mas_50,sumergido,subita_reciente,sobrecarga,original,no,solido,seco,62
viga,vertical,cerrada_fina,centro,unica,se_abre_con_tiempo,recubrimiento_desprendido,normal,normal,no,no_visible,correctos,20_a_50,interior,anos_despues,normal,original,desplazamiento_lateral,solido,seco,60
pilar,diagonal_45_75,cerrada_fina,cabeza,multiples_paralelas,se_cierra_al_descender,recubrimiento_desprendido,normal,disgregado,no,no_visible,correctos,menos_5,costero_marino,durante_construccion,normal,original,no,solido,filtracion_activa,11
cimentacion_zapata,vertical,abierta,ambas_caras,unica,estable,no_hay,normal,poroso,no,no_visible,correctos,20_a_50,interior,primeras_semanas,normal,original,desplazamiento_lateral,diferente_zonas,humedo,82
cimentacion_zapata,vertical,abierta,base,ramificada,se_cierra_al_alejarse,recubrimiento_desprendido,normal,normal,no,manchas_oxido,ausentes,menos_5,exterior_continental,subita_reciente,normal,reparada,no,solido,seco,83
viga,vertical,cerrada_fina,centro,multiples_paralelas,estable,recubrimiento_desprendido,normal,normal,no,no_visible,correctos,mas_50,costero_marino,subita_reciente,normal,original,aplastamiento,solido,seco,60
cimentacion_zapata,diagonal_45,media,centro,multiples_distintos_planos,se_cierra_al_descender,recubrimiento_desprendido,manchas_oxido,humedo_filtraciones,no,no_visible,correctos,5_a_20,costero_marino,subita_reciente,normal,original,desplazamiento_lateral,hueco,filtracion_activa,82
pilar,vertical,abierta,union_otro_elemento,unica,aparecio_de_golpe,no_hay,normal,normal,completamente,perdida_seccion,separados,5_a_20,interior,subita_reciente,sobrecarga,original,flecha_abajo,solido,seco,7
forjado_reticular,red_mapa,media,base,unica,se_cierra_al_descender,no_hay,normal,poroso,completamente,manchas_oxido,correctos,20_a_50,industrial,subita_reciente,normal,original,desplazamiento_lateral,diferente_zonas,seco,24
tabique_cerramiento,horizontal,media,cara_inferior,multiples_distintos_planos,se_abre_con_tiempo,no_hay,normal,normal,parcialmente,manchas_oxido,correctos,20_a_50,interior,primeras_semanas,normal,original,flecha_abajo,solido,seco,57
viga,diagonal_45,grieta_separacion,base,unica,aparecio_de_golpe,desmoronandose,normal,disgregado,completamente,manchas_oxido,separados,menos_5,exterior_continental,durante_construccion,sobrecarga,recien_desencofrada,desplazamiento_lateral,solido,seco,21
viga,diagonal_45_75,media,union_otro_elemento,multiples_distintos_planos,aparecio_de_golpe,no_hay,normal,disgregado,parcialmente,manchas_oxido,correctos,5_a_20,exterior_continental,subita_reciente,impacto_sismo,original,flecha_abajo,diferente_zonas,seco,20
cimentacion_zapata,red_mapa,cerrada_fina,cabeza,ramificada,estable,no_hay,normal,poroso,no,no_visible,correctos,20_a_50,industrial,primeros_meses,descarga,original,no,solido,seco,94
vigueta,diagonal_45_75,abierta,base,unica,se_abre_con_tiempo,recubrimiento_desprendido,normal,poroso,parcialmente,no_visible,correctos,mas_50,exterior_continental,anos_despues,sobrecarga,recien_desencofrada,no,diferente_zonas,seco,34
voladizo,vertical,abierta,cara_inferior,unica,se_cierra_al_descender,desmoronandose,manchas_blancas,disgregado,parcialmente,manchas_oxido,correctos,20_a_50,exterior_continental,primeras_semanas,sobrecarga,original,flecha_abajo,hueco,salpicadura,45
pilar,horizontal,abierta,cara_inferior,unica,aparecio_de_golpe,recubrimiento_desprendido,manchas_oxido,poroso,parcialmente,manchas_oxido,correctos,mas_50,sumergido,durante_construccion,normal,recien_desencofrada,no,diferente_zonas,humedo,4
muro,horizontal,cerrada_fina,perimetro,multiples_distintos_planos,se_abre_con_tiempo,recubrimiento_desprendido,normal,normal,no,no_visible,correctos,menos_5,interior,subita_reciente,normal,recien_desencofrada,flecha_abajo,solido,seco,69
viga,horizontal,media,cabeza,multiples_paralelas,se_abre_con_tiempo,no_hay,manchas_oxido,normal,completamente,oxidada_visible,correctos,20_a_50,exterior_continental,anos_despues,normal,original,no,diferente_zonas,seco,30
pilar,diagonal_45_75,grieta_separacion,ambas_caras,ramificada,aparecio_de_golpe,recubrimiento_desprendido,manchas_oxido,poroso,parcialmente,oxidada_visible,correctos,mas_50,costero_marino,primeros_meses,normal,original,flecha_abajo,solido,salpicadura,6
viga,diagonal_45_75,cerrada_fina,base,periodica,se_cierra_al_alejarse,no_hay,manchas_oxido,humedo_filtraciones,completamente,oxidada_visible,correctos,mas_50,exterior_continental,primeras_semanas,normal,original,no,solido,humedo,29
pilar,red_mapa,grieta_separacion,esquinas,ramificada,aparecio_de_golpe,recubrimiento_desprendido,normal,normal,completamente,manchas_oxido,desplazados,20_a_50,costero_marino,subita_reciente,sobrecarga,original,flecha_abajo,hueco,seco,1
forjado_reticular,diagonal_45,grieta_separacion,base,ramificada,se_cierra_al_alejarse,perdida_seccion,oscurecido,poroso,completamente,manchas_oxido,separados,20_a_50,industrial,primeras_semanas,sobrecarga,original,desplazamiento_lateral,diferente_zonas,seco,51
viga,diagonal_45_75,media,base,multiples_distintos_planos,aparecio_de_golpe,no_hay,manchas_blancas,poroso,no,no_visible,desplazados,5_a_20,exterior_continental,durante_construccion,normal,original,no,diferente_zonas,filtracion_activa,25
cimentacion_zapata,red_mapa,media,union_otro_elemento,multiples_paralelas,se_cierra_al_alejarse,no_hay,manchas_blancas,normal,parcialmente,no_visible,separados,mas_50,costero_marino,subita_reciente,normal,recien_desencofrada,flecha_abajo,solido,seco,62
cimentacion_zapata,vertical,media,cara_inferior,ramificada,se_cierra_al_descender,no_hay,manchas_oxido,humedo_filtraciones,no,no_visible,desplazados,5_a_20,exterior_continental,subita_reciente,normal,original,no,hueco,filtracion_activa,82
viga,diagonal_45_75,media,esquinas,unica,aparecio_de_golpe,no_hay,normal,normal,no,no_visible,separados,menos_5,costero_marino,subita_reciente,normal,original,flecha_abajo,diferente_zonas,seco,31
tabique_cerramiento,sin_fisura,cerrada_fina,perimetro,unica,estable,no_hay,manchas_blancas,humedo_filtraciones,no,no_visible,correctos,mas_50,exterior_continental,subita_reciente,normal,original,no,diferente_zonas,humedo,79
vigueta,sin_fisura,cerrada_fina,perimetro,unica,estable,no_hay,manchas_oxido,humedo_filtraciones,no,no_visible,correctos,5_a_20,exterior_continental,durante_construccion,normal,recien_desencofrada,no,solido,humedo,40
forjado_unidireccional,horizontal,abierta,centro,ramificada,estable,no_hay,normal,poroso,parcialmente,oxidada_visible,correctos,menos_5,exterior_continental,durante_construccion,normal,recien_desencofrada,no,hueco,seco,50
pilar,vertical,media,cabeza,multiples_distintos_planos,se_abre_con_tiempo,no_hay,normal,normal,completamente,manchas_oxido,correctos,mas_50,exterior_continental,durante_construccion,normal,original,desplazamiento_lateral,diferente_zonas,seco,13
tabique_cerramiento,vertical,media,centro,multiples_paralelas,aparecio_de_golpe,desmoronandose,normal,poroso,no,no_visible,correctos,mas_50,costero_marino,durante_construccion,impacto_sismo,reparada,flecha_abajo,solido,seco,70
mensula,diagonal_45,cerrada_fina,base,multiples_paralelas,se_cierra_al_descender,recubrimiento_desprendido,normal,normal,parcialmente,oxidada_visible,separados,menos_5,interior,primeros_meses,impacto_sismo,original,no,hueco,humedo,35
cimentacion_zapata,diagonal_45_75,media,centro,multiples_paralelas,se_abre_con_tiempo,recubrimiento_desprendido,normal,normal,completamente,manchas_oxido,correctos,5_a_20,interior,durante_construccion,normal,reparada,no,hueco,seco,84
muro,horizontal,cerrada_fina,esquinas,unica,se_cierra_al_alejarse,no_hay,normal,normal,no,no_visible,correctos,5_a_20,interior,subita_reciente,sobrecarga,original,no,solido,seco,75
viga,diagonal_45,abierta,centro,periodica,estable,perdida_seccion,normal,normal,parcialmente,perdida_seccion,correctos,mas_50,industrial,durante_construccion,normal,reforzada,giro_inclinacion,solido,seco,18
cimentacion_zapata,vertical,media,base,ramificada,se_cierra_al_alejarse,no_hay,normal,normal,no,no_visible,separados,5_a_20,interior,durante_construccion,normal,original,desplazamiento_lateral,diferente_zonas,seco,85
forjado_unidireccional,vertical,cerrada_fina,centro,multiples_paralelas,se_abre_con_tiempo,no_hay,normal,normal,no,no_visible,correctos,menos_5,exterior_continental,durante_construccion,normal,original,no,solido,seco,71
vigueta,red_mapa,abierta,union_otro_elemento,multiples_paralelas,se_cierra_al_descender,no_hay,normal,normal,no,no_visible,separados,menos_5,exterior_continental,primeros_meses,normal,reparada,no,diferente_zonas,filtracion_activa,39
viga,sin_fisura,cerrada_fina,base,unica,estable,no_hay,normal,normal,parcialmente,no_visible,correctos,menos_5,sumergido,primeros_meses,normal,reparada,no,diferente_zonas,humedo,28
cimentacion_zapata,red_mapa,abierta,ambas_caras,ramificada,se_cierra_al_alejarse,no_hay,normal,normal,no,no_visible,correctos,mas_50,exterior_continental,anos_despues,normal,original,no,diferente_zonas,humedo,90
tabique_cerramiento,red_mapa,cerrada_fina,cabeza,periodica,se_cierra_al_alejarse,desmoronandose,normal,poroso,parcialmente,no_visible,correctos,mas_50,costero_marino,anos_despues,sobrecarga,original,aplastamiento,solido,seco,58
viga,sin_fisura,cerrada_fina,cabeza,unica,estable,no_hay,normal,normal,completamente,manchas_oxido,correctos,mas_50,sumergido,anos_despues,normal,original,no,diferente_zonas,seco,13
pilar,vertical,abierta,union_otro_elemento,unica,se_cierra_al_descender,recubrimiento_desprendido,normal,poroso,no,no_visible,separados,5_a_20,interior,durante_construccion,normal,original,flecha_abajo,solido,seco,4
forjado_reticular,diagonal_45_75,grieta_separacion,cabeza,ramificada,aparecio_de_golpe,perdida_seccion,normal,normal,no,manchas_oxido,ausentes,mas_50,exterior_continental,subita_reciente,normal,original,no,hueco,humedo,53
cimentacion_zapata,horizontal,media,union_otro_elemento,periodica,estable,no_hay,normal,normal,no,no_visible,correctos,menos_5,costero_marino,anos_despues,normal,reforzada,desplazamiento_lateral,diferente_zonas,humedo,81
pilar,horizontal,cerrada_fina,esquinas,ramificada,se_abre_con_tiempo,no_hay,normal,normal,no,manchas_oxido,separados,mas_50,exterior_continental,primeros_meses,sobrecarga,original,flecha_abajo,diferente_zonas,seco,7
forjado_reticular,red_mapa,media,cara_inferior,ramificada,se_cierra_al_alejarse,recubrimiento_desprendido,normal,humedo_filtraciones,parcialmente,no_visible,separados,menos_5,costero_marino,durante_construccion,sobrecarga,reparada,no,solido,salpicadura,55
muro,horizontal,cerrada_fina,perimetro,multiples_distintos_planos,aparecio_de_golpe,no_hay,normal,humedo_filtraciones,no,no_visible,correctos,5_a_20,sumergido,durante_construccion,normal,original,aplastamiento,solido,seco,79
viga,diagonal_45,media,union_otro_elemento,unica,se_abre_con_tiempo,no_hay,normal,normal,completamente,oxidada_visible,separados,5_a_20,exterior_continental,durante_construccion,normal,original,desplazamiento_lateral,hueco,seco,17
cimentacion_zapata,red_mapa,media,union_otro_elemento,ramificada,se_abre_con_tiempo,perdida_seccion,manchas_blancas,normal,no,no_visible,correctos,5_a_20,sumergido,durante_construccion,sobrecarga,original,flecha_abajo,solido,humedo,86
vigueta,sin_fisura,cerrada_fina,cabeza,unica,estable,desmoronandose,normal,poroso,parcialmente,oxidada_visible,separados,menos_5,industrial,durante_construccion,descarga,reforzada,flecha_abajo,diferente_zonas,seco,41
tabique_cerramiento,vertical,media,base,multiples_paralelas,aparecio_de_golpe,no_hay,normal,normal,no,manchas_oxido,correctos,menos_5,sumergido,durante_construccion,normal,original,no,solido,humedo,76
vigueta,vertical,abierta,cabeza,unica,se_abre_con_tiempo,recubrimiento_desprendido,normal,normal,no,no_visible,ausentes,20_a_50,sumergido,primeros_meses,sobrecarga,recien_desencofrada,aplastamiento,hueco,humedo,38
voladizo,horizontal,abierta,cara_inferior,unica,estable,no_hay,normal,normal,parcialmente,oxidada_visible,correctos,mas_50,exterior_continental,subita_reciente,sobrecarga,recien_desencofrada,flecha_abajo,diferente_zonas,seco,45
voladizo,diagonal_45,media,centro,multiples_paralelas,se_cierra_al_descender,recubrimiento_desprendido,normal,normal,parcialmente,no_visible,correctos,menos_5,costero_marino,subita_reciente,normal,original,desplazamiento_lateral,diferente_zonas,filtracion_activa,48
pilar,horizontal,cerrada_fina,esquinas,unica,se_abre_con_tiempo,no_hay,manchas_blancas,humedo_filtraciones,parcialmente,no_visible,correctos,5_a_20,costero_marino,subita_reciente,normal,original,no,solido,humedo,11
voladizo,vertical,cerrada_fina,centro,multiples_distintos_planos,se_abre_con_tiempo,no_hay,normal,normal,parcialmente,oxidada_visible,correctos,5_a_20,exterior_continental,subita_reciente,sobrecarga,original,flecha_abajo,diferente_zonas,seco,45
vigueta,horizontal,cerrada_fina,centro,multiples_paralelas,se_abre_con_tiempo,no_hay,manchas_blancas,humedo_filtraciones,parcialmente,perdida_seccion,correctos,menos_5,exterior_continental,primeras_semanas,sobrecarga,recien_desencofrada,no,solido,humedo,40
cimentacion_zapata,horizontal,cerrada_fina,base,unica,se_cierra_al_descender,no_hay,normal,normal,no,no_visible,correctos,5_a_20,exterior_continental,subita_reciente,sobrecarga,original,flecha_abajo,solido,seco,57
pilar,vertical,grieta_separacion,cabeza,periodica,se_abre_con_tiempo,perdida_seccion,manchas_oxido,normal,parcialmente,no_visible,separados,menos_5,exterior_continental,durante_construccion,normal,recien_desencofrada,desplazamiento_lateral,solido,seco,5
forjado_unidireccional,red_mapa,media,cabeza,multiples_distintos_planos,se_cierra_al_descender,no_hay,normal,normal,no,no_visible,separados,20_a_50,interior,anos_despues,normal,original,no,diferente_zonas,seco,68
pilar,sin_fisura,cerrada_fina,base,unica,estable,no_hay,normal,normal,parcialmente,perdida_seccion,correctos,menos_5,exterior_continental,durante_construccion,sobrecarga,original,no,solido,humedo,62
mensula,vertical,cerrada_fina,union_otro_elemento,unica,se_cierra_al_descender,no_hay,normal,normal,no,no_visible,correctos,menos_5,industrial,primeras_semanas,sobrecarga,original,no,solido,seco,36
viga,red_mapa,media,base,unica,se_cierra_al_alejarse,no_hay,normal,normal,no,no_visible,correctos,5_a_20,interior,primeras_semanas,normal,original,no,solido,seco,59
mensula,diagonal_45_75,abierta,base,multiples_distintos_planos,se_cierra_al_descender,recubrimiento_desprendido,normal,normal,parcialmente,no_visible,correctos,5_a_20,sumergido,anos_despues,sobrecarga,reparada,flecha_abajo,diferente_zonas,seco,34
vigueta,diagonal_45_75,abierta,cabeza,unica,se_cierra_al_descender,recubrimiento_desprendido,normal,poroso,parcialmente,no_visible,ausentes,menos_5,costero_marino,primeras_semanas,sobrecarga,recien_desencofrada,desplazamiento_lateral,diferente_zonas,humedo,5
pilar,vertical,grieta_separacion,esquinas,periodica,aparecio_de_golpe,recubrimiento_desprendido,normal,poroso,completamente,oxidada_visible,desplazados,mas_50,exterior_continental,subita_reciente,normal,original,no,hueco,seco,1
vigueta,red_mapa,cerrada_fina,ambas_caras,multiples_paralelas,estable,no_hay,normal,normal,no,no_visible,correctos,20_a_50,industrial,subita_reciente,normal,original,no,solido,seco,39
forjado_unidireccional,horizontal,cerrada_fina,base,unica,aparecio_de_golpe,recubrimiento_desprendido,normal,normal,completamente,no_visible,correctos,menos_5,sumergido,subita_reciente,sobrecarga,original,desplazamiento_lateral,hueco,seco,56
forjado_reticular,diagonal_45_75,abierta,ambas_caras,multiples_paralelas,estable,recubrimiento_desprendido,normal,normal,no,no_visible,correctos,5_a_20,interior,durante_construccion,normal,reparada,no,solido,seco,52
viga,vertical,cerrada_fina,esquinas,periodica,aparecio_de_golpe,no_hay,normal,poroso,completamente,no_visible,correctos,menos_5,interior,durante_construccion,normal,recien_desencofrada,desplazamiento_lateral,diferente_zonas,seco,14
muro,diagonal_45,abierta,union_otro_elemento,multiples_distintos_planos,se_cierra_al_alejarse,no_hay,manchas_blancas,normal,no,no_visible,separados,mas_50,costero_marino,primeras_semanas,normal,original,no,diferente_zonas,seco,31
viga,red_mapa,cerrada_fina,union_otro_elemento,multiples_paralelas,estable,no_hay,manchas_blancas,humedo_filtraciones,completamente,oxidada_visible,correctos,menos_5,costero_marino,anos_despues,normal,recien_desencofrada,no,hueco,humedo,26
muro,diagonal_45,abierta,cara_inferior,ramificada,estable,no_hay,normal,normal,no,no_visible,correctos,menos_5,costero_marino,durante_construccion,normal,original,no,solido,seco,93
pilar,diagonal_45,abierta,cara_inferior,ramificada,se_cierra_al_descender,recubrimiento_desprendido,manchas_oxido,poroso,completamente,manchas_oxido,separados,mas_50,costero_marino,anos_despues,normal,recien_desencofrada,no,hueco,salpicadura,6
pilar,vertical,abierta,esquinas,unica,estable,recubrimiento_desprendido,normal,normal,parcialmente,no_visible,separados,mas_50,costero_marino,durante_construccion,normal,recien_desencofrada,giro_inclinacion,solido,humedo,5
voladizo,vertical,media,cabeza,multiples_distintos_planos,estable,recubrimiento_desprendido,normal,normal,parcialmente,no_visible,correctos,20_a_50,costero_marino,primeros_meses,sobrecarga,original,aplastamiento,solido,seco,58
viga,vertical,abierta,cabeza,ramificada,estable,no_hay,normal,normal,parcialmente,manchas_oxido,correctos,20_a_50,costero_marino,subita_reciente,normal,original,flecha_abajo,solido,humedo,24
forjado_unidireccional,diagonal_45,cerrada_fina,cara_inferior,multiples_paralelas,estable,no_hay,normal,normal,no,no_visible,correctos,5_a_20,costero_marino,subita_reciente,normal,reforzada,no,solido,seco,61
muro,diagonal_45,cerrada_fina,esquinas,ramificada,estable,no_hay,manchas_blancas,humedo_filtraciones,parcialmente,no_visible,correctos,5_a_20,exterior_continental,subita_reciente,normal,reforzada,flecha_abajo,hueco,humedo,77
voladizo,diagonal_45,media,cara_inferior,ramificada,aparecio_de_golpe,recubrimiento_desprendido,normal,normal,completamente,no_visible,correctos,mas_50,industrial,anos_despues,normal,reforzada,desplazamiento_lateral,diferente_zonas,seco,48
pilar,vertical,cerrada_fina,union_otro_elemento,multiples_distintos_planos,aparecio_de_golpe,no_hay,normal,normal,no,manchas_oxido,separados,20_a_50,industrial,primeras_semanas,impacto_sismo,original,no,diferente_zonas,humedo,9
vigueta,horizontal,media,base,ramificada,se_cierra_al_descender,recubrimiento_desprendido,oscurecido,humedo_filtraciones,no,manchas_oxido,correctos,5_a_20,exterior_continental,subita_reciente,normal,reparada,no,solido,humedo,37
viga,diagonal_45_75,grieta_separacion,union_otro_elemento,ramificada,aparecio_de_golpe,perdida_seccion,normal,normal,completamente,oxidada_visible,ausentes,mas_50,industrial,subita_reciente,sobrecarga,original,giro_inclinacion,diferente_zonas,humedo,17
forjado_unidireccional,red_mapa,grieta_separacion,ambas_caras,ramificada,se_abre_con_tiempo,recubrimiento_desprendido,normal,normal,no,no_visible,desplazados,5_a_20,interior,subita_reciente,normal,reparada,no,hueco,seco,55
mensula,horizontal,cerrada_fina,centro,multiples_distintos_planos,se_cierra_al_descender,no_hay,manchas_blancas,normal,parcialmente,manchas_oxido,separados,mas_50,exterior_continental,subita_reciente,sobrecarga,original,flecha_abajo,diferente_zonas,humedo,33
voladizo,diagonal_45,media,base,multiples_paralelas,se_abre_con_tiempo,no_hay,normal,normal,parcialmente,no_visible,separados,mas_50,costero_marino,primeros_meses,sobrecarga,original,desplazamiento_lateral,diferente_zonas,humedo,85
forjado_reticular,diagonal_45_75,abierta,cabeza,ramificada,aparecio_de_golpe,recubrimiento_desprendido,normal,normal,completamente,manchas_oxido,separados,mas_50,sumergido,primeras_semanas,normal,original,no,diferente_zonas,seco,44
tabique_cerramiento,sin_fisura,cerrada_fina,ambas_caras,unica,estable,no_hay,manchas_blancas,humedo_filtraciones,no,no_visible,correctos,menos_5,exterior_continental,subita_reciente,normal,reparada,no,solido,humedo,80
voladizo,diagonal_45_75,abierta,esquinas,unica,se_cierra_al_alejarse,no_hay,normal,poroso,no,no_visible,ausentes,menos_5,industrial,primeros_meses,sobrecarga,original,no,solido,filtracion_activa,31
pilar,horizontal,abierta,cabeza,periodica,se_cierra_al_alejarse,no_hay,normal,poroso,no,manchas_oxido,correctos,20_a_50,sumergido,durante_construccion,normal,reparada,no,diferente_zonas,seco,9
vigueta,red_mapa,abierta,cabeza,periodica,aparecio_de_golpe,recubrimiento_desprendido,normal,normal,parcialmente,perdida_seccion,correctos,menos_5,sumergido,durante_construccion,normal,original,flecha_abajo,solido,seco,41
tabique_cerramiento,vertical,cerrada_fina,ambas_caras,multiples_distintos_planos,estable,no_hay,normal,normal,no,no_visible,correctos,20_a_50,costero_marino,primeras_semanas,sobrecarga,reforzada,no,solido,seco,76
forjado_unidireccional,diagonal_45_75,media,centro,unica,aparecio_de_golpe,no_hay,normal,normal,parcialmente,oxidada_visible,correctos,menos_5,industrial,durante_construccion,normal,recien_desencofrada,desplazamiento_lateral,diferente_zonas,seco,50
forjado_reticular,diagonal_45,grieta_separacion,centro,periodica,se_abre_con_tiempo,recubrimiento_desprendido,normal,normal,completamente,oxidada_visible,ausentes,mas_50,costero_marino,primeros_meses,normal,original,flecha_abajo,hueco,humedo,51
pilar,diagonal_45_75,grieta_separacion,cabeza,multiples_distintos_planos,se_abre_con_tiempo,no_hay,manchas_blancas,humedo_filtraciones,no,no_visible,ausentes,mas_50,exterior_continental,durante_construccion,sobrecarga,recien_desencofrada,no,solido,filtracion_activa,11
voladizo,red_mapa,cerrada_fina,cabeza,ramificada,se_cierra_al_alejarse,no_hay,normal,normal,no,no_visible,correctos,menos_5,interior,subita_reciente,sobrecarga,original,aplastamiento,solido,seco,58
viga,red_mapa,media,base,periodica,estable,no_hay,oscurecido,normal,no,manchas_oxido,correctos,menos_5,costero_marino,subita_reciente,sobrecarga,reparada,no,hueco,seco,32
vigueta,vertical,grieta_separacion,base,unica,se_cierra_al_alejarse,recubrimiento_desprendido,normal,normal,parcialmente,oxidada_visible,separados,5_a_20,industrial,primeras_semanas,sobrecarga,original,no,hueco,filtracion_activa,46
voladizo,vertical,cerrada_fina,union_otro_elemento,unica,estable,no_hay,normal,normal,no,no_visible,correctos,5_a_20,exterior_continental,primeras_semanas,descarga,original,no,solido,humedo,36
pilar,sin_fisura,cerrada_fina,base,unica,estable,desmoronandose,normal,disgregado,parcialmente,no_visible,correctos,menos_5,costero_marino,durante_construccion,impacto_sismo,original,no,hueco,humedo,2
muro,diagonal_45_75,abierta,base,multiples_paralelas,se_cierra_al_alejarse,no_hay,normal,normal,no,no_visible,correctos,5_a_20,interior,durante_construccion,normal,original,desplazamiento_lateral,diferente_zonas,seco,86
pilar,vertical,abierta,esquinas,periodica,estable,perdida_seccion,normal,normal,completamente,no_visible,separados,menos_5,industrial,durante_construccion,sobrecarga,recien_desencofrada,desplazamiento_lateral,solido,seco,5
vigueta,horizontal,cerrada_fina,base,multiples_paralelas,se_cierra_al_descender,no_hay,manchas_oxido,humedo_filtraciones,parcialmente,no_visible,correctos,menos_5,sumergido,anos_despues,sobrecarga,original,no,solido,humedo,40
muro,vertical,media,centro,periodica,aparecio_de_golpe,no_hay,normal,poroso,no,no_visible,correctos,20_a_50,interior,primeros_meses,sobrecarga,original,desplazamiento_lateral,diferente_zonas,seco,96
viga,vertical,cerrada_fina,cara_inferior,periodica,se_cierra_al_descender,recubrimiento_desprendido,manchas_oxido,poroso,parcialmente,perdida_seccion,correctos,mas_50,sumergido,anos_despues,normal,reparada,flecha_abajo,hueco,seco,30
vigueta,horizontal,abierta,perimetro,multiples_distintos_planos,se_cierra_al_alejarse,perdida_seccion,manchas_oxido,normal,parcialmente,manchas_oxido,correctos,5_a_20,costero_marino,primeras_semanas,normal,original,flecha_abajo,hueco,seco,46
pilar,vertical,grieta_separacion,cabeza,multiples_paralelas,se_cierra_al_descender,recubrimiento_desprendido,normal,poroso,no,no_visible,correctos,5_a_20,interior,primeros_meses,normal,original,no,diferente_zonas,seco,4
forjado_unidireccional,red_mapa,cerrada_fina,cabeza,multiples_distintos_planos,estable,no_hay,manchas_oxido,humedo_filtraciones,no,no_visible,correctos,5_a_20,sumergido,primeras_semanas,sobrecarga,original,no,solido,seco,67
cimentacion_zapata,red_mapa,abierta,cara_inferior,multiples_distintos_planos,se_cierra_al_alejarse,no_hay,normal,normal,no,no_visible,correctos,mas_50,sumergido,anos_despues,sobrecarga,original,flecha_abajo,hueco,seco,90
pilar,sin_fisura,cerrada_fina,cabeza,unica,estable,recubrimiento_desprendido,normal,normal,completamente,no_visible,separados,5_a_20,interior,durante_construccion,normal,recien_desencofrada,desplazamiento_lateral,diferente_zonas,seco,8
pilar,sin_fisura,cerrada_fina,cabeza,unica,estable,no_hay,oscurecido,normal,no,manchas_oxido,correctos,5_a_20,costero_marino,subita_reciente,sobrecarga,original,no,solido,seco,7
forjado_unidireccional,red_mapa,media,esquinas,unica,estable,no_hay,normal,normal,no,no_visible,correctos,5_a_20,exterior_continental,primeros_meses,impacto_sismo,recien_desencofrada,flecha_abajo,solido,seco,52
tabique_cerramiento,diagonal_45,cerrada_fina,union_otro_elemento,periodica,se_cierra_al_descender,no_hay,oscurecido,normal,parcialmente,manchas_oxido,correctos,5_a_20,exterior_continental,durante_construccion,normal,original,flecha_abajo,diferente_zonas,seco,78
forjado_unidireccional,diagonal_45_75,media,esquinas,multiples_paralelas,estable,perdida_seccion,normal,poroso,parcialmente,no_visible,ausentes,20_a_50,interior,durante_construccion,sobrecarga,reparada,flecha_abajo,hueco,seco,55
muro,vertical,cerrada_fina,cabeza,ramificada,se_cierra_al_alejarse,no_hay,normal,normal,no,no_visible,correctos,5_a_20,exterior_continental,anos_despues,normal,original,desplazamiento_lateral,diferente_zonas,seco,73
vigueta,diagonal_45_75,media,union_otro_elemento,periodica,se_abre_con_tiempo,no_hay,oscurecido,poroso,parcialmente,oxidada_visible,correctos,20_a_50,sumergido,primeras_semanas,normal,recien_desencofrada,flecha_abajo,hueco,humedo,37
vigueta,sin_fisura,cerrada_fina,cabeza,unica,estable,recubrimiento_desprendido,normal,normal,no,no_visible,correctos,5_a_20,industrial,durante_construccion,normal,original,aplastamiento,solido,humedo,38
pilar,vertical,abierta,cabeza,multiples_paralelas,se_abre_con_tiempo,recubrimiento_desprendido,normal,normal,parcialmente,no_visible,correctos,5_a_20,sumergido,durante_construccion,normal,reforzada,no,diferente_zonas,humedo,4
cimentacion_zapata,sin_fisura,cerrada_fina,base,unica,estable,desmoronandose,normal,poroso,no,no_visible,correctos,menos_5,exterior_continental,durante_construccion,normal,reparada,no,solido,seco,83
viga,red_mapa,media,cabeza,multiples_paralelas,se_cierra_al_descender,no_hay,normal,poroso,parcialmente,oxidada_visible,correctos,mas_50,sumergido,anos_despues,normal,original,no,diferente_zonas,seco,13
viga,diagonal_45,abierta,cabeza,periodica,aparecio_de_golpe,recubrimiento_desprendido,normal,normal,no,manchas_oxido,desplazados,menos_5,exterior_continental,primeras_semanas,sobrecarga,recien_desencofrada,desplazamiento_lateral,diferente_zonas,seco,21
tabique_cerramiento,horizontal,media,centro,multiples_distintos_planos,estable,no_hay,normal,normal,no,no_visible,ausentes,menos_5,interior,primeras_semanas,descarga,recien_desencofrada,no,solido,salpicadura,94
vigueta,sin_fisura,cerrada_fina,cabeza,unica,estable,no_hay,oscurecido,poroso,no,manchas_oxido,correctos,20_a_50,exterior_continental,subita_reciente,normal,original,desplazamiento_lateral,hueco,filtracion_activa,37
tabique_cerramiento,horizontal,media,cara_inferior,multiples_distintos_planos,estable,recubrimiento_desprendido,normal,poroso,no,manchas_oxido,correctos,menos_5,costero_marino,subita_reciente,sobrecarga,reparada,desplazamiento_lateral,hueco,seco,74
viga,sin_fisura,cerrada_fina,base,unica,estable,no_hay,manchas_oxido,normal,no,no_visible,correctos,mas_50,industrial,primeros_meses,normal,reparada,no,solido,seco,28
vigueta,horizontal,cerrada_fina,perimetro,multiples_paralelas,se_cierra_al_descender,no_hay,manchas_blancas,poroso,no,no_visible,correctos,5_a_20,exterior_continental,durante_construccion,normal,recien_desencofrada,no,solido,seco,40
tabique_cerramiento,horizontal,cerrada_fina,esquinas,periodica,estable,no_hay,normal,normal,no,no_visible,ausentes,5_a_20,exterior_continental,primeras_semanas,normal,original,no,solido,seco,73
muro,vertical,media,base,multiples_distintos_planos,aparecio_de_golpe,no_hay,normal,poroso,no,no_visible,correctos,20_a_50,exterior_continental,primeras_semanas,descarga,original,desplazamiento_lateral,diferente_zonas,filtracion_activa,85
voladizo,horizontal,abierta,base,ramificada,se_abre_con_tiempo,recubrimiento_desprendido,normal,normal,completamente,manchas_oxido,correctos,menos_5,interior,primeras_semanas,sobrecarga,original,desplazamiento_lateral,diferente_zonas,seco,46
voladizo,vertical,media,cara_inferior,unica,se_abre_con_tiempo,no_hay,normal,normal,no,manchas_oxido,correctos,menos_5,costero_marino,primeros_meses,sobrecarga,original,flecha_abajo,diferente_zonas,seco,45
pilar,horizontal,media,ambas_caras,ramificada,aparecio_de_golpe,recubrimiento_desprendido,normal,normal,no,manchas_oxido,correctos,menos_5,costero_marino,subita_reciente,sobrecarga,reparada,no,diferente_zonas,seco,7
viga,horizontal,media,base,multiples_paralelas,aparecio_de_golpe,no_hay,normal,normal,no,manchas_oxido,separados,mas_50,interior,subita_reciente,sobrecarga,original,no,solido,seco,24
viga,diagonal_45_75,media,base,periodica,se_cierra_al_descender,no_hay,manchas_oxido,humedo_filtraciones,no,no_visible,correctos,menos_5,exterior_continental,durante_construccion,sobrecarga,original,no,solido,filtracion_activa,29
pilar,red_mapa,cerrada_fina,union_otro_elemento,multiples_paralelas,se_cierra_al_descender,no_hay,normal,poroso,parcialmente,no_visible,correctos,menos_5,exterior_continental,subita_reciente,normal,reparada,no,solido,humedo,10
cimentacion_zapata,sin_fisura,cerrada_fina,ambas_caras,unica,estable,no_hay,normal,normal,no,no_visible,correctos,mas_50,sumergido,primeras_semanas,normal,recien_desencofrada,no,solido,humedo,93
muro,horizontal,abierta,cabeza,multiples_distintos_planos,estable,no_hay,normal,normal,no,no_visible,correctos,mas_50,sumergido,primeras_semanas,sobrecarga,original,no,diferente_zonas,seco,92
pilar,horizontal,cerrada_fina,cabeza,multiples_distintos_planos,aparecio_de_golpe,recubrimiento_desprendido,manchas_blancas,poroso,no,no_visible,correctos,menos_5,exterior_continental,anos_despues,normal,reparada,no,solido,humedo,11
pilar,horizontal,abierta,cabeza,ramificada,estable,no_hay,normal,normal,parcialmente,oxidada_visible,correctos,5_a_20,industrial,subita_reciente,sobrecarga,reparada,flecha_abajo,solido,seco,7
cimentacion_zapata,horizontal,media,esquinas,periodica,estable,recubrimiento_desprendido,normal,normal,no,manchas_oxido,correctos,menos_5,sumergido,subita_reciente,sobrecarga,original,no,solido,seco,33
cimentacion_zapata,diagonal_45,media,union_otro_elemento,periodica,estable,no_hay,normal,normal,no,no_visible,correctos,5_a_20,interior,primeras_semanas,normal,original,desplazamiento_lateral,diferente_zonas,seco,85
viga,vertical,media,cabeza,periodica,se_abre_con_tiempo,no_hay,normal,normal,completamente,manchas_oxido,correctos,mas_50,exterior_continental,primeros_meses,impacto_sismo,original,flecha_abajo,hueco,seco,9
voladizo,red_mapa,media,cara_inferior,multiples_distintos_planos,se_cierra_al_descender,no_hay,normal,poroso,no,no_visible,correctos,20_a_50,sumergido,primeros_meses,normal,original,no,solido,humedo,68
pilar,sin_fisura,cerrada_fina,cabeza,unica,estable,recubrimiento_desprendido,normal,humedo_filtraciones,parcialmente,manchas_oxido,desplazados,5_a_20,costero_marino,primeras_semanas,sobrecarga,original,desplazamiento_lateral,hueco,seco,8
vigueta,red_mapa,media,esquinas,ramificada,estable,no_hay,normal,poroso,no,manchas_oxido,correctos,5_a_20,interior,primeros_meses,descarga,original,giro_inclinacion,solido,humedo,43
tabique_cerramiento,horizontal,media,cara_inferior,multiples_paralelas,aparecio_de_golpe,no_hay,normal,normal,parcialmente,no_visible,correctos,mas_50,costero_marino,durante_construccion,sobrecarga,reforzada,no,diferente_zonas,seco,61
viga,diagonal_45_75,cerrada_fina,esquinas,multiples_paralelas,aparecio_de_golpe,no_hay,normal,poroso,completamente,no_visible,correctos,5_a_20,interior,durante_construccion,descarga,recien_desencofrada,no,diferente_zonas,seco,14
viga,diagonal_45,cerrada_fina,cabeza,multiples_paralelas,aparecio_de_golpe,no_hay,normal,disgregado,parcialmente,no_visible,correctos,menos_5,industrial,durante_construccion,descarga,reforzada,no,solido,seco,14
mensula,red_mapa,media,cabeza,ramificada,se_cierra_al_alejarse,no_hay,manchas_blancas,humedo_filtraciones,no,no_visible,correctos,5_a_20,sumergido,durante_construccion,sobrecarga,reparada,no,solido,filtracion_activa,67
viga,sin_fisura,cerrada_fina,ambas_caras,unica,estable,no_hay,oscurecido,poroso,no,no_visible,desplazados,menos_5,costero_marino,durante_construccion,normal,recien_desencofrada,no,solido,seco,27
voladizo,sin_fisura,cerrada_fina,cabeza,unica,estable,no_hay,normal,poroso,no,no_visible,correctos,mas_50,sumergido,primeros_meses,sobrecarga,reforzada,giro_inclinacion,diferente_zonas,humedo,62
viga,vertical,cerrada_fina,perimetro,multiples_paralelas,se_cierra_al_alejarse,no_hay,normal,normal,parcialmente,no_visible,desplazados,menos_5,costero_marino,primeras_semanas,normal,original,flecha_abajo,solido,seco,27
forjado_reticular,horizontal,abierta,cara_inferior,periodica,estable,no_hay,normal,poroso,parcialmente,manchas_oxido,correctos,menos_5,sumergido,primeras_semanas,sobrecarga,recien_desencofrada,flecha_abajo,diferente_zonas,salpicadura,50
cimentacion_zapata,diagonal_45,abierta,cabeza,multiples_distintos_planos,se_abre_con_tiempo,recubrimiento_desprendido,normal,normal,no,no_visible,separados,5_a_20,exterior_continental,primeras_semanas,normal,recien_desencofrada,flecha_abajo,hueco,seco,96
forjado_unidireccional,diagonal_45_75,abierta,cabeza,ramificada,aparecio_de_golpe,recubrimiento_desprendido,normal,normal,parcialmente,manchas_oxido,ausentes,menos_5,industrial,durante_construccion,normal,reparada,desplazamiento_lateral,diferente_zonas,seco,51
cimentacion_zapata,diagonal_45_75,cerrada_fina,union_otro_elemento,multiples_paralelas,estable,no_hay,normal,poroso,no,manchas_oxido,correctos,menos_5,sumergido,anos_despues,normal,original,no,solido,humedo,23
pilar,vertical,cerrada_fina,cabeza,periodica,se_cierra_al_descender,no_hay,manchas_oxido,humedo_filtraciones,no,no_visible,correctos,menos_5,costero_marino,anos_despues,normal,original,no,solido,humedo,11
viga,diagonal_45_75,cerrada_fina,union_otro_elemento,periodica,se_cierra_al_alejarse,no_hay,normal,poroso,no,manchas_oxido,correctos,5_a_20,industrial,durante_construccion,normal,reforzada,desplazamiento_lateral,diferente_zonas,seco,24
tabique_cerramiento,vertical,cerrada_fina,cara_inferior,ramificada,estable,no_hay,manchas_blancas,poroso,no,no_visible,correctos,menos_5,exterior_continental,anos_despues,sobrecarga,reforzada,no,solido,seco,73
voladizo,vertical,media,cara_inferior,unica,se_abre_con_tiempo,no_hay,normal,humedo_filtraciones,no,manchas_oxido,separados,menos_5,industrial,primeras_semanas,sobrecarga,recien_desencofrada,aplastamiento,hueco,seco,45
forjado_reticular,vertical,cerrada_fina,base,multiples_paralelas,se_cierra_al_alejarse,no_hay,manchas_blancas,poroso,parcialmente,no_visible,correctos,5_a_20,sumergido,anos_despues,sobrecarga,original,no,solido,humedo,29
muro,diagonal_45,grieta_separacion,cabeza,multiples_distintos_planos,estable,no_hay,normal,normal,no,no_visible,correctos,5_a_20,exterior_continental,subita_reciente,normal,original,no,solido,seco,75
viga,diagonal_45,cerrada_fina,base,multiples_paralelas,estable,recubrimiento_desprendido,normal,normal,no,no_visible,separados,menos_5,costero_marino,primeras_semanas,normal,reparada,no,solido,seco,23
pilar,sin_fisura,cerrada_fina,cara_inferior,unica,estable,desmoronandose,oscurecido,poroso,completamente,manchas_oxido,correctos,menos_5,exterior_continental,durante_construccion,normal,original,no,hueco,seco,15
muro,vertical,abierta,base,multiples_paralelas,aparecio_de_golpe,desmoronandose,normal,disgregado,completamente,manchas_oxido,correctos,20_a_50,costero_marino,durante_construccion,normal,original,flecha_abajo,hueco,seco,2
pilar,red_mapa,abierta,base,multiples_paralelas,se_abre_con_tiempo,desmoronandose,normal,disgregado,parcialmente,no_visible,correctos,mas_50,industrial,durante_construccion,normal,original,giro_inclinacion,hueco,humedo,2
forjado_unidireccional,red_mapa,grieta_separacion,union_otro_elemento,unica,se_cierra_al_descender,recubrimiento_desprendido,normal,poroso,completamente,manchas_oxido,separados,20_a_50,exterior_continental,subita_reciente,normal,original,desplazamiento_lateral,diferente_zonas,humedo,55
muro,sin_fisura,cerrada_fina,esquinas,unica,estable,no_hay,manchas_blancas,poroso,no,no_visible,correctos,mas_50,sumergido,durante_construccion,normal,original,no,solido,filtracion_activa,80
viga,diagonal_45_75,abierta,base,ramificada,se_abre_con_tiempo,no_hay,normal,normal,no,manchas_oxido,separados,mas_50,costero_marino,subita_reciente,sobrecarga,original,desplazamiento_lateral,solido,seco,20
forjado_unidireccional,vertical,cerrada_fina,ambas_caras,periodica,estable,no_hay,normal,normal,parcialmente,oxidada_visible,correctos,menos_5,costero_marino,primeras_semanas,impacto_sismo,original,no,solido,seco,70
viga,horizontal,media,cabeza,multiples_paralelas,estable,no_hay,normal,normal,no,manchas_oxido,correctos,menos_5,industrial,anos_despues,sobrecarga,original,desplazamiento_lateral,solido,humedo,16
mensula,vertical,media,base,ramificada,se_cierra_al_descender,no_hay,normal,normal,no,no_visible,correctos,5_a_20,sumergido,anos_despues,normal,original,no,solido,humedo,36
cimentacion_zapata,diagonal_45,abierta,cabeza,ramificada,aparecio_de_golpe,no_hay,normal,normal,no,manchas_oxido,correctos,20_a_50,sumergido,durante_construccion,normal,original,no,solido,seco,96
voladizo,sin_fisura,cerrada_fina,cabeza,unica,estable,recubrimiento_desprendido,normal,normal,no,no_visible,correctos,mas_50,costero_marino,primeras_semanas,sobrecarga,reforzada,aplastamiento,solido,humedo,58
muro,red_mapa,abierta,cabeza,ramificada,se_cierra_al_descender,recubrimiento_desprendido,manchas_oxido,normal,parcialmente,no_visible,separados,menos_5,sumergido,primeros_meses,normal,reparada,flecha_abajo,diferente_zonas,seco,89
viga,diagonal_45_75,abierta,ambas_caras,unica,se_abre_con_tiempo,recubrimiento_desprendido,normal,normal,no,no_visible,ausentes,mas_50,costero_marino,subita_reciente,normal,original,no,diferente_zonas,seco,22
forjado_unidireccional,horizontal,cerrada_fina,base,ramificada,se_cierra_al_descender,recubrimiento_desprendido,normal,normal,no,no_visible,correctos,menos_5,costero_marino,anos_despues,sobrecarga,reforzada,no,diferente_zonas,seco,56
forjado_unidireccional,diagonal_45,abierta,base,unica,se_cierra_al_alejarse,recubrimiento_desprendido,normal,normal,completamente,no_visible,correctos,mas_50,sumergido,durante_construccion,sobrecarga,original,no,hueco,seco,56
pilar,vertical,media,cabeza,multiples_distintos_planos,se_cierra_al_alejarse,no_hay,normal,humedo_filtraciones,no,manchas_oxido,desplazados,menos_5,exterior_continental,anos_despues,sobrecarga,original,aplastamiento,solido,seco,12
voladizo,horizontal,media,cara_inferior,ramificada,se_cierra_al_descender,no_hay,normal,normal,parcialmente,oxidada_visible,correctos,mas_50,exterior_continental,subita_reciente,sobrecarga,original,desplazamiento_lateral,diferente_zonas,seco,45
forjado_unidireccional,diagonal_45,media,ambas_caras,multiples_distintos_planos,estable,no_hay,manchas_oxido,normal,no,no_visible,separados,mas_50,sumergido,anos_despues,normal,reforzada,no,hueco,seco,54
viga,sin_fisura,cerrada_fina,cabeza,unica,estable,recubrimiento_desprendido,manchas_blancas,normal,no,manchas_oxido,correctos,menos_5,costero_marino,durante_construccion,sobrecarga,original,aplastamiento,solido,humedo,58
viga,horizontal,cerrada_fina,perimetro,multiples_distintos_planos,se_abre_con_tiempo,no_hay,manchas_oxido,humedo_filtraciones,parcialmente,no_visible,correctos,menos_5,exterior_continental,primeras_semanas,normal,original,no,solido,filtracion_activa,25
tabique_cerramiento,horizontal,grieta_separacion,cabeza,multiples_paralelas,estable,recubrimiento_desprendido,manchas_oxido,normal,no,no_visible,correctos,menos_5,exterior_continental,durante_construccion,normal,reparada,flecha_abajo,hueco,seco,4
pilar,sin_fisura,cerrada_fina,cabeza,unica,estable,recubrimiento_desprendido,manchas_oxido,poroso,parcialmente,no_visible,separados,5_a_20,interior,durante_construccion,normal,recien_desencofrada,desplazamiento_lateral,solido,humedo,8
muro,diagonal_45,media,base,periodica,se_abre_con_tiempo,recubrimiento_desprendido,normal,poroso,no,manchas_oxido,separados,20_a_50,sumergido,primeras_semanas,sobrecarga,original,no,diferente_zonas,humedo,86
vigueta,vertical,abierta,union_otro_elemento,periodica,estable,perdida_seccion,normal,poroso,parcialmente,no_visible,separados,menos_5,exterior_continental,durante_construccion,normal,recien_desencofrada,desplazamiento_lateral,hueco,seco,8
vigueta,sin_fisura,cerrada_fina,esquinas,unica,estable,recubrimiento_desprendido,normal,normal,parcialmente,oxidada_visible,correctos,menos_5,industrial,durante_construccion,normal,recien_desencofrada,no,hueco,humedo,41
cimentacion_zapata,vertical,cerrada_fina,base,ramificada,se_cierra_al_alejarse,no_hay,normal,normal,parcialmente,no_visible,separados,5_a_20,industrial,primeros_meses,normal,original,no,solido,seco,83
viga,sin_fisura,cerrada_fina,union_otro_elemento,unica,estable,no_hay,normal,normal,no,no_visible,correctos,5_a_20,exterior_continental,subita_reciente,normal,original,desplazamiento_lateral,solido,seco,66
voladizo,vertical,abierta,ambas_caras,periodica,estable,recubrimiento_desprendido,normal,normal,parcialmente,manchas_oxido,correctos,20_a_50,exterior_continental,anos_despues,normal,reforzada,no,hueco,seco,46
cimentacion_zapata,diagonal_45_75,cerrada_fina,cabeza,multiples_distintos_planos,se_cierra_al_alejarse,no_hay,normal,normal,no,no_visible,correctos,mas_50,exterior_continental,durante_construccion,normal,original,giro_inclinacion,solido,humedo,90
viga,diagonal_45_75,cerrada_fina,esquinas,multiples_paralelas,estable,no_hay,manchas_oxido,humedo_filtraciones,parcialmente,manchas_oxido,correctos,mas_50,costero_marino,anos_despues,normal,original,desplazamiento_lateral,hueco,salpicadura,26
pilar,red_mapa,abierta,union_otro_elemento,unica,se_cierra_al_descender,perdida_seccion,normal,disgregado,parcialmente,manchas_oxido,correctos,20_a_50,industrial,primeras_semanas,impacto_sismo,original,flecha_abajo,hueco,seco,2
vigueta,diagonal_45,abierta,cabeza,multiples_distintos_planos,se_cierra_al_alejarse,perdida_seccion,normal,normal,parcialmente,manchas_oxido,correctos,menos_5,costero_marino,durante_construccion,descarga,original,no,hueco,seco,41
tabique_cerramiento,sin_fisura,cerrada_fina,cabeza,unica,estable,recubrimiento_desprendido,manchas_oxido,normal,parcialmente,no_visible,correctos,menos_5,interior,primeras_semanas,normal,original,aplastamiento,diferente_zonas,seco,38
voladizo,horizontal,grieta_separacion,cara_inferior,periodica,aparecio_de_golpe,no_hay,normal,normal,parcialmente,no_visible,correctos,mas_50,sumergido,anos_despues,sobrecarga,original,flecha_abajo,solido,seco,57
viga,vertical,media,cara_inferior,multiples_paralelas,se_cierra_al_descender,no_hay,manchas_oxido,normal,parcialmente,manchas_oxido,correctos,20_a_50,industrial,anos_despues,normal,original,desplazamiento_lateral,solido,seco,30
forjado_unidireccional,diagonal_45,cerrada_fina,base,periodica,se_cierra_al_alejarse,no_hay,normal,disgregado,parcialmente,no_visible,separados,mas_50,exterior_continental,anos_despues,sobrecarga,original,no,diferente_zonas,seco,59
cimentacion_zapata,diagonal_45_75,media,ambas_caras,periodica,se_abre_con_tiempo,no_hay,normal,humedo_filtraciones,no,no_visible,separados,5_a_20,sumergido,primeros_meses,normal,original,desplazamiento_lateral,diferente_zonas,filtracion_activa,82
cimentacion_zapata,diagonal_45_75,cerrada_fina,union_otro_elemento,periodica,se_abre_con_tiempo,no_hay,manchas_blancas,disgregado,completamente,no_visible,correctos,menos_5,exterior_continental,anos_despues,normal,original,desplazamiento_lateral,solido,humedo,82
cimentacion_zapata,red_mapa,media,cabeza,ramificada,se_cierra_al_descender,no_hay,normal,normal,parcialmente,no_visible,correctos,menos_5,costero_marino,primeras_semanas,normal,original,no,solido,seco,69
pilar,diagonal_45_75,cerrada_fina,base,ramificada,se_cierra_al_descender,perdida_seccion,manchas_blancas,poroso,no,no_visible,correctos,mas_50,sumergido,primeras_semanas,normal,original,no,solido,humedo,10
pilar,sin_fisura,cerrada_fina,esquinas,unica,estable,perdida_seccion,normal,poroso,parcialmente,oxidada_visible,separados,menos_5,sumergido,subita_reciente,sobrecarga,original,desplazamiento_lateral,solido,salpicadura,1
forjado_reticular,red_mapa,media,centro,ramificada,estable,no_hay,normal,normal,parcialmente,oxidada_visible,correctos,5_a_20,costero_marino,anos_despues,descarga,original,no,diferente_zonas,humedo,63
pilar,red_mapa,abierta,cabeza,multiples_distintos_planos,estable,desmoronandose,manchas_oxido,poroso,completamente,manchas_oxido,correctos,20_a_50,costero_marino,subita_reciente,normal,reforzada,desplazamiento_lateral,solido,salpicadura,6
vigueta,horizontal,media,cara_inferior,unica,se_cierra_al_descender,no_hay,manchas_oxido,humedo_filtraciones,no,no_visible,correctos,5_a_20,exterior_continental,primeras_semanas,normal,original,no,solido,filtracion_activa,40
muro,sin_fisura,cerrada_fina,base,unica,estable,no_hay,normal,normal,parcialmente,no_visible,separados,20_a_50,exterior_continental,anos_despues,normal,reparada,no,diferente_zonas,salpicadura,91
vigueta,diagonal_45,cerrada_fina,cara_inferior,ramificada,se_abre_con_tiempo,no_hay,manchas_blancas,humedo_filtraciones,no,no_visible,correctos,mas_50,sumergido,primeras_semanas,descarga,original,no,solido,humedo,65
muro,diagonal_45,media,esquinas,ramificada,se_cierra_al_descender,no_hay,manchas_oxido,normal,parcialmente,no_visible,correctos,5_a_20,costero_marino,durante_construccion,normal,original,no,solido,humedo,93
mensula,vertical,cerrada_fina,union_otro_elemento,periodica,se_cierra_al_descender,recubrimiento_desprendido,normal,normal,no,no_visible,correctos,menos_5,sumergido,durante_construccion,normal,original,no,solido,seco,36
pilar,red_mapa,abierta,base,multiples_distintos_planos,se_cierra_al_descender,desmoronandose,normal,disgregado,parcialmente,no_visible,correctos,menos_5,industrial,primeras_semanas,normal,reforzada,no,hueco,seco,2
viga,vertical,abierta,cara_inferior,periodica,se_cierra_al_alejarse,no_hay,manchas_oxido,normal,completamente,manchas_oxido,correctos,20_a_50,exterior_continental,anos_despues,normal,original,flecha_abajo,diferente_zonas,seco,30
pilar,red_mapa,cerrada_fina,perimetro,periodica,se_cierra_al_alejarse,no_hay,manchas_blancas,disgregado,parcialmente,no_visible,correctos,menos_5,exterior_continental,primeras_semanas,normal,original,no,solido,seco,10
viga,diagonal_45,media,esquinas,periodica,se_cierra_al_descender,no_hay,normal,normal,no,no_visible,separados,menos_5,exterior_continental,subita_reciente,normal,original,desplazamiento_lateral,diferente_zonas,humedo,31
forjado_reticular,diagonal_45_75,media,ambas_caras,unica,estable,no_hay,normal,humedo_filtraciones,no,manchas_oxido,correctos,5_a_20,interior,primeras_semanas,sobrecarga,recien_desencofrada,no,diferente_zonas,seco,49
cimentacion_zapata,horizontal,abierta,union_otro_elemento,unica,se_cierra_al_alejarse,no_hay,normal,normal,no,no_visible,correctos,5_a_20,sumergido,anos_despues,sobrecarga,reforzada,no,solido,seco,81
tabique_cerramiento,red_mapa,cerrada_fina,esquinas,multiples_distintos_planos,estable,no_hay,manchas_blancas,humedo_filtraciones,no,no_visible,correctos,5_a_20,exterior_continental,primeras_semanas,sobrecarga,reparada,no,solido,seco,66
voladizo,horizontal,cerrada_fina,esquinas,periodica,aparecio_de_golpe,recubrimiento_desprendido,normal,normal,parcialmente,oxidada_visible,correctos,mas_50,industrial,subita_reciente,normal,recien_desencofrada,no,diferente_zonas,seco,46
tabique_cerramiento,red_mapa,media,union_otro_elemento,unica,se_cierra_al_alejarse,no_hay,normal,normal,no,no_visible,correctos,mas_50,interior,anos_despues,sobrecarga,original,no,hueco,seco,59
pilar,sin_fisura,cerrada_fina,perimetro,unica,estable,recubrimiento_desprendido,normal,poroso,parcialmente,no_visible,correctos,mas_50,interior,anos_despues,normal,original,no,solido,humedo,12
voladizo,sin_fisura,cerrada_fina,cabeza,unica,estable,no_hay,normal,normal,completamente,no_visible,separados,menos_5,exterior_continental,subita_reciente,impacto_sismo,recien_desencofrada,no,solido,seco,14
pilar,horizontal,media,cabeza,unica,aparecio_de_golpe,recubrimiento_desprendido,normal,normal,no,no_visible,correctos,20_a_50,interior,primeros_meses,normal,reforzada,no,hueco,seco,4
mensula,vertical,cerrada_fina,union_otro_elemento,multiples_distintos_planos,se_cierra_al_descender,no_hay,manchas_oxido,normal,no,manchas_oxido,correctos,20_a_50,interior,subita_reciente,normal,reparada,flecha_abajo,solido,seco,36
viga,red_mapa,cerrada_fina,perimetro,periodica,se_cierra_al_descender,no_hay,manchas_blancas,humedo_filtraciones,parcialmente,oxidada_visible,desplazados,menos_5,interior,primeras_semanas,normal,original,no,solido,filtracion_activa,25
viga,diagonal_45,abierta,esquinas,periodica,se_cierra_al_descender,no_hay,normal,normal,no,no_visible,separados,mas_50,sumergido,durante_construccion,normal,original,no,diferente_zonas,humedo,31
pilar,red_mapa,abierta,cabeza,unica,se_cierra_al_alejarse,recubrimiento_desprendido,normal,poroso,parcialmente,no_visible,ausentes,menos_5,costero_marino,durante_construccion,normal,original,desplazamiento_lateral,solido,seco,5
cimentacion_zapata,diagonal_45,media,cara_inferior,ramificada,se_cierra_al_descender,desmoronandose,normal,disgregado,parcialmente,perdida_seccion,correctos,5_a_20,costero_marino,anos_despues,sobrecarga,reparada,aplastamiento,diferente_zonas,seco,95
tabique_cerramiento,vertical,media,union_otro_elemento,ramificada,estable,no_hay,manchas_oxido,normal,no,manchas_oxido,correctos,menos_5,exterior_continental,primeros_meses,normal,original,no,solido,seco,71
cimentacion_zapata,diagonal_45,media,base,multiples_distintos_planos,se_cierra_al_alejarse,no_hay,normal,normal,no,no_visible,correctos,20_a_50,exterior_continental,primeros_meses,sobrecarga,original,no,hueco,seco,86
vigueta,horizontal,abierta,union_otro_elemento,unica,aparecio_de_golpe,no_hay,normal,normal,no,no_visible,correctos,mas_50,costero_marino,anos_despues,normal,recien_desencofrada,aplastamiento,diferente_zonas,seco,42
forjado_reticular,diagonal_45_75,media,centro,multiples_paralelas,se_cierra_al_descender,recubrimiento_desprendido,normal,normal,parcialmente,oxidada_visible,correctos,menos_5,costero_marino,primeras_semanas,normal,recien_desencofrada,aplastamiento,diferente_zonas,seco,50
cimentacion_zapata,diagonal_45,abierta,union_otro_elemento,unica,estable,recubrimiento_desprendido,normal,normal,parcialmente,manchas_oxido,correctos,mas_50,industrial,primeras_semanas,normal,reparada,flecha_abajo,hueco,seco,84
viga,red_mapa,abierta,cabeza,multiples_paralelas,se_abre_con_tiempo,recubrimiento_desprendido,manchas_blancas,normal,parcialmente,manchas_oxido,desplazados,mas_50,exterior_continental,subita_reciente,normal,original,desplazamiento_lateral,solido,seco,22
pilar,horizontal,cerrada_fina,cabeza,multiples_distintos_planos,aparecio_de_golpe,no_hay,manchas_blancas,humedo_filtraciones,no,manchas_oxido,correctos,20_a_50,exterior_continental,primeros_meses,sobrecarga,reforzada,flecha_abajo,solido,humedo,11
pilar,diagonal_45_75,grieta_separacion,cabeza,multiples_distintos_planos,estable,recubrimiento_desprendido,normal,poroso,completamente,no_visible,desplazados,menos_5,sumergido,durante_construccion,normal,recien_desencofrada,desplazamiento_lateral,solido,filtracion_activa,8
pilar,diagonal_45_75,abierta,cabeza,multiples_paralelas,aparecio_de_golpe,perdida_seccion,normal,poroso,completamente,no_visible,correctos,menos_5,sumergido,durante_construccion,sobrecarga,recien_desencofrada,desplazamiento_lateral,diferente_zonas,seco,5
mensula,vertical,media,cabeza,periodica,aparecio_de_golpe,no_hay,oscurecido,normal,no,no_visible,correctos,menos_5,costero_marino,durante_construccion,sobrecarga,original,no,solido,seco,42
voladizo,diagonal_45_75,grieta_separacion,centro,multiples_distintos_planos,aparecio_de_golpe,perdida_seccion,normal,poroso,no,manchas_oxido,correctos,mas_50,sumergido,primeras_semanas,normal,original,flecha_abajo,diferente_zonas,humedo,48
voladizo,diagonal_45,media,perimetro,periodica,aparecio_de_golpe,no_hay,oscurecido,normal,no,no_visible,correctos,20_a_50,exterior_continental,primeras_semanas,sobrecarga,reforzada,no,diferente_zonas,seco,88
tabique_cerramiento,vertical,abierta,perimetro,unica,se_cierra_al_descender,no_hay,normal,normal,no,manchas_oxido,correctos,menos_5,costero_marino,anos_despues,normal,original,no,diferente_zonas,seco,74
cimentacion_zapata,diagonal_45_75,cerrada_fina,union_otro_elemento,multiples_distintos_planos,se_cierra_al_alejarse,no_hay,manchas_blancas,humedo_filtraciones,no,no_visible,correctos,20_a_50,exterior_continental,durante_construccion,normal,original,desplazamiento_lateral,diferente_zonas,seco,89
cimentacion_zapata,diagonal_45,media,centro,multiples_paralelas,se_cierra_al_descender,no_hay,normal,normal,parcialmente,no_visible,separados,5_a_20,interior,primeros_meses,sobrecarga,original,flecha_abajo,diferente_zonas,seco,91
forjado_unidireccional,diagonal_45,grieta_separacion,perimetro,multiples_paralelas,se_cierra_al_descender,no_hay,normal,normal,completamente,perdida_seccion,correctos,5_a_20,industrial,durante_construccion,sobrecarga,reparada,no,solido,seco,54
tabique_cerramiento,red_mapa,cerrada_fina,perimetro,ramificada,aparecio_de_golpe,no_hay,manchas_oxido,humedo_filtraciones,no,manchas_oxido,correctos,5_a_20,exterior_continental,subita_reciente,normal,reparada,desplazamiento_lateral,diferente_zonas,humedo,80
forjado_unidireccional,horizontal,media,ambas_caras,unica,estable,no_hay,normal,normal,no,manchas_oxido,correctos,5_a_20,industrial,durante_construccion,normal,recien_desencofrada,giro_inclinacion,diferente_zonas,seco,49
pilar,diagonal_45,cerrada_fina,base,multiples_distintos_planos,se_cierra_al_alejarse,no_hay,normal,disgregado,no,no_visible,desplazados,mas_50,interior,subita_reciente,sobrecarga,original,no,diferente_zonas,seco,59
viga,diagonal_45_75,cerrada_fina,union_otro_elemento,ramificada,aparecio_de_golpe,no_hay,manchas_oxido,normal,no,no_visible,correctos,mas_50,costero_marino,primeras_semanas,sobrecarga,original,no,solido,humedo,66
muro,diagonal_45_75,media,cabeza,multiples_distintos_planos,aparecio_de_golpe,no_hay,manchas_oxido,poroso,no,manchas_oxido,correctos,mas_50,exterior_continental,durante_construccion,normal,original,flecha_abajo,solido,filtracion_activa,92
forjado_reticular,diagonal_45,grieta_separacion,ambas_caras,periodica,estable,perdida_seccion,normal,normal,parcialmente,oxidada_visible,ausentes,20_a_50,industrial,durante_construccion,normal,original,no,hueco,humedo,51
forjado_unidireccional,red_mapa,cerrada_fina,cara_inferior,ramificada,estable,no_hay,manchas_oxido,normal,no,no_visible,correctos,5_a_20,costero_marino,anos_despues,sobrecarga,reparada,no,solido,seco,68
muro,diagonal_45,grieta_separacion,esquinas,periodica,se_abre_con_tiempo,perdida_seccion,normal,normal,no,manchas_oxido,correctos,5_a_20,costero_marino,primeros_meses,normal,original,desplazamiento_lateral,diferente_zonas,seco,84
forjado_unidireccional,red_mapa,media,perimetro,multiples_distintos_planos,estable,no_hay,manchas_blancas,normal,no,no_visible,correctos,menos_5,exterior_continental,primeros_meses,normal,original,no,diferente_zonas,seco,54
pilar,vertical,media,esquinas,ramificada,se_cierra_al_alejarse,desmoronandose,normal,disgregado,completamente,no_visible,ausentes,menos_5,interior,durante_construccion,impacto_sismo,recien_desencofrada,desplazamiento_lateral,hueco,seco,5
pilar,diagonal_45,cerrada_fina,cabeza,multiples_distintos_planos,se_cierra_al_descender,recubrimiento_desprendido,normal,normal,no,no_visible,correctos,20_a_50,interior,durante_construccion,normal,reparada,no,solido,seco,12
vigueta,sin_fisura,cerrada_fina,base,unica,estable,no_hay,normal,poroso,completamente,perdida_seccion,correctos,mas_50,exterior_continental,primeras_semanas,normal,reforzada,aplastamiento,hueco,humedo,38
tabique_cerramiento,sin_fisura,cerrada_fina,esquinas,unica,estable,no_hay,normal,poroso,no,no_visible,correctos,5_a_20,interior,durante_construccion,normal,original,no,solido,seco,61
vigueta,red_mapa,cerrada_fina,base,ramificada,se_abre_con_tiempo,no_hay,normal,humedo_filtraciones,no,no_visible,separados,menos_5,exterior_continental,subita_reciente,normal,original,no,solido,humedo,65
viga,diagonal_45_75,abierta,base,periodica,estable,no_hay,manchas_blancas,humedo_filtraciones,parcialmente,manchas_oxido,correctos,menos_5,costero_marino,anos_despues,normal,original,no,hueco,salpicadura,26
pilar,sin_fisura,cerrada_fina,esquinas,unica,estable,recubrimiento_desprendido,normal,normal,completamente,manchas_oxido,desplazados,20_a_50,costero_marino,subita_reciente,sobrecarga,original,desplazamiento_lateral,diferente_zonas,seco,1
viga,horizontal,media,cara_inferior,multiples_paralelas,se_cierra_al_alejarse,no_hay,manchas_oxido,normal,completamente,perdida_seccion,correctos,menos_5,industrial,primeros_meses,normal,original,no,diferente_zonas,seco,30
muro,diagonal_45,cerrada_fina,centro,ramificada,se_cierra_al_alejarse,desmoronandose,normal,poroso,no,no_visible,correctos,menos_5,exterior_continental,primeros_meses,normal,original,no,solido,seco,78
voladizo,sin_fisura,cerrada_fina,cara_inferior,unica,estable,no_hay,normal,normal,no,manchas_oxido,correctos,menos_5,costero_marino,durante_construccion,sobrecarga,recien_desencofrada,no,diferente_zonas,humedo,52
viga,diagonal_45_75,abierta,base,multiples_paralelas,aparecio_de_golpe,perdida_seccion,normal,normal,parcialmente,oxidada_visible,desplazados,mas_50,exterior_continental,subita_reciente,sobrecarga,reparada,giro_inclinacion,solido,seco,17
tabique_cerramiento,diagonal_45_75,media,base,periodica,estable,no_hay,normal,normal,no,no_visible,correctos,5_a_20,industrial,primeros_meses,normal,original,no,diferente_zonas,seco,88
cimentacion_zapata,red_mapa,media,base,ramificada,aparecio_de_golpe,no_hay,manchas_blancas,humedo_filtraciones,parcialmente,no_visible,correctos,20_a_50,exterior_continental,anos_despues,sobrecarga,original,no,hueco,humedo,87
muro,red_mapa,cerrada_fina,union_otro_elemento,multiples_distintos_planos,se_abre_con_tiempo,recubrimiento_desprendido,normal,normal,completamente,no_visible,separados,5_a_20,costero_marino,primeras_semanas,descarga,reforzada,aplastamiento,solido,seco,94
vigueta,diagonal_45,media,perimetro,multiples_distintos_planos,aparecio_de_golpe,no_hay,oscurecido,normal,no,no_visible,separados,20_a_50,sumergido,anos_despues,normal,reparada,no,solido,seco,39
forjado_unidireccional,horizontal,cerrada_fina,cara_inferior,multiples_distintos_planos,aparecio_de_golpe,no_hay,normal,poroso,no,no_visible,correctos,mas_50,exterior_continental,primeros_meses,normal,original,no,solido,humedo,72
forjado_reticular,horizontal,media,cabeza,multiples_paralelas,se_cierra_al_descender,no_hay,normal,poroso,parcialmente,manchas_oxido,separados,menos_5,costero_marino,primeras_semanas,normal,original,flecha_abajo,hueco,salpicadura,84
viga,diagonal_45,grieta_separacion,centro,multiples_distintos_planos,se_cierra_al_alejarse,recubrimiento_desprendido,normal,normal,no,manchas_oxido,correctos,mas_50,costero_marino,primeros_meses,sobrecarga,reforzada,desplazamiento_lateral,solido,seco,19
viga,diagonal_45,grieta_separacion,cabeza,multiples_distintos_planos,aparecio_de_golpe,recubrimiento_desprendido,normal,humedo_filtraciones,no,manchas_oxido,ausentes,mas_50,costero_marino,subita_reciente,sobrecarga,reparada,desplazamiento_lateral,solido,seco,17
vigueta,horizontal,cerrada_fina,union_otro_elemento,multiples_distintos_planos,aparecio_de_golpe,no_hay,manchas_oxido,humedo_filtraciones,no,manchas_oxido,correctos,menos_5,exterior_continental,durante_construccion,sobrecarga,original,no,hueco,humedo,40
forjado_unidireccional,diagonal_45_75,media,centro,periodica,se_abre_con_tiempo,no_hay,normal,normal,no,manchas_oxido,correctos,menos_5,costero_marino,primeras_semanas,normal,original,no,diferente_zonas,seco,64
pilar,horizontal,abierta,cara_inferior,multiples_paralelas,estable,no_hay,manchas_oxido,humedo_filtraciones,no,manchas_oxido,correctos,menos_5,costero_marino,subita_reciente,sobrecarga,recien_desencofrada,flecha_abajo,hueco,salpicadura,26
pilar,vertical,media,cabeza,multiples_distintos_planos,se_abre_con_tiempo,no_hay,manchas_oxido,humedo_filtraciones,no,no_visible,correctos,menos_5,exterior_continental,primeros_meses,sobrecarga,original,no,solido,humedo,11
forjado_unidireccional,diagonal_45,abierta,centro,unica,se_cierra_al_descender,recubrimiento_desprendido,normal,normal,parcialmente,no_visible,separados,mas_50,costero_marino,subita_reciente,normal,recien_desencofrada,no,hueco,seco,51
forjado_reticular,diagonal_45_75,abierta,centro,periodica,estable,perdida_seccion,manchas_blancas,normal,parcialmente,manchas_oxido,desplazados,menos_5,sumergido,primeros_meses,descarga,reparada,no,hueco,humedo,55
cimentacion_zapata,diagonal_45,cerrada_fina,perimetro,ramificada,se_cierra_al_descender,desmoronandose,normal,poroso,no,no_visible,ausentes,mas_50,costero_marino,durante_construccion,impacto_sismo,reparada,flecha_abajo,solido,seco,93
forjado_unidireccional,horizontal,cerrada_fina,ambas_caras,ramificada,aparecio_de_golpe,no_hay,normal,normal,no,no_visible,separados,menos_5,costero_marino,primeros_meses,sobrecarga,original,flecha_abajo,solido,seco,70
viga,red_mapa,grieta_separacion,cabeza,periodica,aparecio_de_golpe,perdida_seccion,normal,poroso,no,manchas_oxido,desplazados,5_a_20,sumergido,subita_reciente,normal,original,desplazamiento_lateral,solido,seco,22
muro,diagonal_45,media,base,unica,estable,no_hay,manchas_blancas,humedo_filtraciones,no,manchas_oxido,correctos,5_a_20,exterior_continental,durante_construccion,normal,original,desplazamiento_lateral,hueco,humedo,82
tabique_cerramiento,vertical,cerrada_fina,esquinas,unica,estable,no_hay,oscurecido,normal,no,no_visible,separados,5_a_20,exterior_continental,primeros_meses,sobrecarga,original,no,solido,humedo,73
cimentacion_zapata,diagonal_45,abierta,cara_inferior,unica,se_cierra_al_descender,desmoronandose,normal,disgregado,completamente,no_visible,correctos,mas_50,exterior_continental,primeros_meses,normal,original,flecha_abajo,diferente_zonas,humedo,96
forjado_unidireccional,diagonal_45,abierta,cara_inferior,periodica,se_abre_con_tiempo,no_hay,normal,normal,parcialmente,oxidada_visible,correctos,menos_5,exterior_continental,primeras_semanas,descarga,recien_desencofrada,no,hueco,seco,50
mensula,vertical,abierta,base,ramificada,se_cierra_al_descender,no_hay,oscurecido,normal,parcialmente,no_visible,separados,mas_50,costero_marino,primeros_meses,sobrecarga,original,flecha_abajo,solido,seco,36
vigueta,vertical,abierta,cabeza,unica,se_abre_con_tiempo,no_hay,oscurecido,humedo_filtraciones,parcialmente,manchas_oxido,correctos,20_a_50,costero_marino,primeros_meses,normal,original,no,hueco,humedo,37
viga,vertical,media,centro,multiples_paralelas,estable,no_hay,oscurecido,normal,parcialmente,oxidada_visible,separados,5_a_20,costero_marino,anos_despues,normal,original,no,solido,seco,30
vigueta,diagonal_45_75,cerrada_fina,ambas_caras,periodica,se_cierra_al_descender,no_hay,manchas_blancas,humedo_filtraciones,no,no_visible,correctos,mas_50,interior,primeras_semanas,normal,original,no,solido,filtracion_activa,39
muro,red_mapa,cerrada_fina,base,ramificada,estable,no_hay,manchas_oxido,poroso,no,no_visible,correctos,menos_5,sumergido,subita_reciente,normal,original,desplazamiento_lateral,solido,humedo,87
pilar,vertical,abierta,ambas_caras,multiples_paralelas,aparecio_de_golpe,recubrimiento_desprendido,normal,normal,no,manchas_oxido,separados,20_a_50,costero_marino,anos_despues,sobrecarga,original,desplazamiento_lateral,hueco,seco,3
pilar,horizontal,media,cabeza,periodica,aparecio_de_golpe,no_hay,normal,normal,parcialmente,oxidada_visible,correctos,5_a_20,interior,subita_reciente,normal,original,desplazamiento_lateral,diferente_zonas,seco,7
pilar,red_mapa,abierta,cabeza,unica,se_cierra_al_descender,recubrimiento_desprendido,normal,normal,completamente,no_visible,desplazados,menos_5,industrial,durante_construccion,normal,recien_desencofrada,giro_inclinacion,diferente_zonas,seco,8
viga,diagonal_45,media,esquinas,ramificada,se_cierra_al_alejarse,no_hay,normal,poroso,parcialmente,no_visible,separados,menos_5,exterior_continental,primeros_meses,normal,original,flecha_abajo,diferente_zonas,seco,31
cimentacion_zapata,diagonal_45_75,media,union_otro_elemento,unica,se_cierra_al_alejarse,no_hay,normal,normal,no,no_visible,separados,20_a_50,interior,anos_despues,normal,original,flecha_abajo,diferente_zonas,seco,90
mensula,diagonal_45,cerrada_fina,union_otro_elemento,ramificada,se_cierra_al_descender,no_hay,normal,normal,no,no_visible,correctos,menos_5,industrial,primeras_semanas,normal,original,no,solido,seco,93
vigueta,sin_fisura,cerrada_fina,centro,unica,estable,no_hay,normal,normal,no,no_visible,correctos,20_a_50,industrial,primeras_semanas,normal,original,no,solido,seco,39
viga,diagonal_45_75,cerrada_fina,cara_inferior,ramificada,estable,recubrimiento_desprendido,normal,normal,parcialmente,no_visible,correctos,5_a_20,costero_marino,anos_despues,sobrecarga,reparada,no,diferente_zonas,seco,68
mensula,vertical,media,union_otro_elemento,unica,se_cierra_al_descender,recubrimiento_desprendido,normal,normal,no,manchas_oxido,ausentes,menos_5,interior,anos_despues,normal,original,no,solido,seco,36
muro,red_mapa,cerrada_fina,centro,ramificada,se_cierra_al_alejarse,no_hay,normal,poroso,no,no_visible,correctos,20_a_50,costero_marino,durante_construccion,sobrecarga,original,no,solido,humedo,69
viga,diagonal_45,abierta,esquinas,multiples_paralelas,se_cierra_al_alejarse,desmoronandose,normal,poroso,completamente,manchas_oxido,correctos,menos_5,industrial,primeras_semanas,normal,recien_desencofrada,flecha_abajo,diferente_zonas,seco,18
mensula,diagonal_45,abierta,cara_inferior,multiples_paralelas,estable,recubrimiento_desprendido,normal,normal,completamente,oxidada_visible,correctos,mas_50,sumergido,durante_construccion,normal,original,flecha_abajo,diferente_zonas,seco,35
viga,diagonal_45_75,media,base,ramificada,se_abre_con_tiempo,no_hay,oscurecido,normal,completamente,oxidada_visible,separados,5_a_20,costero_marino,subita_reciente,sobrecarga,original,no,diferente_zonas,humedo,20
viga,horizontal,media,base,ramificada,aparecio_de_golpe,no_hay,normal,humedo_filtraciones,parcialmente,oxidada_visible,separados,20_a_50,costero_marino,anos_despues,normal,recien_desencofrada,no,diferente_zonas,humedo,43
viga,red_mapa,media,esquinas,multiples_paralelas,se_cierra_al_alejarse,no_hay,normal,poroso,no,manchas_oxido,correctos,mas_50,industrial,primeros_meses,descarga,original,no,diferente_zonas,seco,32
cimentacion_zapata,diagonal_45,abierta,union_otro_elemento,multiples_distintos_planos,estable,no_hay,manchas_blancas,poroso,no,no_visible,correctos,5_a_20,sumergido,subita_reciente,normal,original,no,solido,seco,89
vigueta,vertical,abierta,ambas_caras,unica,aparecio_de_golpe,perdida_seccion,manchas_oxido,poroso,no,manchas_oxido,separados,menos_5,sumergido,durante_construccion,sobrecarga,original,flecha_abajo,diferente_zonas,humedo,44
cimentacion_zapata,red_mapa,abierta,cara_inferior,periodica,se_cierra_al_descender,no_hay,manchas_blancas,poroso,parcialmente,manchas_oxido,correctos,menos_5,exterior_continental,anos_despues,sobrecarga,recien_desencofrada,desplazamiento_lateral,diferente_zonas,humedo,15
voladizo,diagonal_45,cerrada_fina,union_otro_elemento,multiples_distintos_planos,se_abre_con_tiempo,no_hay,manchas_blancas,humedo_filtraciones,no,no_visible,correctos,menos_5,sumergido,durante_construccion,sobrecarga,original,no,solido,filtracion_activa,67
forjado_reticular,diagonal_45_75,abierta,perimetro,ramificada,aparecio_de_golpe,recubrimiento_desprendido,normal,poroso,parcialmente,manchas_oxido,separados,20_a_50,costero_marino,subita_reciente,normal,original,no,hueco,humedo,53
pilar,sin_fisura,cerrada_fina,cabeza,unica,estable,no_hay,normal,humedo_filtraciones,no,manchas_oxido,correctos,mas_50,costero_marino,durante_construccion,normal,original,no,solido,humedo,11
cimentacion_zapata,diagonal_45,media,union_otro_elemento,ramificada,aparecio_de_golpe,perdida_seccion,normal,normal,completamente,manchas_oxido,correctos,5_a_20,costero_marino,durante_construccion,normal,original,no,hueco,seco,84
forjado_reticular,horizontal,media,cara_inferior,multiples_distintos_planos,aparecio_de_golpe,no_hay,normal,normal,parcialmente,manchas_oxido,correctos,menos_5,sumergido,durante_construccion,normal,recien_desencofrada,no,hueco,seco,50
tabique_cerramiento,diagonal_45_75,media,cara_inferior,unica,se_cierra_al_alejarse,no_hay,normal,normal,no,no_visible,correctos,menos_5,costero_marino,primeros_meses,normal,original,no,solido,seco,78
muro,horizontal,media,cabeza,periodica,se_abre_con_tiempo,no_hay,manchas_oxido,poroso,parcialmente,no_visible,desplazados,20_a_50,industrial,anos_despues,impacto_sismo,original,no,solido,seco,70
mensula,horizontal,media,cara_inferior,periodica,se_cierra_al_descender,no_hay,normal,poroso,completamente,oxidada_visible,correctos,20_a_50,sumergido,primeros_meses,sobrecarga,original,desplazamiento_lateral,diferente_zonas,seco,33
forjado_unidireccional,horizontal,abierta,base,multiples_paralelas,se_cierra_al_alejarse,recubrimiento_desprendido,manchas_oxido,normal,no,no_visible,correctos,20_a_50,costero_marino,subita_reciente,sobrecarga,reparada,flecha_abajo,hueco,seco,56
pilar,horizontal,abierta,esquinas,multiples_paralelas,se_cierra_al_descender,recubrimiento_desprendido,normal,normal,parcialmente,no_visible,correctos,menos_5,exterior_continental,anos_despues,normal,reparada,desplazamiento_lateral,diferente_zonas,humedo,4
viga,diagonal_45_75,abierta,centro,unica,aparecio_de_golpe,recubrimiento_desprendido,oscurecido,normal,completamente,manchas_oxido,separados,20_a_50,sumergido,primeras_semanas,normal,recien_desencofrada,giro_inclinacion,solido,seco,21
viga,sin_fisura,cerrada_fina,esquinas,unica,estable,no_hay,manchas_blancas,humedo_filtraciones,parcialmente,no_visible,correctos,20_a_50,costero_marino,durante_construccion,sobrecarga,original,no,solido,filtracion_activa,67
forjado_reticular,horizontal,media,union_otro_elemento,multiples_paralelas,aparecio_de_golpe,no_hay,oscurecido,humedo_filtraciones,no,manchas_oxido,correctos,5_a_20,costero_marino,primeros_meses,sobrecarga,original,desplazamiento_lateral,hueco,humedo,37
pilar,horizontal,grieta_separacion,ambas_caras,ramificada,aparecio_de_golpe,perdida_seccion,normal,normal,completamente,oxidada_visible,separados,20_a_50,industrial,subita_reciente,impacto_sismo,original,desplazamiento_lateral,diferente_zonas,seco,3
forjado_unidireccional,vertical,cerrada_fina,cara_inferior,unica,aparecio_de_golpe,no_hay,oscurecido,poroso,no,no_visible,correctos,20_a_50,sumergido,durante_construccion,sobrecarga,original,flecha_abajo,solido,humedo,57
forjado_reticular,diagonal_45_75,grieta_separacion,perimetro,multiples_distintos_planos,se_cierra_al_alejarse,recubrimiento_desprendido,manchas_oxido,humedo_filtraciones,parcialmente,oxidada_visible,desplazados,20_a_50,costero_marino,anos_despues,sobrecarga,original,desplazamiento_lateral,solido,humedo,6
forjado_reticular,sin_fisura,cerrada_fina,union_otro_elemento,unica,estable,no_hay,normal,normal,parcialmente,oxidada_visible,correctos,5_a_20,exterior_continental,subita_reciente,normal,original,no,diferente_zonas,seco,32
voladizo,red_mapa,abierta,base,multiples_paralelas,se_cierra_al_alejarse,no_hay,oscurecido,poroso,no,no_visible,separados,5_a_20,sumergido,primeras_semanas,normal,original,no,hueco,humedo,81
vigueta,diagonal_45_75,cerrada_fina,esquinas,multiples_paralelas,estable,no_hay,normal,normal,no,no_visible,correctos,menos_5,costero_marino,anos_despues,normal,reparada,no,solido,humedo,75
voladizo,red_mapa,media,union_otro_elemento,multiples_paralelas,se_cierra_al_alejarse,no_hay,manchas_oxido,normal,parcialmente,no_visible,correctos,5_a_20,industrial,subita_reciente,normal,original,flecha_abajo,solido,seco,47
vigueta,red_mapa,media,cabeza,periodica,se_abre_con_tiempo,recubrimiento_desprendido,normal,disgregado,no,no_visible,correctos,20_a_50,interior,primeras_semanas,normal,original,aplastamiento,diferente_zonas,seco,38
cimentacion_zapata,diagonal_45_75,media,base,multiples_paralelas,aparecio_de_golpe,no_hay,oscurecido,poroso,no,no_visible,correctos,5_a_20,costero_marino,durante_construccion,normal,original,flecha_abajo,solido,salpicadura,86
cimentacion_zapata,horizontal,abierta,cara_inferior,periodica,se_cierra_al_descender,recubrimiento_desprendido,manchas_blancas,normal,no,no_visible,separados,5_a_20,costero_marino,primeras_semanas,normal,original,no,solido,humedo,61
voladizo,diagonal_45,media,base,ramificada,aparecio_de_golpe,no_hay,normal,normal,parcialmente,oxidada_visible,desplazados,20_a_50,sumergido,subita_reciente,sobrecarga,original,flecha_abajo,diferente_zonas,seco,20
vigueta,red_mapa,media,esquinas,periodica,aparecio_de_golpe,recubrimiento_desprendido,normal,normal,no,no_visible,separados,20_a_50,interior,primeros_meses,normal,recien_desencofrada,aplastamiento,hueco,seco,38
pilar,vertical,media,cabeza,unica,estable,no_hay,manchas_blancas,normal,parcialmente,oxidada_visible,correctos,mas_50,industrial,anos_despues,normal,original,flecha_abajo,diferente_zonas,seco,9
cimentacion_zapata,vertical,media,cabeza,multiples_paralelas,se_cierra_al_descender,no_hay,normal,poroso,no,no_visible,correctos,5_a_20,sumergido,primeros_meses,normal,original,no,solido,seco,92
viga,horizontal,media,cara_inferior,periodica,se_cierra_al_descender,no_hay,normal,normal,parcialmente,oxidada_visible,correctos,20_a_50,industrial,primeros_meses,sobrecarga,reforzada,flecha_abajo,hueco,humedo,45
cimentacion_zapata,diagonal_45_75,media,centro,multiples_distintos_planos,se_cierra_al_alejarse,no_hay,manchas_blancas,poroso,no,manchas_oxido,correctos,20_a_50,sumergido,durante_construccion,normal,recien_desencofrada,desplazamiento_lateral,solido,seco,90
forjado_reticular,sin_fisura,cerrada_fina,centro,unica,estable,no_hay,manchas_oxido,disgregado,parcialmente,no_visible,separados,menos_5,costero_marino,durante_construccion,normal,recien_desencofrada,no,diferente_zonas,humedo,25
muro,red_mapa,media,base,periodica,se_cierra_al_alejarse,no_hay,normal,normal,parcialmente,perdida_seccion,correctos,5_a_20,interior,primeros_meses,sobrecarga,original,desplazamiento_lateral,hueco,seco,81
viga,horizontal,abierta,cara_inferior,multiples_paralelas,se_cierra_al_alejarse,recubrimiento_desprendido,manchas_oxido,normal,completamente,manchas_oxido,separados,20_a_50,sumergido,anos_despues,normal,original,no,diferente_zonas,seco,30
voladizo,diagonal_45,cerrada_fina,base,unica,aparecio_de_golpe,no_hay,normal,normal,no,no_visible,correctos,20_a_50,interior,primeros_meses,normal,original,no,solido,seco,47
forjado_unidireccional,red_mapa,cerrada_fina,cabeza,multiples_distintos_planos,se_cierra_al_descender,no_hay,oscurecido,normal,no,no_visible,separados,menos_5,costero_marino,anos_despues,normal,reforzada,no,solido,seco,69
muro,diagonal_45,abierta,ambas_caras,ramificada,se_cierra_al_descender,no_hay,normal,normal,parcialmente,manchas_oxido,correctos,5_a_20,exterior_continental,primeras_semanas,sobrecarga,original,giro_inclinacion,solido,seco,93
voladizo,horizontal,cerrada_fina,perimetro,periodica,aparecio_de_golpe,no_hay,normal,normal,parcialmente,no_visible,correctos,5_a_20,interior,primeros_meses,impacto_sismo,original,no,solido,salpicadura,70
viga,horizontal,abierta,centro,periodica,se_abre_con_tiempo,no_hay,manchas_oxido,normal,parcialmente,perdida_seccion,correctos,20_a_50,industrial,anos_despues,normal,original,flecha_abajo,diferente_zonas,seco,30
viga,horizontal,media,union_otro_elemento,multiples_distintos_planos,se_abre_con_tiempo,no_hay,manchas_blancas,disgregado,no,no_visible,correctos,menos_5,sumergido,subita_reciente,sobrecarga,original,no,solido,humedo,67
voladizo,vertical,media,union_otro_elemento,unica,aparecio_de_golpe,recubrimiento_desprendido,normal,poroso,parcialmente,no_visible,correctos,5_a_20,exterior_continental,anos_despues,normal,recien_desencofrada,aplastamiento,solido,seco,47
tabique_cerramiento,diagonal_45_75,cerrada_fina,esquinas,multiples_distintos_planos,se_abre_con_tiempo,recubrimiento_desprendido,normal,normal,no,manchas_oxido,correctos,20_a_50,costero_marino,anos_despues,impacto_sismo,original,flecha_abajo,solido,seco,72
forjado_unidireccional,diagonal_45_75,media,ambas_caras,multiples_paralelas,estable,no_hay,manchas_blancas,normal,no,manchas_oxido,separados,menos_5,industrial,durante_construccion,normal,recien_desencofrada,desplazamiento_lateral,diferente_zonas,seco,49
pilar,red_mapa,cerrada_fina,cabeza,multiples_paralelas,aparecio_de_golpe,no_hay,oscurecido,normal,completamente,no_visible,correctos,5_a_20,costero_marino,durante_construccion,descarga,recien_desencofrada,flecha_abajo,solido,seco,14
viga,horizontal,cerrada_fina,union_otro_elemento,periodica,se_abre_con_tiempo,no_hay,oscurecido,humedo_filtraciones,no,no_visible,correctos,mas_50,exterior_continental,primeros_meses,normal,original,no,solido,humedo,29
viga,diagonal_45,abierta,ambas_caras,ramificada,se_cierra_al_descender,perdida_seccion,normal,normal,no,manchas_oxido,correctos,20_a_50,exterior_continental,primeras_semanas,sobrecarga,reforzada,flecha_abajo,diferente_zonas,humedo,19
viga,diagonal_45_75,media,centro,unica,aparecio_de_golpe,perdida_seccion,normal,normal,completamente,manchas_oxido,correctos,5_a_20,exterior_continental,anos_despues,normal,original,flecha_abajo,diferente_zonas,seco,18
cimentacion_zapata,diagonal_45_75,grieta_separacion,cara_inferior,ramificada,aparecio_de_golpe,perdida_seccion,oscurecido,normal,no,manchas_oxido,correctos,20_a_50,interior,subita_reciente,normal,original,no,diferente_zonas,seco,84
viga,diagonal_45_75,media,cabeza,unica,aparecio_de_golpe,perdida_seccion,manchas_blancas,normal,parcialmente,oxidada_visible,separados,5_a_20,costero_marino,durante_construccion,normal,original,giro_inclinacion,solido,seco,17
vigueta,diagonal_45_75,abierta,perimetro,multiples_distintos_planos,estable,recubrimiento_desprendido,normal,poroso,parcialmente,manchas_oxido,correctos,5_a_20,interior,durante_construccion,normal,original,no,hueco,seco,41
cimentacion_zapata,diagonal_45,media,base,ramificada,se_cierra_al_alejarse,no_hay,normal,normal,parcialmente,no_visible,correctos,mas_50,sumergido,durante_construccion,normal,original,aplastamiento,diferente_zonas,humedo,89
mensula,sin_fisura,cerrada_fina,centro,unica,estable,recubrimiento_desprendido,normal,normal,parcialmente,no_visible,correctos,20_a_50,sumergido,anos_despues,normal,original,no,diferente_zonas,humedo,91
forjado_unidireccional,red_mapa,grieta_separacion,cara_inferior,unica,se_abre_con_tiempo,no_hay,normal,normal,no,manchas_oxido,correctos,menos_5,costero_marino,durante_construccion,normal,recien_desencofrada,desplazamiento_lateral,diferente_zonas,seco,49
voladizo,diagonal_45,abierta,cara_inferior,periodica,se_cierra_al_descender,recubrimiento_desprendido,normal,normal,completamente,manchas_oxido,correctos,20_a_50,industrial,durante_construccion,normal,original,desplazamiento_lateral,hueco,seco,48
muro,red_mapa,abierta,esquinas,periodica,se_cierra_al_alejarse,no_hay,normal,normal,no,no_visible,ausentes,5_a_20,interior,primeras_semanas,sobrecarga,original,desplazamiento_lateral,diferente_zonas,seco,85
muro,vertical,media,union_otro_elemento,multiples_paralelas,estable,recubrimiento_desprendido,manchas_blancas,poroso,no,no_visible,correctos,menos_5,industrial,primeros_meses,normal,original,no,diferente_zonas,seco,81
tabique_cerramiento,diagonal_45_75,media,esquinas,ramificada,se_abre_con_tiempo,no_hay,normal,normal,no,no_visible,correctos,menos_5,industrial,durante_construccion,descarga,original,giro_inclinacion,solido,seco,94
voladizo,vertical,media,cara_inferior,unica,estable,recubrimiento_desprendido,normal,poroso,no,no_visible,ausentes,menos_5,interior,durante_construccion,sobrecarga,original,flecha_abajo,diferente_zonas,humedo,45
viga,diagonal_45_75,abierta,perimetro,periodica,aparecio_de_golpe,recubrimiento_desprendido,normal,normal,completamente,manchas_oxido,desplazados,menos_5,exterior_continental,primeras_semanas,normal,recien_desencofrada,giro_inclinacion,hueco,seco,21
cimentacion_zapata,red_mapa,media,base,multiples_distintos_planos,estable,no_hay,normal,humedo_filtraciones,no,no_visible,correctos,menos_5,sumergido,subita_reciente,normal,original,no,hueco,filtracion_activa,87
muro,horizontal,cerrada_fina,cara_inferior,ramificada,estable,no_hay,normal,normal,no,no_visible,separados,mas_50,exterior_continental,anos_despues,impacto_sismo,original,no,solido,seco,72
tabique_cerramiento,diagonal_45_75,cerrada_fina,perimetro,multiples_paralelas,aparecio_de_golpe,no_hay,manchas_blancas,humedo_filtraciones,parcialmente,no_visible,correctos,20_a_50,industrial,subita_reciente,sobrecarga,original,no,solido,humedo,79
mensula,vertical,cerrada_fina,union_otro_elemento,periodica,se_cierra_al_descender,no_hay,manchas_oxido,normal,no,no_visible,correctos,5_a_20,industrial,primeras_semanas,normal,original,no,diferente_zonas,seco,36
viga,diagonal_45_75,abierta,esquinas,unica,se_abre_con_tiempo,no_hay,normal,poroso,no,no_visible,separados,menos_5,industrial,anos_despues,normal,original,flecha_abajo,diferente_zonas,seco,31
voladizo,diagonal_45,cerrada_fina,cabeza,unica,se_cierra_al_alejarse,no_hay,manchas_oxido,normal,completamente,oxidada_visible,correctos,20_a_50,costero_marino,durante_construccion,descarga,original,no,solido,seco,63
mensula,vertical,media,base,periodica,se_cierra_al_descender,no_hay,normal,poroso,parcialmente,no_visible,correctos,menos_5,interior,durante_construccion,normal,original,no,diferente_zonas,seco,36
pilar,horizontal,abierta,cabeza,multiples_paralelas,se_cierra_al_alejarse,recubrimiento_desprendido,normal,normal,no,manchas_oxido,correctos,mas_50,industrial,primeras_semanas,impacto_sismo,reparada,no,diferente_zonas,filtracion_activa,9
mensula,diagonal_45,abierta,base,multiples_distintos_planos,estable,perdida_seccion,normal,normal,parcialmente,oxidada_visible,separados,mas_50,industrial,primeros_meses,normal,original,flecha_abajo,solido,seco,35
muro,diagonal_45_75,media,base,unica,se_cierra_al_descender,no_hay,normal,normal,no,no_visible,correctos,20_a_50,costero_marino,durante_construccion,normal,original,desplazamiento_lateral,solido,seco,85
mensula,diagonal_45_75,media,base,ramificada,se_cierra_al_descender,no_hay,normal,poroso,no,no_visible,correctos,menos_5,costero_marino,primeros_meses,normal,original,flecha_abajo,hueco,seco,88
viga,sin_fisura,cerrada_fina,base,unica,estable,perdida_seccion,normal,normal,parcialmente,oxidada_visible,desplazados,menos_5,exterior_continental,primeros_meses,sobrecarga,original,flecha_abajo,diferente_zonas,seco,19
tabique_cerramiento,diagonal_45,cerrada_fina,cara_inferior,multiples_paralelas,aparecio_de_golpe,no_hay,manchas_oxido,poroso,no,no_visible,separados,menos_5,sumergido,durante_construccion,normal,original,no,hueco,seco,79
viga,diagonal_45_75,abierta,ambas_caras,ramificada,aparecio_de_golpe,recubrimiento_desprendido,normal,disgregado,parcialmente,oxidada_visible,ausentes,menos_5,exterior_continental,durante_construccion,sobrecarga,recien_desencofrada,desplazamiento_lateral,diferente_zonas,seco,21
forjado_unidireccional,red_mapa,media,centro,multiples_paralelas,se_abre_con_tiempo,no_hay,oscurecido,normal,parcialmente,no_visible,correctos,5_a_20,exterior_continental,anos_despues,sobrecarga,original,no,solido,seco,62
vigueta,red_mapa,abierta,base,ramificada,se_cierra_al_descender,recubrimiento_desprendido,oscurecido,poroso,parcialmente,oxidada_visible,correctos,20_a_50,exterior_continental,anos_despues,normal,original,giro_inclinacion,diferente_zonas,humedo,37
mensula,vertical,media,ambas_caras,multiples_paralelas,aparecio_de_golpe,no_hay,normal,normal,parcialmente,oxidada_visible,correctos,mas_50,exterior_continental,primeras_semanas,sobrecarga,recien_desencofrada,no,solido,seco,33
vigueta,vertical,abierta,cabeza,ramificada,se_cierra_al_descender,perdida_seccion,manchas_oxido,normal,no,manchas_oxido,correctos,menos_5,industrial,durante_construccion,descarga,recien_desencofrada,no,hueco,seco,41
pilar,diagonal_45,abierta,cabeza,multiples_paralelas,se_cierra_al_descender,recubrimiento_desprendido,normal,normal,parcialmente,no_visible,ausentes,menos_5,interior,primeras_semanas,normal,original,giro_inclinacion,diferente_zonas,seco,5
cimentacion_zapata,diagonal_45,media,ambas_caras,multiples_distintos_planos,se_cierra_al_descender,no_hay,oscurecido,normal,no,no_visible,correctos,mas_50,industrial,anos_despues,normal,reforzada,no,diferente_zonas,seco,93
voladizo,diagonal_45_75,media,cara_inferior,multiples_distintos_planos,se_cierra_al_alejarse,no_hay,normal,normal,no,no_visible,correctos,20_a_50,exterior_continental,anos_despues,normal,original,no,solido,seco,68
forjado_reticular,diagonal_45_75,media,centro,multiples_paralelas,estable,perdida_seccion,normal,normal,parcialmente,perdida_seccion,correctos,5_a_20,industrial,primeras_semanas,sobrecarga,original,no,hueco,humedo,84
tabique_cerramiento,diagonal_45_75,media,centro,ramificada,se_cierra_al_descender,no_hay,normal,normal,no,manchas_oxido,correctos,20_a_50,industrial,anos_despues,normal,original,giro_inclinacion,solido,seco,62
viga,vertical,cerrada_fina,centro,unica,aparecio_de_golpe,no_hay,oscurecido,normal,no,no_visible,desplazados,menos_5,industrial,durante_construccion,normal,recien_desencofrada,flecha_abajo,solido,seco,27
cimentacion_zapata,diagonal_45,abierta,cabeza,multiples_distintos_planos,estable,recubrimiento_desprendido,manchas_blancas,humedo_filtraciones,no,no_visible,correctos,20_a_50,exterior_continental,durante_construccion,descarga,original,desplazamiento_lateral,diferente_zonas,humedo,82
voladizo,horizontal,abierta,union_otro_elemento,multiples_distintos_planos,se_cierra_al_descender,recubrimiento_desprendido,normal,normal,completamente,oxidada_visible,separados,mas_50,interior,durante_construccion,normal,original,desplazamiento_lateral,hueco,seco,46
tabique_cerramiento,diagonal_45_75,abierta,perimetro,ramificada,se_abre_con_tiempo,recubrimiento_desprendido,manchas_oxido,normal,parcialmente,oxidada_visible,separados,5_a_20,interior,subita_reciente,normal,original,flecha_abajo,solido,salpicadura,53
forjado_reticular,diagonal_45,media,union_otro_elemento,ramificada,aparecio_de_golpe,perdida_seccion,normal,normal,parcialmente,manchas_oxido,ausentes,20_a_50,exterior_continental,durante_construccion,normal,original,giro_inclinacion,diferente_zonas,seco,21
pilar,diagonal_45_75,grieta_separacion,cabeza,multiples_paralelas,estable,recubrimiento_desprendido,normal,normal,parcialmente,no_visible,separados,5_a_20,sumergido,primeras_semanas,normal,recien_desencofrada,desplazamiento_lateral,diferente_zonas,humedo,5
forjado_unidireccional,red_mapa,cerrada_fina,cara_inferior,unica,estable,no_hay,normal,humedo_filtraciones,no,no_visible,correctos,mas_50,sumergido,primeras_semanas,normal,original,no,solido,seco,39
tabique_cerramiento,red_mapa,cerrada_fina,ambas_caras,multiples_distintos_planos,aparecio_de_golpe,no_hay,manchas_blancas,humedo_filtraciones,completamente,no_visible,correctos,mas_50,exterior_continental,durante_construccion,descarga,original,no,solido,humedo,79
pilar,horizontal,abierta,cabeza,periodica,aparecio_de_golpe,recubrimiento_desprendido,normal,poroso,no,manchas_oxido,correctos,menos_5,interior,primeros_meses,impacto_sismo,original,flecha_abajo,diferente_zonas,seco,9
cimentacion_zapata,diagonal_45,cerrada_fina,union_otro_elemento,unica,se_abre_con_tiempo,recubrimiento_desprendido,oscurecido,normal,no,no_visible,correctos,menos_5,interior,subita_reciente,normal,original,flecha_abajo,diferente_zonas,seco,92
pilar,red_mapa,cerrada_fina,cabeza,unica,estable,no_hay,normal,humedo_filtraciones,no,no_visible,correctos,mas_50,sumergido,primeras_semanas,normal,original,no,diferente_zonas,humedo,11
vigueta,horizontal,cerrada_fina,cabeza,periodica,aparecio_de_golpe,no_hay,normal,normal,no,no_visible,correctos,20_a_50,industrial,primeros_meses,normal,reforzada,desplazamiento_lateral,diferente_zonas,seco,42
voladizo,diagonal_45_75,cerrada_fina,base,unica,aparecio_de_golpe,no_hay,manchas_oxido,poroso,completamente,oxidada_visible,correctos,menos_5,exterior_continental,primeras_semanas,normal,original,no,solido,seco,47
viga,diagonal_45,grieta_separacion,perimetro,multiples_distintos_planos,aparecio_de_golpe,recubrimiento_desprendido,normal,normal,parcialmente,manchas_oxido,ausentes,menos_5,exterior_continental,durante_construccion,sobrecarga,recien_desencofrada,giro_inclinacion,diferente_zonas,seco,21
voladizo,diagonal_45_75,abierta,base,multiples_distintos_planos,aparecio_de_golpe,no_hay,manchas_oxido,normal,parcialmente,manchas_oxido,correctos,mas_50,sumergido,durante_construccion,sobrecarga,original,no,solido,seco,85
pilar,diagonal_45,media,cabeza,multiples_paralelas,se_abre_con_tiempo,no_hay,normal,normal,no,no_visible,separados,5_a_20,exterior_continental,subita_reciente,descarga,original,aplastamiento,solido,seco,12
viga,diagonal_45,abierta,cara_inferior,multiples_distintos_planos,se_cierra_al_alejarse,no_hay,normal,humedo_filtraciones,parcialmente,manchas_oxido,ausentes,20_a_50,costero_marino,primeros_meses,normal,original,no,solido,humedo,61
cimentacion_zapata,horizontal,abierta,perimetro,multiples_distintos_planos,se_cierra_al_alejarse,no_hay,normal,normal,no,no_visible,separados,20_a_50,interior,primeras_semanas,normal,original,no,solido,seco,89
vigueta,vertical,abierta,union_otro_elemento,multiples_paralelas,se_abre_con_tiempo,perdida_seccion,normal,normal,parcialmente,oxidada_visible,correctos,menos_5,costero_marino,durante_construccion,normal,recien_desencofrada,desplazamiento_lateral,diferente_zonas,seco,41
vigueta,sin_fisura,cerrada_fina,cabeza,unica,estable,recubrimiento_desprendido,normal,normal,parcialmente,no_visible,correctos,5_a_20,costero_marino,durante_construccion,sobrecarga,original,aplastamiento,hueco,seco,38
mensula,vertical,abierta,base,ramificada,se_cierra_al_descender,no_hay,normal,poroso,no,no_visible,correctos,menos_5,industrial,primeras_semanas,normal,original,no,solido,seco,36
cimentacion_zapata,diagonal_45,media,centro,ramificada,se_cierra_al_alejarse,no_hay,normal,humedo_filtraciones,no,manchas_oxido,correctos,menos_5,industrial,anos_despues,normal,original,no,solido,humedo,96
vigueta,horizontal,abierta,cabeza,unica,aparecio_de_golpe,no_hay,manchas_oxido,poroso,parcialmente,manchas_oxido,correctos,20_a_50,industrial,subita_reciente,normal,original,no,diferente_zonas,seco,42
pilar,horizontal,media,cabeza,multiples_paralelas,se_abre_con_tiempo,no_hay,normal,normal,no,manchas_oxido,separados,20_a_50,interior,durante_construccion,impacto_sismo,original,desplazamiento_lateral,solido,humedo,9
pilar,vertical,cerrada_fina,cabeza,multiples_distintos_planos,se_cierra_al_descender,no_hay,normal,normal,no,no_visible,correctos,mas_50,sumergido,primeras_semanas,sobrecarga,original,no,diferente_zonas,seco,12
pilar,sin_fisura,cerrada_fina,cara_inferior,unica,estable,no_hay,normal,normal,completamente,manchas_oxido,correctos,menos_5,sumergido,primeras_semanas,sobrecarga,recien_desencofrada,flecha_abajo,diferente_zonas,seco,15
viga,diagonal_45,cerrada_fina,union_otro_elemento,multiples_paralelas,estable,no_hay,normal,disgregado,no,no_visible,ausentes,5_a_20,interior,primeros_meses,normal,reparada,no,diferente_zonas,seco,23
mensula,diagonal_45,cerrada_fina,union_otro_elemento,ramificada,estable,no_hay,normal,normal,parcialmente,no_visible,correctos,menos_5,exterior_continental,durante_construccion,descarga,original,no,solido,seco,78
tabique_cerramiento,red_mapa,cerrada_fina,centro,multiples_distintos_planos,aparecio_de_golpe,no_hay,normal,poroso,completamente,no_visible,correctos,5_a_20,costero_marino,subita_reciente,sobrecarga,reforzada,no,solido,salpicadura,80
cimentacion_zapata,diagonal_45_75,media,cara_inferior,multiples_paralelas,se_abre_con_tiempo,no_hay,manchas_oxido,humedo_filtraciones,no,manchas_oxido,correctos,mas_50,exterior_continental,primeros_meses,normal,original,desplazamiento_lateral,hueco,filtracion_activa,82
cimentacion_zapata,red_mapa,cerrada_fina,base,multiples_paralelas,se_cierra_al_alejarse,no_hay,normal,humedo_filtraciones,no,no_visible,separados,menos_5,interior,primeras_semanas,sobrecarga,original,no,solido,humedo,27
pilar,sin_fisura,cerrada_fina,base,unica,estable,desmoronandose,normal,disgregado,parcialmente,no_visible,correctos,menos_5,industrial,primeras_semanas,sobrecarga,original,giro_inclinacion,hueco,humedo,2
vigueta,vertical,cerrada_fina,cabeza,ramificada,aparecio_de_golpe,no_hay,manchas_blancas,humedo_filtraciones,no,no_visible,correctos,20_a_50,sumergido,durante_construccion,sobrecarga,original,flecha_abajo,diferente_zonas,filtracion_activa,67
forjado_reticular,diagonal_45,abierta,esquinas,multiples_distintos_planos,se_cierra_al_alejarse,perdida_seccion,normal,normal,no,manchas_oxido,desplazados,20_a_50,industrial,anos_despues,sobrecarga,original,no,hueco,seco,51
pilar,vertical,cerrada_fina,esquinas,multiples_paralelas,aparecio_de_golpe,no_hay,normal,poroso,no,manchas_oxido,correctos,mas_50,costero_marino,subita_reciente,normal,original,desplazamiento_lateral,diferente_zonas,seco,7
tabique_cerramiento,diagonal_45,cerrada_fina,esquinas,multiples_distintos_planos,se_abre_con_tiempo,no_hay,oscurecido,poroso,no,no_visible,ausentes,20_a_50,sumergido,subita_reciente,impacto_sismo,original,no,diferente_zonas,seco,70
tabique_cerramiento,diagonal_45_75,cerrada_fina,base,unica,aparecio_de_golpe,no_hay,manchas_blancas,humedo_filtraciones,no,no_visible,correctos,menos_5,sumergido,durante_construccion,normal,original,no,solido,humedo,40
cimentacion_zapata,vertical,media,perimetro,ramificada,estable,no_hay,manchas_blancas,normal,parcialmente,no_visible,correctos,5_a_20,industrial,subita_reciente,descarga,original,no,solido,humedo,92
viga,red_mapa,abierta,base,multiples_distintos_planos,aparecio_de_golpe,recubrimiento_desprendido,oscurecido,normal,no,manchas_oxido,separados,5_a_20,sumergido,subita_reciente,sobrecarga,reforzada,desplazamiento_lateral,diferente_zonas,seco,22
tabique_cerramiento,horizontal,cerrada_fina,cara_inferior,multiples_paralelas,se_abre_con_tiempo,no_hay,oscurecido,normal,no,manchas_oxido,correctos,mas_50,costero_marino,durante_construccion,normal,original,flecha_abajo,solido,seco,57
muro,diagonal_45,abierta,perimetro,multiples_paralelas,se_cierra_al_alejarse,no_hay,manchas_blancas,humedo_filtraciones,no,no_visible,correctos,mas_50,costero_marino,primeras_semanas,normal,reparada,desplazamiento_lateral,diferente_zonas,humedo,82
muro,red_mapa,abierta,base,multiples_distintos_planos,se_cierra_al_alejarse,no_hay,manchas_blancas,normal,no,manchas_oxido,desplazados,20_a_50,exterior_continental,primeros_meses,normal,original,no,solido,seco,90
tabique_cerramiento,vertical,cerrada_fina,union_otro_elemento,unica,estable,perdida_seccion,normal,normal,no,no_visible,correctos,menos_5,exterior_continental,primeras_semanas,sobrecarga,original,no,diferente_zonas,seco,73
forjado_unidireccional,red_mapa,grieta_separacion,union_otro_elemento,multiples_distintos_planos,se_cierra_al_alejarse,recubrimiento_desprendido,manchas_oxido,poroso,parcialmente,manchas_oxido,correctos,20_a_50,costero_marino,anos_despues,sobrecarga,reparada,flecha_abajo,solido,salpicadura,6
forjado_reticular,diagonal_45_75,grieta_separacion,perimetro,multiples_distintos_planos,se_abre_con_tiempo,recubrimiento_desprendido,normal,normal,completamente,oxidada_visible,separados,mas_50,exterior_continental,subita_reciente,sobrecarga,recien_desencofrada,desplazamiento_lateral,solido,seco,53
voladizo,diagonal_45,abierta,cara_inferior,ramificada,aparecio_de_golpe,no_hay,normal,normal,no,no_visible,separados,menos_5,costero_marino,primeros_meses,normal,reforzada,no,solido,seco,64
tabique_cerramiento,red_mapa,media,esquinas,multiples_distintos_planos,se_abre_con_tiempo,no_hay,normal,poroso,no,no_visible,ausentes,5_a_20,industrial,primeras_semanas,sobrecarga,reparada,no,diferente_zonas,seco,66
pilar,horizontal,media,ambas_caras,unica,se_abre_con_tiempo,no_hay,normal,normal,parcialmente,manchas_oxido,ausentes,20_a_50,sumergido,durante_construccion,sobrecarga,original,no,hueco,seco,3
tabique_cerramiento,diagonal_45,cerrada_fina,base,multiples_paralelas,se_cierra_al_descender,no_hay,oscurecido,poroso,no,no_visible,correctos,mas_50,costero_marino,subita_reciente,normal,reparada,no,diferente_zonas,filtracion_activa,29
tabique_cerramiento,vertical,media,cabeza,ramificada,se_cierra_al_alejarse,no_hay,normal,normal,parcialmente,no_visible,separados,mas_50,industrial,primeros_meses,sobrecarga,original,aplastamiento,solido,salpicadura,69
viga,sin_fisura,cerrada_fina,cara_inferior,unica,estable,recubrimiento_desprendido,normal,normal,no,manchas_oxido,correctos,20_a_50,interior,durante_construccion,normal,original,flecha_abajo,diferente_zonas,humedo,24
tabique_cerramiento,diagonal_45_75,cerrada_fina,ambas_caras,multiples_paralelas,se_cierra_al_alejarse,no_hay,normal,disgregado,no,no_visible,correctos,menos_5,exterior_continental,primeros_meses,normal,reparada,no,solido,seco,78
mensula,vertical,media,perimetro,unica,estable,no_hay,normal,poroso,no,manchas_oxido,correctos,mas_50,interior,durante_construccion,sobrecarga,original,desplazamiento_lateral,diferente_zonas,humedo,33
pilar,horizontal,cerrada_fina,esquinas,unica,se_cierra_al_descender,no_hay,manchas_blancas,humedo_filtraciones,no,no_visible,correctos,menos_5,sumergido,primeros_meses,normal,original,no,solido,humedo,11
cimentacion_zapata,vertical,cerrada_fina,base,periodica,estable,no_hay,normal,normal,no,no_visible,correctos,menos_5,exterior_continental,subita_reciente,descarga,original,no,solido,seco,83
mensula,red_mapa,abierta,ambas_caras,ramificada,se_abre_con_tiempo,no_hay,manchas_oxido,humedo_filtraciones,no,no_visible,correctos,mas_50,exterior_continental,primeras_semanas,sobrecarga,original,desplazamiento_lateral,hueco,filtracion_activa,87
viga,diagonal_45_75,media,union_otro_elemento,multiples_paralelas,se_abre_con_tiempo,no_hay,manchas_blancas,disgregado,parcialmente,manchas_oxido,correctos,5_a_20,costero_marino,primeras_semanas,sobrecarga,original,desplazamiento_lateral,diferente_zonas,filtracion_activa,26
vigueta,vertical,media,cabeza,ramificada,estable,no_hay,normal,poroso,completamente,oxidada_visible,correctos,20_a_50,exterior_continental,subita_reciente,normal,original,no,solido,humedo,39
forjado_unidireccional,vertical,grieta_separacion,ambas_caras,multiples_paralelas,se_cierra_al_alejarse,desmoronandose,normal,poroso,no,no_visible,correctos,5_a_20,industrial,durante_construccion,normal,original,giro_inclinacion,hueco,seco,60
cimentacion_zapata,vertical,cerrada_fina,esquinas,unica,estable,no_hay,normal,normal,no,no_visible,correctos,5_a_20,industrial,anos_despues,sobrecarga,reparada,no,solido,seco,83
vigueta,horizontal,cerrada_fina,perimetro,periodica,aparecio_de_golpe,no_hay,manchas_oxido,poroso,no,no_visible,correctos,20_a_50,sumergido,durante_construccion,sobrecarga,recien_desencofrada,no,diferente_zonas,humedo,40
muro,diagonal_45,cerrada_fina,cara_inferior,ramificada,estable,no_hay,normal,humedo_filtraciones,no,manchas_oxido,separados,5_a_20,industrial,primeras_semanas,sobrecarga,original,no,diferente_zonas,humedo,64
vigueta,sin_fisura,cerrada_fina,union_otro_elemento,unica,estable,no_hay,normal,humedo_filtraciones,parcialmente,manchas_oxido,correctos,mas_50,exterior_continental,primeros_meses,normal,original,no,diferente_zonas,salpicadura,43
viga,vertical,abierta,esquinas,multiples_distintos_planos,se_cierra_al_descender,no_hay,normal,normal,parcialmente,oxidada_visible,correctos,menos_5,sumergido,durante_construccion,sobrecarga,original,desplazamiento_lateral,solido,humedo,33
pilar,horizontal,grieta_separacion,cabeza,periodica,estable,recubrimiento_desprendido,normal,normal,completamente,no_visible,ausentes,5_a_20,sumergido,durante_construccion,normal,recien_desencofrada,desplazamiento_lateral,solido,seco,8
pilar,horizontal,grieta_separacion,ambas_caras,multiples_distintos_planos,aparecio_de_golpe,no_hay,normal,normal,no,manchas_oxido,separados,mas_50,sumergido,subita_reciente,sobrecarga,original,desplazamiento_lateral,solido,seco,7
forjado_reticular,diagonal_45_75,grieta_separacion,ambas_caras,ramificada,aparecio_de_golpe,recubrimiento_desprendido,normal,poroso,parcialmente,oxidada_visible,separados,menos_5,costero_marino,subita_reciente,normal,original,flecha_abajo,solido,seco,53
viga,horizontal,media,ambas_caras,periodica,se_cierra_al_alejarse,no_hay,normal,normal,no,no_visible,correctos,menos_5,exterior_continental,anos_despues,impacto_sismo,original,desplazamiento_lateral,solido,seco,16
forjado_unidireccional,diagonal_45,media,centro,multiples_paralelas,se_cierra_al_descender,no_hay,normal,poroso,completamente,oxidada_visible,desplazados,menos_5,interior,durante_construccion,sobrecarga,recien_desencofrada,flecha_abajo,diferente_zonas,seco,50
cimentacion_zapata,vertical,cerrada_fina,base,multiples_paralelas,estable,no_hay,normal,poroso,no,no_visible,correctos,20_a_50,interior,subita_reciente,normal,original,no,solido,humedo,83
voladizo,horizontal,cerrada_fina,cara_inferior,unica,se_abre_con_tiempo,no_hay,manchas_oxido,normal,no,no_visible,correctos,menos_5,industrial,primeros_meses,sobrecarga,original,flecha_abajo,solido,seco,57
cimentacion_zapata,red_mapa,cerrada_fina,cara_inferior,ramificada,se_abre_con_tiempo,no_hay,normal,normal,no,no_visible,correctos,20_a_50,industrial,primeros_meses,normal,reforzada,no,solido,seco,94
tabique_cerramiento,red_mapa,media,esquinas,unica,aparecio_de_golpe,recubrimiento_desprendido,normal,normal,no,no_visible,correctos,mas_50,interior,primeras_semanas,normal,original,aplastamiento,diferente_zonas,humedo,38
pilar,red_mapa,media,cabeza,multiples_paralelas,se_abre_con_tiempo,no_hay,normal,humedo_filtraciones,no,no_visible,correctos,menos_5,sumergido,anos_despues,normal,original,no,diferente_zonas,humedo,11
pilar,vertical,cerrada_fina,ambas_caras,multiples_distintos_planos,estable,no_hay,normal,normal,no,no_visible,correctos,mas_50,sumergido,subita_reciente,normal,original,no,solido,seco,72
viga,vertical,media,cabeza,multiples_distintos_planos,se_cierra_al_descender,no_hay,manchas_blancas,humedo_filtraciones,no,no_visible,correctos,mas_50,costero_marino,subita_reciente,sobrecarga,reforzada,no,solido,filtracion_activa,67
pilar,diagonal_45_75,media,cabeza,periodica,estable,recubrimiento_desprendido,manchas_oxido,normal,completamente,oxidada_visible,desplazados,5_a_20,sumergido,subita_reciente,normal,recien_desencofrada,no,diferente_zonas,seco,13
viga,vertical,abierta,perimetro,unica,estable,no_hay,normal,normal,no,no_visible,ausentes,mas_50,sumergido,primeras_semanas,sobrecarga,recien_desencofrada,flecha_abajo,solido,seco,27
cimentacion_zapata,vertical,abierta,union_otro_elemento,multiples_distintos_planos,se_cierra_al_descender,no_hay,normal,normal,no,no_visible,correctos,5_a_20,costero_marino,primeros_meses,sobrecarga,reparada,flecha_abajo,solido,seco,89
cimentacion_zapata,sin_fisura,cerrada_fina,cabeza,unica,estable,no_hay,normal,poroso,no,no_visible,separados,20_a_50,sumergido,primeras_semanas,normal,reforzada,desplazamiento_lateral,hueco,seco,92
pilar,diagonal_45,media,cabeza,periodica,se_cierra_al_alejarse,no_hay,normal,normal,completamente,oxidada_visible,correctos,5_a_20,industrial,durante_construccion,sobrecarga,original,desplazamiento_lateral,hueco,seco,13
tabique_cerramiento,horizontal,cerrada_fina,cabeza,unica,aparecio_de_golpe,no_hay,oscurecido,poroso,no,manchas_oxido,correctos,20_a_50,industrial,durante_construccion,sobrecarga,original,flecha_abajo,solido,salpicadura,70
forjado_reticular,horizontal,media,base,periodica,estable,perdida_seccion,manchas_blancas,normal,no,no_visible,correctos,menos_5,sumergido,anos_despues,normal,original,no,diferente_zonas,salpicadura,56
viga,vertical,cerrada_fina,union_otro_elemento,multiples_paralelas,aparecio_de_golpe,no_hay,normal,normal,parcialmente,no_visible,correctos,menos_5,interior,durante_construccion,normal,recien_desencofrada,no,solido,seco,14
viga,diagonal_45_75,cerrada_fina,cabeza,unica,aparecio_de_golpe,no_hay,normal,normal,completamente,no_visible,correctos,menos_5,exterior_continental,anos_despues,descarga,recien_desencofrada,flecha_abajo,hueco,seco,14
viga,diagonal_45,cerrada_fina,ambas_caras,ramificada,se_cierra_al_descender,no_hay,normal,humedo_filtraciones,no,no_visible,correctos,mas_50,interior,anos_despues,normal,original,no,solido,seco,28
viga,horizontal,abierta,base,multiples_distintos_planos,estable,no_hay,manchas_oxido,normal,no,no_visible,correctos,menos_5,sumergido,subita_reciente,impacto_sismo,original,desplazamiento_lateral,solido,seco,16
pilar,diagonal_45,cerrada_fina,cara_inferior,multiples_distintos_planos,se_abre_con_tiempo,no_hay,manchas_oxido,poroso,no,no_visible,correctos,mas_50,costero_marino,primeras_semanas,normal,reforzada,no,solido,humedo,12
voladizo,vertical,cerrada_fina,centro,unica,se_abre_con_tiempo,recubrimiento_desprendido,normal,normal,parcialmente,no_visible,correctos,5_a_20,industrial,subita_reciente,normal,recien_desencofrada,aplastamiento,diferente_zonas,humedo,60
pilar,red_mapa,grieta_separacion,cara_inferior,unica,estable,recubrimiento_desprendido,manchas_oxido,poroso,completamente,perdida_seccion,correctos,20_a_50,industrial,anos_despues,normal,original,no,solido,salpicadura,6
vigueta,diagonal_45,cerrada_fina,centro,multiples_distintos_planos,aparecio_de_golpe,no_hay,manchas_blancas,poroso,parcialmente,no_visible,correctos,mas_50,sumergido,primeros_meses,sobrecarga,original,no,solido,humedo,67
cimentacion_zapata,diagonal_45_75,abierta,base,unica,aparecio_de_golpe,no_hay,oscurecido,poroso,no,no_visible,separados,20_a_50,costero_marino,primeras_semanas,sobrecarga,original,flecha_abajo,diferente_zonas,humedo,87
mensula,diagonal_45_75,media,perimetro,periodica,aparecio_de_golpe,no_hay,manchas_blancas,humedo_filtraciones,parcialmente,perdida_seccion,correctos,menos_5,exterior_continental,durante_construccion,normal,original,no,solido,filtracion_activa,80
voladizo,red_mapa,cerrada_fina,union_otro_elemento,multiples_distintos_planos,se_abre_con_tiempo,no_hay,normal,normal,no,no_visible,correctos,menos_5,industrial,subita_reciente,normal,original,no,diferente_zonas,seco,59
muro,red_mapa,media,esquinas,periodica,estable,no_hay,normal,normal,no,no_visible,correctos,menos_5,exterior_continental,primeras_semanas,normal,original,no,hueco,humedo,92
viga,diagonal_45_75,cerrada_fina,perimetro,multiples_paralelas,aparecio_de_golpe,recubrimiento_desprendido,normal,normal,no,manchas_oxido,correctos,5_a_20,costero_marino,subita_reciente,normal,original,flecha_abajo,diferente_zonas,humedo,32
muro,sin_fisura,cerrada_fina,cara_inferior,unica,estable,no_hay,manchas_blancas,poroso,parcialmente,no_visible,correctos,mas_50,exterior_continental,primeros_meses,normal,original,desplazamiento_lateral,hueco,humedo,82
viga,sin_fisura,cerrada_fina,perimetro,unica,estable,no_hay,normal,normal,parcialmente,no_visible,separados,menos_5,exterior_continental,durante_construccion,normal,recien_desencofrada,no,diferente_zonas,seco,27
forjado_reticular,vertical,abierta,perimetro,periodica,estable,no_hay,normal,normal,no,no_visible,correctos,mas_50,costero_marino,primeros_meses,normal,reparada,flecha_abajo,hueco,seco,54
voladizo,vertical,cerrada_fina,union_otro_elemento,multiples_distintos_planos,estable,recubrimiento_desprendido,manchas_blancas,normal,parcialmente,no_visible,correctos,mas_50,interior,subita_reciente,normal,original,no,solido,seco,76
cimentacion_zapata,diagonal_45_75,cerrada_fina,base,ramificada,se_abre_con_tiempo,recubrimiento_desprendido,normal,poroso,no,no_visible,correctos,menos_5,sumergido,primeras_semanas,normal,original,no,hueco,seco,88
viga,horizontal,abierta,ambas_caras,multiples_paralelas,aparecio_de_golpe,no_hay,normal,normal,no,manchas_oxido,correctos,20_a_50,sumergido,anos_despues,normal,original,flecha_abajo,solido,seco,32
cimentacion_zapata,diagonal_45_75,abierta,ambas_caras,multiples_paralelas,se_abre_con_tiempo,no_hay,manchas_oxido,humedo_filtraciones,no,manchas_oxido,correctos,mas_50,costero_marino,anos_despues,impacto_sismo,reforzada,desplazamiento_lateral,diferente_zonas,humedo,82
mensula,diagonal_45_75,grieta_separacion,centro,unica,se_abre_con_tiempo,recubrimiento_desprendido,normal,normal,no,no_visible,correctos,5_a_20,exterior_continental,primeros_meses,sobrecarga,recien_desencofrada,flecha_abajo,solido,seco,34
viga,red_mapa,grieta_separacion,centro,multiples_paralelas,aparecio_de_golpe,recubrimiento_desprendido,normal,normal,no,manchas_oxido,separados,mas_50,costero_marino,subita_reciente,normal,original,flecha_abajo,diferente_zonas,humedo,22
tabique_cerramiento,diagonal_45,cerrada_fina,cara_inferior,multiples_paralelas,se_abre_con_tiempo,recubrimiento_desprendido,normal,poroso,no,no_visible,correctos,20_a_50,exterior_continental,subita_reciente,normal,original,no,solido,humedo,64
mensula,vertical,cerrada_fina,union_otro_elemento,multiples_distintos_planos,se_cierra_al_descender,no_hay,normal,poroso,no,no_visible,correctos,20_a_50,sumergido,durante_construccion,sobrecarga,original,no,solido,seco,36
tabique_cerramiento,red_mapa,media,cara_inferior,periodica,aparecio_de_golpe,no_hay,manchas_blancas,humedo_filtraciones,no,no_visible,correctos,20_a_50,industrial,subita_reciente,normal,original,no,solido,humedo,79
tabique_cerramiento,vertical,cerrada_fina,union_otro_elemento,periodica,se_cierra_al_descender,no_hay,normal,normal,completamente,no_visible,correctos,menos_5,costero_marino,anos_despues,normal,original,desplazamiento_lateral,hueco,seco,36
pilar,red_mapa,abierta,cara_inferior,periodica,estable,no_hay,normal,normal,parcialmente,oxidada_visible,correctos,menos_5,costero_marino,durante_construccion,sobrecarga,recien_desencofrada,no,diferente_zonas,seco,15
cimentacion_zapata,red_mapa,cerrada_fina,esquinas,multiples_distintos_planos,se_cierra_al_descender,recubrimiento_desprendido,manchas_oxido,normal,completamente,no_visible,correctos,menos_5,sumergido,subita_reciente,sobrecarga,reparada,flecha_abajo,solido,seco,66
viga,diagonal_45,cerrada_fina,base,unica,se_abre_con_tiempo,no_hay,normal,normal,parcialmente,oxidada_visible,ausentes,mas_50,sumergido,subita_reciente,sobrecarga,original,no,hueco,salpicadura,20
pilar,sin_fisura,cerrada_fina,esquinas,unica,estable,recubrimiento_desprendido,manchas_blancas,normal,completamente,no_visible,ausentes,mas_50,exterior_continental,durante_construccion,sobrecarga,original,flecha_abajo,hueco,seco,1
cimentacion_zapata,diagonal_45,media,ambas_caras,unica,se_cierra_al_alejarse,recubrimiento_desprendido,normal,normal,no,no_visible,ausentes,menos_5,interior,primeros_meses,normal,original,desplazamiento_lateral,hueco,humedo,91
cimentacion_zapata,diagonal_45,grieta_separacion,cabeza,multiples_distintos_planos,estable,no_hay,normal,normal,no,no_visible,correctos,20_a_50,costero_marino,subita_reciente,normal,original,no,diferente_zonas,seco,93
cimentacion_zapata,diagonal_45,media,ambas_caras,ramificada,se_cierra_al_descender,no_hay,normal,normal,no,no_visible,correctos,20_a_50,exterior_continental,subita_reciente,normal,original,no,solido,humedo,93
cimentacion_zapata,diagonal_45_75,media,base,unica,se_cierra_al_descender,no_hay,manchas_oxido,poroso,no,no_visible,correctos,20_a_50,exterior_continental,primeros_meses,normal,original,desplazamiento_lateral,diferente_zonas,seco,88
viga,horizontal,media,centro,unica,estable,no_hay,normal,poroso,no,no_visible,separados,20_a_50,sumergido,subita_reciente,sobrecarga,original,flecha_abajo,solido,seco,59
pilar,diagonal_45_75,cerrada_fina,union_otro_elemento,multiples_distintos_planos,aparecio_de_golpe,recubrimiento_desprendido,normal,humedo_filtraciones,parcialmente,no_visible,correctos,5_a_20,exterior_continental,subita_reciente,normal,original,no,diferente_zonas,humedo,80
pilar,horizontal,grieta_separacion,ambas_caras,multiples_paralelas,aparecio_de_golpe,no_hay,manchas_blancas,normal,parcialmente,oxidada_visible,correctos,mas_50,costero_marino,subita_reciente,sobrecarga,original,no,diferente_zonas,seco,7
mensula,sin_fisura,cerrada_fina,perimetro,unica,estable,no_hay,manchas_blancas,humedo_filtraciones,no,no_visible,correctos,mas_50,costero_marino,durante_construccion,sobrecarga,original,no,solido,humedo,67
viga,sin_fisura,cerrada_fina,base,unica,estable,no_hay,normal,humedo_filtraciones,parcialmente,no_visible,correctos,mas_50,costero_marino,primeros_meses,normal,original,desplazamiento_lateral,solido,humedo,29
cimentacion_zapata,diagonal_45_75,media,perimetro,unica,se_cierra_al_descender,recubrimiento_desprendido,manchas_blancas,poroso,no,no_visible,correctos,5_a_20,sumergido,anos_despues,normal,original,flecha_abajo,solido,humedo,82
cimentacion_zapata,diagonal_45_75,cerrada_fina,perimetro,multiples_distintos_planos,se_cierra_al_descender,no_hay,normal,normal,no,no_visible,correctos,20_a_50,sumergido,primeros_meses,sobrecarga,original,no,diferente_zonas,humedo,93
viga,sin_fisura,cerrada_fina,base,unica,estable,recubrimiento_desprendido,normal,poroso,parcialmente,manchas_oxido,ausentes,menos_5,industrial,durante_construccion,normal,recien_desencofrada,no,solido,seco,27
viga,diagonal_45,grieta_separacion,centro,periodica,aparecio_de_golpe,recubrimiento_desprendido,normal,normal,no,manchas_oxido,desplazados,mas_50,costero_marino,subita_reciente,sobrecarga,original,giro_inclinacion,solido,seco,17
voladizo,horizontal,abierta,base,periodica,estable,recubrimiento_desprendido,normal,disgregado,parcialmente,oxidada_visible,correctos,mas_50,costero_marino,subita_reciente,sobrecarga,original,flecha_abajo,hueco,humedo,46
vigueta,horizontal,grieta_separacion,base,periodica,se_cierra_al_alejarse,recubrimiento_desprendido,oscurecido,normal,parcialmente,oxidada_visible,ausentes,5_a_20,sumergido,subita_reciente,sobrecarga,reparada,no,hueco,seco,44
vigueta,diagonal_45,cerrada_fina,perimetro,ramificada,se_cierra_al_descender,no_hay,manchas_oxido,poroso,no,no_visible,correctos,mas_50,interior,primeras_semanas,normal,original,no,solido,seco,93
pilar,horizontal,abierta,cabeza,periodica,se_cierra_al_alejarse,perdida_seccion,normal,normal,parcialmente,no_visible,ausentes,menos_5,exterior_continental,durante_construccion,normal,recien_desencofrada,desplazamiento_lateral,hueco,seco,5
forjado_reticular,vertical,media,ambas_caras,multiples_distintos_planos,aparecio_de_golpe,no_hay,normal,normal,no,manchas_oxido,correctos,20_a_50,industrial,subita_reciente,normal,original,flecha_abajo,hueco,seco,7
forjado_reticular,diagonal_45_75,grieta_separacion,perimetro,ramificada,aparecio_de_golpe,perdida_seccion,normal,normal,no,manchas_oxido,separados,20_a_50,industrial,subita_reciente,normal,original,flecha_abajo,diferente_zonas,seco,53
muro,red_mapa,abierta,cabeza,unica,estable,no_hay,normal,normal,no,no_visible,correctos,5_a_20,industrial,subita_reciente,normal,original,flecha_abajo,diferente_zonas,seco,90
muro,diagonal_45,cerrada_fina,base,periodica,estable,no_hay,normal,normal,no,no_visible,correctos,5_a_20,interior,anos_despues,normal,original,flecha_abajo,diferente_zonas,seco,86
tabique_cerramiento,diagonal_45_75,cerrada_fina,esquinas,ramificada,estable,recubrimiento_desprendido,manchas_oxido,normal,no,no_visible,separados,menos_5,sumergido,primeros_meses,normal,original,no,solido,humedo,75
forjado_unidireccional,horizontal,media,ambas_caras,multiples_distintos_planos,se_abre_con_tiempo,recubrimiento_desprendido,normal,normal,no,no_visible,correctos,20_a_50,interior,subita_reciente,normal,original,no,solido,seco,61
tabique_cerramiento,diagonal_45_75,media,perimetro,multiples_distintos_planos,estable,desmoronandose,normal,poroso,parcialmente,no_visible,correctos,menos_5,interior,primeros_meses,normal,reforzada,no,solido,seco,75
viga,diagonal_45,abierta,esquinas,multiples_paralelas,se_abre_con_tiempo,desmoronandose,normal,disgregado,no,manchas_oxido,correctos,mas_50,industrial,durante_construccion,normal,original,no,diferente_zonas,humedo,18
forjado_reticular,red_mapa,abierta,centro,multiples_distintos_planos,se_cierra_al_alejarse,recubrimiento_desprendido,normal,normal,no,no_visible,separados,menos_5,industrial,anos_despues,normal,original,no,diferente_zonas,seco,55
pilar,diagonal_45_75,media,ambas_caras,ramificada,estable,no_hay,manchas_oxido,poroso,parcialmente,no_visible,separados,5_a_20,costero_marino,durante_construccion,normal,reforzada,no,solido,humedo,11
viga,diagonal_45,media,esquinas,multiples_distintos_planos,se_abre_con_tiempo,no_hay,normal,normal,parcialmente,no_visible,desplazados,20_a_50,sumergido,primeros_meses,normal,recien_desencofrada,no,hueco,seco,31
pilar,red_mapa,grieta_separacion,esquinas,multiples_distintos_planos,se_abre_con_tiempo,recubrimiento_desprendido,manchas_oxido,poroso,parcialmente,manchas_oxido,correctos,mas_50,costero_marino,primeros_meses,normal,original,no,diferente_zonas,humedo,6
voladizo,horizontal,grieta_separacion,union_otro_elemento,ramificada,estable,perdida_seccion,normal,normal,parcialmente,manchas_oxido,correctos,20_a_50,costero_marino,anos_despues,normal,reparada,desplazamiento_lateral,diferente_zonas,seco,46
tabique_cerramiento,vertical,cerrada_fina,base,multiples_distintos_planos,estable,no_hay,oscurecido,poroso,completamente,oxidada_visible,correctos,menos_5,costero_marino,durante_construccion,normal,original,flecha_abajo,solido,filtracion_activa,74
forjado_unidireccional,diagonal_45_75,grieta_separacion,ambas_caras,unica,estable,perdida_seccion,manchas_oxido,normal,parcialmente,manchas_oxido,separados,mas_50,interior,primeras_semanas,sobrecarga,original,flecha_abajo,diferente_zonas,seco,51
tabique_cerramiento,diagonal_45,cerrada_fina,cabeza,unica,aparecio_de_golpe,no_hay,normal,humedo_filtraciones,no,no_visible,correctos,menos_5,costero_marino,subita_reciente,normal,recien_desencofrada,no,solido,filtracion_activa,80
mensula,vertical,cerrada_fina,cabeza,multiples_distintos_planos,se_cierra_al_descender,no_hay,normal,normal,no,no_visible,correctos,5_a_20,sumergido,primeras_semanas,normal,original,flecha_abajo,solido,seco,36
forjado_unidireccional,horizontal,cerrada_fina,cara_inferior,ramificada,aparecio_de_golpe,no_hay,normal,normal,no,manchas_oxido,correctos,mas_50,interior,primeros_meses,sobrecarga,original,flecha_abajo,solido,filtracion_activa,57
viga,vertical,abierta,union_otro_elemento,unica,aparecio_de_golpe,recubrimiento_desprendido,normal,normal,no,manchas_oxido,correctos,mas_50,exterior_continental,primeros_meses,sobrecarga,reparada,flecha_abajo,hueco,seco,19
pilar,sin_fisura,cerrada_fina,ambas_caras,unica,estable,perdida_seccion,manchas_oxido,poroso,parcialmente,no_visible,correctos,5_a_20,industrial,primeras_semanas,normal,reparada,no,diferente_zonas,humedo,34
viga,vertical,media,cabeza,multiples_paralelas,aparecio_de_golpe,recubrimiento_desprendido,normal,normal,no,no_visible,correctos,20_a_50,interior,anos_despues,normal,original,aplastamiento,solido,seco,60
pilar,vertical,media,union_otro_elemento,multiples_paralelas,se_cierra_al_alejarse,no_hay,manchas_blancas,humedo_filtraciones,no,manchas_oxido,correctos,5_a_20,costero_marino,primeras_semanas,sobrecarga,original,desplazamiento_lateral,solido,humedo,26
pilar,sin_fisura,cerrada_fina,cabeza,unica,estable,recubrimiento_desprendido,normal,normal,no,no_visible,correctos,mas_50,interior,anos_despues,normal,original,no,solido,seco,12
mensula,horizontal,media,ambas_caras,ramificada,se_cierra_al_descender,recubrimiento_desprendido,normal,poroso,no,no_visible,correctos,menos_5,interior,anos_despues,sobrecarga,reforzada,no,solido,humedo,33
pilar,diagonal_45_75,cerrada_fina,cara_inferior,ramificada,se_cierra_al_descender,no_hay,manchas_blancas,humedo_filtraciones,no,no_visible,correctos,5_a_20,interior,durante_construccion,normal,original,no,solido,filtracion_activa,10
vigueta,sin_fisura,cerrada_fina,cabeza,unica,estable,recubrimiento_desprendido,manchas_oxido,poroso,no,manchas_oxido,correctos,menos_5,sumergido,durante_construccion,normal,recien_desencofrada,no,solido,humedo,40
vigueta,sin_fisura,cerrada_fina,union_otro_elemento,unica,estable,recubrimiento_desprendido,normal,normal,completamente,manchas_oxido,separados,menos_5,exterior_continental,primeras_semanas,normal,recien_desencofrada,no,solido,humedo,44
viga,sin_fisura,cerrada_fina,base,unica,estable,no_hay,normal,humedo_filtraciones,no,no_visible,desplazados,20_a_50,interior,durante_construccion,normal,original,no,solido,seco,61
pilar,horizontal,media,cabeza,multiples_paralelas,estable,no_hay,manchas_oxido,poroso,completamente,no_visible,correctos,menos_5,exterior_continental,subita_reciente,normal,original,aplastamiento,solido,humedo,11
viga,horizontal,cerrada_fina,cara_inferior,ramificada,se_abre_con_tiempo,no_hay,normal,normal,no,manchas_oxido,correctos,20_a_50,exterior_continental,primeros_meses,sobrecarga,original,no,solido,humedo,66
pilar,red_mapa,cerrada_fina,centro,multiples_distintos_planos,se_abre_con_tiempo,no_hay,manchas_blancas,humedo_filtraciones,parcialmente,no_visible,correctos,20_a_50,sumergido,primeros_meses,normal,original,flecha_abajo,solido,humedo,10
tabique_cerramiento,sin_fisura,cerrada_fina,union_otro_elemento,unica,estable,no_hay,manchas_blancas,humedo_filtraciones,no,no_visible,correctos,5_a_20,sumergido,durante_construccion,sobrecarga,original,no,diferente_zonas,humedo,79
voladizo,red_mapa,cerrada_fina,cabeza,multiples_distintos_planos,se_abre_con_tiempo,recubrimiento_desprendido,oscurecido,normal,no,no_visible,separados,5_a_20,costero_marino,primeras_semanas,sobrecarga,recien_desencofrada,flecha_abajo,solido,seco,58
viga,horizontal,cerrada_fina,centro,multiples_paralelas,se_cierra_al_alejarse,no_hay,manchas_blancas,normal,no,no_visible,ausentes,menos_5,interior,durante_construccion,impacto_sismo,original,no,solido,seco,27
viga,diagonal_45_75,abierta,perimetro,multiples_paralelas,aparecio_de_golpe,recubrimiento_desprendido,normal,normal,parcialmente,manchas_oxido,correctos,mas_50,industrial,durante_construccion,descarga,original,no,solido,seco,18
muro,diagonal_45,media,base,ramificada,aparecio_de_golpe,recubrimiento_desprendido,normal,poroso,no,manchas_oxido,correctos,mas_50,exterior_continental,durante_construccion,impacto_sismo,original,desplazamiento_lateral,hueco,seco,84
viga,diagonal_45,abierta,base,multiples_paralelas,aparecio_de_golpe,recubrimiento_desprendido,normal,normal,parcialmente,manchas_oxido,desplazados,menos_5,industrial,subita_reciente,sobrecarga,original,giro_inclinacion,diferente_zonas,seco,17
forjado_unidireccional,diagonal_45,grieta_separacion,base,unica,aparecio_de_golpe,perdida_seccion,oscurecido,normal,parcialmente,manchas_oxido,ausentes,mas_50,interior,primeros_meses,sobrecarga,original,no,solido,seco,51
pilar,horizontal,cerrada_fina,cara_inferior,periodica,aparecio_de_golpe,no_hay,manchas_blancas,poroso,parcialmente,oxidada_visible,correctos,menos_5,sumergido,primeros_meses,normal,original,no,diferente_zonas,seco,64
cimentacion_zapata,horizontal,media,base,multiples_distintos_planos,se_cierra_al_descender,recubrimiento_desprendido,normal,normal,no,no_visible,correctos,20_a_50,interior,anos_despues,normal,original,no,solido,seco,95
tabique_cerramiento,diagonal_45,abierta,cabeza,multiples_paralelas,se_abre_con_tiempo,no_hay,normal,normal,no,no_visible,separados,5_a_20,interior,anos_despues,sobrecarga,original,flecha_abajo,diferente_zonas,seco,61
cimentacion_zapata,diagonal_45,abierta,esquinas,periodica,se_cierra_al_descender,recubrimiento_desprendido,normal,normal,no,no_visible,separados,5_a_20,industrial,primeros_meses,sobrecarga,original,no,hueco,humedo,91
mensula,diagonal_45,abierta,esquinas,periodica,estable,recubrimiento_desprendido,normal,normal,parcialmente,oxidada_visible,separados,20_a_50,exterior_continental,subita_reciente,normal,original,flecha_abajo,solido,seco,35
muro,sin_fisura,cerrada_fina,base,unica,estable,no_hay,manchas_blancas,poroso,no,no_visible,correctos,20_a_50,exterior_continental,primeros_meses,normal,original,no,diferente_zonas,humedo,87
forjado_unidireccional,horizontal,media,union_otro_elemento,multiples_distintos_planos,se_cierra_al_descender,no_hay,normal,normal,parcialmente,perdida_seccion,correctos,20_a_50,costero_marino,subita_reciente,sobrecarga,recien_desencofrada,desplazamiento_lateral,hueco,seco,7
tabique_cerramiento,diagonal_45_75,cerrada_fina,union_otro_elemento,ramificada,aparecio_de_golpe,no_hay,normal,normal,no,no_visible,correctos,5_a_20,costero_marino,primeros_meses,sobrecarga,original,no,solido,seco,23
viga,diagonal_45_75,grieta_separacion,centro,multiples_distintos_planos,estable,recubrimiento_desprendido,manchas_oxido,normal,no,manchas_oxido,separados,mas_50,exterior_continental,durante_construccion,sobrecarga,original,flecha_abajo,diferente_zonas,humedo,19
viga,diagonal_45_75,abierta,cabeza,multiples_paralelas,se_cierra_al_alejarse,no_hay,normal,poroso,completamente,oxidada_visible,correctos,mas_50,costero_marino,subita_reciente,normal,reforzada,flecha_abajo,hueco,seco,13
mensula,horizontal,abierta,esquinas,multiples_distintos_planos,aparecio_de_golpe,no_hay,normal,normal,no,no_visible,separados,5_a_20,sumergido,anos_despues,normal,original,desplazamiento_lateral,hueco,seco,42
voladizo,horizontal,cerrada_fina,cara_inferior,multiples_paralelas,se_abre_con_tiempo,no_hay,normal,normal,no,no_visible,correctos,menos_5,exterior_continental,subita_reciente,sobrecarga,reparada,flecha_abajo,solido,seco,57
tabique_cerramiento,diagonal_45,media,esquinas,periodica,estable,no_hay,manchas_blancas,poroso,no,no_visible,correctos,menos_5,costero_marino,primeras_semanas,normal,original,no,diferente_zonas,humedo,77
muro,vertical,media,base,periodica,se_cierra_al_alejarse,no_hay,normal,poroso,no,no_visible,correctos,menos_5,interior,subita_reciente,normal,original,no,diferente_zonas,humedo,83
viga,horizontal,cerrada_fina,cara_inferior,multiples_distintos_planos,aparecio_de_golpe,no_hay,manchas_blancas,normal,no,no_visible,correctos,5_a_20,sumergido,primeros_meses,sobrecarga,recien_desencofrada,flecha_abajo,diferente_zonas,seco,57
viga,diagonal_45_75,media,base,ramificada,aparecio_de_golpe,recubrimiento_desprendido,normal,humedo_filtraciones,parcialmente,no_visible,desplazados,menos_5,sumergido,durante_construccion,normal,original,no,solido,filtracion_activa,25
pilar,horizontal,cerrada_fina,ambas_caras,multiples_paralelas,aparecio_de_golpe,recubrimiento_desprendido,normal,normal,parcialmente,manchas_oxido,ausentes,20_a_50,industrial,subita_reciente,impacto_sismo,original,no,hueco,humedo,3
muro,diagonal_45_75,media,cabeza,ramificada,aparecio_de_golpe,perdida_seccion,normal,poroso,parcialmente,manchas_oxido,separados,mas_50,costero_marino,subita_reciente,sobrecarga,recien_desencofrada,no,diferente_zonas,filtracion_activa,44
viga,diagonal_45_75,cerrada_fina,union_otro_elemento,ramificada,se_abre_con_tiempo,no_hay,normal,normal,completamente,no_visible,desplazados,menos_5,costero_marino,durante_construccion,normal,recien_desencofrada,no,diferente_zonas,filtracion_activa,25
viga,red_mapa,abierta,cabeza,multiples_paralelas,se_cierra_al_alejarse,recubrimiento_desprendido,normal,normal,no,no_visible,correctos,mas_50,industrial,primeros_meses,sobrecarga,original,aplastamiento,solido,humedo,58
tabique_cerramiento,horizontal,cerrada_fina,centro,multiples_distintos_planos,estable,no_hay,normal,normal,no,no_visible,desplazados,mas_50,costero_marino,anos_despues,sobrecarga,original,no,solido,seco,72
cimentacion_zapata,sin_fisura,cerrada_fina,perimetro,unica,estable,recubrimiento_desprendido,normal,poroso,parcialmente,no_visible,correctos,20_a_50,industrial,primeras_semanas,normal,reparada,no,diferente_zonas,seco,91
viga,sin_fisura,cerrada_fina,cabeza,unica,estable,no_hay,normal,normal,completamente,perdida_seccion,correctos,menos_5,interior,durante_construccion,normal,recien_desencofrada,desplazamiento_lateral,solido,seco,14
cimentacion_zapata,red_mapa,abierta,base,periodica,se_abre_con_tiempo,no_hay,oscurecido,humedo_filtraciones,no,no_visible,correctos,5_a_20,sumergido,anos_despues,normal,original,desplazamiento_lateral,hueco,humedo,87
muro,diagonal_45_75,media,union_otro_elemento,unica,estable,no_hay,normal,normal,no,no_visible,correctos,menos_5,industrial,primeros_meses,normal,original,no,diferente_zonas,seco,86
tabique_cerramiento,vertical,cerrada_fina,cara_inferior,ramificada,se_abre_con_tiempo,recubrimiento_desprendido,normal,poroso,parcialmente,oxidada_visible,correctos,5_a_20,costero_marino,primeros_meses,descarga,original,no,diferente_zonas,seco,63
pilar,horizontal,cerrada_fina,ambas_caras,periodica,se_cierra_al_descender,no_hay,normal,poroso,no,manchas_oxido,correctos,5_a_20,interior,subita_reciente,sobrecarga,original,desplazamiento_lateral,diferente_zonas,seco,7
viga,diagonal_45_75,grieta_separacion,centro,unica,aparecio_de_golpe,recubrimiento_desprendido,normal,normal,parcialmente,manchas_oxido,desplazados,menos_5,interior,durante_construccion,sobrecarga,recien_desencofrada,desplazamiento_lateral,solido,seco,21
muro,horizontal,cerrada_fina,union_otro_elemento,multiples_paralelas,estable,no_hay,normal,normal,no,no_visible,correctos,20_a_50,interior,subita_reciente,sobrecarga,original,no,diferente_zonas,seco,76
cimentacion_zapata,diagonal_45_75,media,base,multiples_distintos_planos,se_abre_con_tiempo,no_hay,oscurecido,poroso,no,manchas_oxido,correctos,20_a_50,interior,primeros_meses,normal,original,desplazamiento_lateral,hueco,seco,88
pilar,horizontal,media,perimetro,multiples_distintos_planos,estable,recubrimiento_desprendido,normal,normal,no,no_visible,correctos,menos_5,exterior_continental,primeros_meses,impacto_sismo,reforzada,no,diferente_zonas,seco,16
viga,diagonal_45_75,media,cara_inferior,ramificada,se_cierra_al_alejarse,no_hay,normal,normal,no,no_visible,separados,mas_50,costero_marino,subita_reciente,normal,original,flecha_abajo,diferente_zonas,seco,31
tabique_cerramiento,red_mapa,grieta_separacion,centro,periodica,se_cierra_al_descender,recubrimiento_desprendido,normal,normal,no,manchas_oxido,ausentes,mas_50,interior,durante_construccion,normal,reforzada,no,diferente_zonas,seco,55
viga,vertical,media,esquinas,ramificada,aparecio_de_golpe,no_hay,normal,humedo_filtraciones,completamente,no_visible,separados,5_a_20,exterior_continental,primeras_semanas,normal,recien_desencofrada,flecha_abajo,solido,humedo,25
pilar,vertical,media,esquinas,ramificada,se_abre_con_tiempo,no_hay,normal,normal,completamente,manchas_oxido,correctos,menos_5,exterior_continental,anos_despues,normal,original,no,solido,seco,13
tabique_cerramiento,diagonal_45,media,cara_inferior,unica,se_cierra_al_alejarse,no_hay,normal,normal,parcialmente,no_visible,correctos,menos_5,sumergido,subita_reciente,normal,reforzada,no,solido,seco,64
cimentacion_zapata,diagonal_45,media,base,multiples_distintos_planos,se_abre_con_tiempo,no_hay,normal,normal,no,no_visible,correctos,menos_5,exterior_continental,subita_reciente,normal,original,desplazamiento_lateral,solido,seco,85
forjado_reticular,red_mapa,media,perimetro,unica,se_cierra_al_descender,no_hay,normal,normal,no,no_visible,correctos,mas_50,industrial,durante_construccion,normal,original,no,hueco,seco,54
pilar,vertical,media,esquinas,periodica,aparecio_de_golpe,no_hay,normal,normal,parcialmente,oxidada_visible,separados,mas_50,interior,subita_reciente,sobrecarga,original,flecha_abajo,solido,humedo,7
pilar,red_mapa,cerrada_fina,ambas_caras,periodica,se_cierra_al_alejarse,no_hay,normal,humedo_filtraciones,no,no_visible,ausentes,5_a_20,costero_marino,durante_construccion,normal,reparada,no,hueco,humedo,10
tabique_cerramiento,diagonal_45,cerrada_fina,union_otro_elemento,multiples_distintos_planos,aparecio_de_golpe,recubrimiento_desprendido,normal,normal,no,no_visible,separados,5_a_20,industrial,anos_despues,normal,reparada,no,solido,seco,62
mensula,vertical,cerrada_fina,base,multiples_paralelas,se_cierra_al_descender,desmoronandose,normal,disgregado,completamente,oxidada_visible,correctos,5_a_20,costero_marino,anos_despues,normal,original,flecha_abajo,solido,seco,33
tabique_cerramiento,diagonal_45,cerrada_fina,union_otro_elemento,periodica,se_abre_con_tiempo,no_hay,manchas_oxido,humedo_filtraciones,no,no_visible,correctos,menos_5,sumergido,subita_reciente,normal,reforzada,flecha_abajo,solido,humedo,79
forjado_unidireccional,vertical,cerrada_fina,esquinas,ramificada,se_cierra_al_alejarse,no_hay,normal,humedo_filtraciones,no,manchas_oxido,correctos,menos_5,exterior_continental,durante_construccion,sobrecarga,original,no,solido,humedo,67
forjado_unidireccional,vertical,media,cara_inferior,multiples_distintos_planos,se_cierra_al_descender,recubrimiento_desprendido,normal,normal,parcialmente,no_visible,correctos,menos_5,interior,primeros_meses,normal,original,flecha_abajo,solido,humedo,69
cimentacion_zapata,red_mapa,media,cara_inferior,ramificada,se_cierra_al_alejarse,desmoronandose,manchas_blancas,poroso,no,manchas_oxido,correctos,20_a_50,interior,subita_reciente,sobrecarga,reforzada,flecha_abajo,diferente_zonas,seco,90
pilar,diagonal_45_75,grieta_separacion,centro,multiples_distintos_planos,se_cierra_al_descender,perdida_seccion,manchas_oxido,poroso,parcialmente,perdida_seccion,correctos,20_a_50,costero_marino,anos_despues,descarga,original,desplazamiento_lateral,hueco,salpicadura,6
cimentacion_zapata,red_mapa,abierta,union_otro_elemento,ramificada,se_cierra_al_alejarse,no_hay,manchas_blancas,disgregado,no,no_visible,correctos,5_a_20,exterior_continental,durante_construccion,normal,recien_desencofrada,flecha_abajo,diferente_zonas,seco,87
tabique_cerramiento,horizontal,cerrada_fina,cabeza,ramificada,se_cierra_al_descender,recubrimiento_desprendido,manchas_blancas,disgregado,parcialmente,oxidada_visible,separados,menos_5,costero_marino,durante_construccion,impacto_sismo,original,flecha_abajo,diferente_zonas,seco,70
cimentacion_zapata,sin_fisura,cerrada_fina,base,unica,estable,no_hay,manchas_oxido,normal,no,no_visible,correctos,20_a_50,costero_marino,primeros_meses,descarga,original,flecha_abajo,diferente_zonas,humedo,89
viga,horizontal,cerrada_fina,esquinas,multiples_paralelas,se_cierra_al_alejarse,no_hay,manchas_oxido,poroso,no,no_visible,correctos,mas_50,exterior_continental,primeros_meses,normal,original,no,solido,filtracion_activa,65
forjado_unidireccional,horizontal,cerrada_fina,base,ramificada,estable,no_hay,normal,normal,no,no_visible,correctos,menos_5,exterior_continental,primeras_semanas,normal,recien_desencofrada,no,solido,seco,52
viga,sin_fisura,cerrada_fina,centro,unica,estable,recubrimiento_desprendido,normal,normal,completamente,perdida_seccion,desplazados,menos_5,interior,durante_construccion,sobrecarga,recien_desencofrada,no,diferente_zonas,seco,15
voladizo,diagonal_45,abierta,cara_inferior,periodica,se_abre_con_tiempo,no_hay,normal,normal,no,no_visible,correctos,menos_5,interior,primeros_meses,normal,original,desplazamiento_lateral,solido,seco,48
mensula,horizontal,media,perimetro,multiples_distintos_planos,se_cierra_al_descender,no_hay,manchas_blancas,normal,no,manchas_oxido,correctos,20_a_50,exterior_continental,primeros_meses,sobrecarga,reparada,no,solido,humedo,33
voladizo,vertical,abierta,cabeza,unica,se_cierra_al_alejarse,recubrimiento_desprendido,normal,disgregado,parcialmente,no_visible,separados,menos_5,interior,primeras_semanas,sobrecarga,recien_desencofrada,giro_inclinacion,diferente_zonas,filtracion_activa,8
viga,sin_fisura,cerrada_fina,ambas_caras,unica,estable,recubrimiento_desprendido,normal,poroso,no,no_visible,desplazados,mas_50,exterior_continental,durante_construccion,normal,original,no,diferente_zonas,humedo,27
forjado_reticular,red_mapa,media,esquinas,periodica,estable,no_hay,normal,normal,parcialmente,manchas_oxido,correctos,menos_5,interior,anos_despues,sobrecarga,recien_desencofrada,no,diferente_zonas,humedo,13
pilar,vertical,grieta_separacion,esquinas,multiples_paralelas,aparecio_de_golpe,perdida_seccion,normal,normal,completamente,manchas_oxido,separados,5_a_20,sumergido,subita_reciente,sobrecarga,original,desplazamiento_lateral,hueco,seco,1
muro,sin_fisura,cerrada_fina,cabeza,unica,estable,no_hay,normal,normal,parcialmente,manchas_oxido,correctos,20_a_50,exterior_continental,anos_despues,normal,reparada,giro_inclinacion,diferente_zonas,seco,89
tabique_cerramiento,red_mapa,cerrada_fina,union_otro_elemento,multiples_distintos_planos,se_cierra_al_alejarse,no_hay,normal,normal,no,manchas_oxido,correctos,menos_5,costero_marino,anos_despues,sobrecarga,original,desplazamiento_lateral,hueco,seco,74
voladizo,diagonal_45_75,cerrada_fina,union_otro_elemento,multiples_paralelas,se_cierra_al_alejarse,no_hay,manchas_blancas,normal,completamente,oxidada_visible,correctos,menos_5,sumergido,anos_despues,normal,original,no,solido,seco,47
voladizo,red_mapa,media,base,ramificada,se_cierra_al_alejarse,recubrimiento_desprendido,normal,normal,parcialmente,no_visible,separados,menos_5,interior,durante_construccion,normal,original,desplazamiento_lateral,solido,humedo,55
forjado_unidireccional,vertical,media,base,ramificada,estable,no_hay,normal,normal,no,manchas_oxido,correctos,menos_5,industrial,durante_construccion,normal,original,no,diferente_zonas,seco,49
tabique_cerramiento,diagonal_45,cerrada_fina,centro,unica,estable,no_hay,normal,humedo_filtraciones,no,manchas_oxido,correctos,5_a_20,sumergido,subita_reciente,normal,original,giro_inclinacion,solido,seco,75
viga,vertical,cerrada_fina,perimetro,periodica,se_cierra_al_alejarse,desmoronandose,normal,disgregado,no,no_visible,correctos,mas_50,sumergido,subita_reciente,sobrecarga,recien_desencofrada,aplastamiento,solido,seco,60
voladizo,vertical,media,centro,unica,se_abre_con_tiempo,no_hay,normal,normal,no,no_visible,correctos,mas_50,sumergido,primeros_meses,sobrecarga,reforzada,flecha_abajo,solido,seco,57
muro,diagonal_45,media,esquinas,multiples_distintos_planos,se_cierra_al_descender,no_hay,manchas_blancas,normal,parcialmente,manchas_oxido,correctos,20_a_50,interior,primeras_semanas,normal,reforzada,no,diferente_zonas,seco,93
forjado_unidireccional,diagonal_45,cerrada_fina,cara_inferior,multiples_distintos_planos,se_cierra_al_alejarse,no_hay,normal,humedo_filtraciones,no,no_visible,correctos,mas_50,costero_marino,anos_despues,sobrecarga,original,no,diferente_zonas,filtracion_activa,67
viga,diagonal_45,abierta,base,ramificada,aparecio_de_golpe,no_hay,manchas_oxido,normal,no,manchas_oxido,desplazados,20_a_50,interior,subita_reciente,normal,original,flecha_abajo,solido,humedo,20
cimentacion_zapata,diagonal_45_75,media,base,ramificada,se_abre_con_tiempo,no_hay,normal,poroso,no,manchas_oxido,correctos,menos_5,sumergido,subita_reciente,normal,original,desplazamiento_lateral,diferente_zonas,humedo,88
viga,red_mapa,media,cara_inferior,multiples_paralelas,se_cierra_al_alejarse,no_hay,normal,poroso,no,manchas_oxido,separados,5_a_20,costero_marino,subita_reciente,normal,original,aplastamiento,diferente_zonas,salpicadura,26
forjado_reticular,diagonal_45,media,union_otro_elemento,multiples_distintos_planos,estable,no_hay,normal,normal,no,no_visible,correctos,menos_5,costero_marino,durante_construccion,normal,recien_desencofrada,no,solido,seco,52
mensula,diagonal_45,abierta,centro,ramificada,se_abre_con_tiempo,recubrimiento_desprendido,normal,normal,parcialmente,perdida_seccion,correctos,20_a_50,industrial,anos_despues,sobrecarga,original,flecha_abajo,solido,seco,34
cimentacion_zapata,red_mapa,cerrada_fina,cabeza,ramificada,se_cierra_al_alejarse,no_hay,normal,normal,no,no_visible,correctos,mas_50,costero_marino,primeras_semanas,descarga,reforzada,no,solido,humedo,94
pilar,vertical,abierta,esquinas,ramificada,aparecio_de_golpe,recubrimiento_desprendido,manchas_blancas,poroso,completamente,perdida_seccion,separados,menos_5,interior,subita_reciente,impacto_sismo,original,flecha_abajo,diferente_zonas,seco,3
pilar,red_mapa,grieta_separacion,base,periodica,se_abre_con_tiempo,recubrimiento_desprendido,normal,disgregado,parcialmente,no_visible,correctos,5_a_20,costero_marino,anos_despues,normal,original,flecha_abajo,hueco,humedo,2
viga,sin_fisura,cerrada_fina,centro,unica,estable,recubrimiento_desprendido,normal,normal,no,no_visible,desplazados,menos_5,exterior_continental,durante_construccion,normal,recien_desencofrada,no,solido,humedo,27
voladizo,horizontal,cerrada_fina,esquinas,ramificada,se_abre_con_tiempo,no_hay,normal,normal,no,no_visible,correctos,menos_5,exterior_continental,anos_despues,sobrecarga,original,no,diferente_zonas,humedo,67
tabique_cerramiento,diagonal_45,abierta,base,ramificada,se_abre_con_tiempo,recubrimiento_desprendido,normal,normal,no,manchas_oxido,correctos,20_a_50,exterior_continental,primeras_semanas,normal,original,flecha_abajo,diferente_zonas,seco,35
voladizo,diagonal_45,grieta_separacion,perimetro,ramificada,se_abre_con_tiempo,no_hay,normal,normal,completamente,oxidada_visible,separados,mas_50,interior,primeros_meses,normal,reforzada,desplazamiento_lateral,hueco,seco,35
pilar,diagonal_45,grieta_separacion,esquinas,periodica,aparecio_de_golpe,recubrimiento_desprendido,manchas_oxido,normal,completamente,manchas_oxido,separados,20_a_50,costero_marino,subita_reciente,sobrecarga,original,flecha_abajo,diferente_zonas,humedo,1
forjado_unidireccional,horizontal,cerrada_fina,base,periodica,aparecio_de_golpe,recubrimiento_desprendido,normal,normal,no,no_visible,correctos,20_a_50,exterior_continental,anos_despues,impacto_sismo,original,no,diferente_zonas,seco,56
cimentacion_zapata,horizontal,cerrada_fina,cabeza,periodica,se_abre_con_tiempo,no_hay,normal,normal,no,no_visible,correctos,menos_5,sumergido,anos_despues,normal,original,no,diferente_zonas,seco,92
viga,diagonal_45,abierta,base,multiples_distintos_planos,aparecio_de_golpe,perdida_seccion,normal,humedo_filtraciones,parcialmente,manchas_oxido,ausentes,20_a_50,sumergido,durante_construccion,sobrecarga,reforzada,giro_inclinacion,diferente_zonas,seco,17
viga,sin_fisura,cerrada_fina,union_otro_elemento,unica,estable,no_hay,normal,normal,no,no_visible,correctos,20_a_50,industrial,anos_despues,normal,reparada,no,solido,seco,59
viga,diagonal_45,abierta,base,ramificada,aparecio_de_golpe,no_hay,normal,disgregado,parcialmente,oxidada_visible,ausentes,5_a_20,industrial,subita_reciente,sobrecarga,original,no,solido,humedo,20
viga,sin_fisura,cerrada_fina,union_otro_elemento,unica,estable,no_hay,manchas_blancas,humedo_filtraciones,no,no_visible,correctos,20_a_50,costero_marino,subita_reciente,sobrecarga,original,no,solido,filtracion_activa,65
muro,vertical,abierta,base,periodica,se_cierra_al_descender,no_hay,manchas_blancas,normal,no,manchas_oxido,correctos,menos_5,costero_marino,primeras_semanas,sobrecarga,original,flecha_abajo,diferente_zonas,humedo,88
tabique_cerramiento,horizontal,grieta_separacion,cara_inferior,multiples_distintos_planos,aparecio_de_golpe,desmoronandose,oscurecido,disgregado,no,no_visible,correctos,mas_50,sumergido,primeras_semanas,normal,original,no,solido,seco,72
viga,vertical,media,ambas_caras,periodica,se_cierra_al_alejarse,no_hay,normal,normal,parcialmente,manchas_oxido,correctos,menos_5,interior,anos_despues,normal,recien_desencofrada,flecha_abajo,diferente_zonas,salpicadura,32
vigueta,horizontal,abierta,union_otro_elemento,unica,aparecio_de_golpe,no_hay,normal,normal,no,no_visible,correctos,mas_50,exterior_continental,durante_construccion,normal,original,no,diferente_zonas,seco,42
cimentacion_zapata,diagonal_45_75,cerrada_fina,base,multiples_paralelas,estable,no_hay,manchas_blancas,disgregado,no,manchas_oxido,separados,20_a_50,costero_marino,anos_despues,normal,reparada,no,hueco,seco,85
forjado_reticular,vertical,cerrada_fina,cabeza,multiples_paralelas,se_cierra_al_alejarse,desmoronandose,normal,poroso,parcialmente,perdida_seccion,ausentes,5_a_20,industrial,subita_reciente,normal,recien_desencofrada,no,solido,seco,58
muro,vertical,cerrada_fina,union_otro_elemento,multiples_distintos_planos,se_cierra_al_descender,no_hay,manchas_blancas,normal,no,no_visible,correctos,mas_50,industrial,durante_construccion,descarga,reparada,no,solido,seco,76
forjado_unidireccional,horizontal,media,perimetro,multiples_distintos_planos,estable,no_hay,normal,normal,parcialmente,no_visible,correctos,5_a_20,costero_marino,subita_reciente,normal,recien_desencofrada,no,solido,seco,52
pilar,sin_fisura,cerrada_fina,base,unica,estable,desmoronandose,manchas_oxido,disgregado,parcialmente,no_visible,correctos,menos_5,industrial,primeras_semanas,sobrecarga,recien_desencofrada,desplazamiento_lateral,hueco,seco,2
pilar,diagonal_45,cerrada_fina,base,periodica,se_cierra_al_alejarse,no_hay,normal,normal,no,no_visible,correctos,20_a_50,costero_marino,primeras_semanas,sobrecarga,original,no,diferente_zonas,seco,61
voladizo,vertical,cerrada_fina,centro,ramificada,aparecio_de_golpe,perdida_seccion,normal,normal,no,no_visible,correctos,20_a_50,industrial,subita_reciente,sobrecarga,original,aplastamiento,solido,humedo,60
muro,diagonal_45,media,union_otro_elemento,unica,se_cierra_al_alejarse,no_hay,normal,normal,no,no_visible,correctos,20_a_50,industrial,durante_construccion,sobrecarga,original,flecha_abajo,hueco,seco,92
viga,diagonal_45,abierta,esquinas,unica,se_cierra_al_alejarse,no_hay,normal,normal,no,no_visible,desplazados,20_a_50,industrial,primeras_semanas,sobrecarga,original,no,solido,seco,31
voladizo,sin_fisura,cerrada_fina,ambas_caras,unica,estable,no_hay,normal,normal,no,manchas_oxido,correctos,5_a_20,costero_marino,primeras_semanas,normal,original,no,solido,humedo,59
pilar,red_mapa,grieta_separacion,esquinas,multiples_distintos_planos,aparecio_de_golpe,recubrimiento_desprendido,manchas_oxido,normal,parcialmente,oxidada_visible,separados,20_a_50,sumergido,durante_construccion,sobrecarga,recien_desencofrada,no,diferente_zonas,seco,1
pilar,vertical,abierta,union_otro_elemento,unica,aparecio_de_golpe,desmoronandose,normal,disgregado,no,no_visible,correctos,5_a_20,industrial,subita_reciente,normal,original,no,solido,humedo,62
muro,vertical,cerrada_fina,base,ramificada,se_cierra_al_descender,no_hay,normal,normal,parcialmente,perdida_seccion,desplazados,20_a_50,exterior_continental,durante_construccion,impacto_sismo,reparada,no,solido,humedo,70
muro,vertical,cerrada_fina,cabeza,ramificada,se_cierra_al_alejarse,no_hay,normal,poroso,parcialmente,perdida_seccion,correctos,20_a_50,interior,subita_reciente,impacto_sismo,recien_desencofrada,no,diferente_zonas,seco,70
forjado_reticular,red_mapa,media,esquinas,ramificada,se_abre_con_tiempo,no_hay,normal,normal,parcialmente,no_visible,correctos,5_a_20,interior,primeros_meses,sobrecarga,original,flecha_abajo,diferente_zonas,seco,54
pilar,vertical,media,esquinas,unica,se_cierra_al_alejarse,no_hay,normal,normal,no,no_visible,correctos,menos_5,costero_marino,anos_despues,impacto_sismo,original,desplazamiento_lateral,diferente_zonas,seco,16
viga,diagonal_45_75,cerrada_fina,cabeza,ramificada,estable,recubrimiento_desprendido,manchas_blancas,normal,no,no_visible,correctos,5_a_20,interior,durante_construccion,normal,recien_desencofrada,flecha_abajo,solido,seco,62
viga,diagonal_45_75,cerrada_fina,cara_inferior,unica,se_cierra_al_alejarse,no_hay,manchas_blancas,normal,completamente,oxidada_visible,correctos,menos_5,sumergido,durante_construccion,sobrecarga,original,no,diferente_zonas,humedo,15
cimentacion_zapata,diagonal_45_75,cerrada_fina,union_otro_elemento,multiples_distintos_planos,se_abre_con_tiempo,no_hay,normal,normal,no,no_visible,correctos,20_a_50,interior,primeros_meses,normal,original,desplazamiento_lateral,hueco,seco,89
pilar,vertical,media,union_otro_elemento,periodica,aparecio_de_golpe,no_hay,normal,normal,no,no_visible,correctos,20_a_50,industrial,durante_construccion,impacto_sismo,original,no,solido,seco,9
vigueta,diagonal_45_75,abierta,ambas_caras,multiples_distintos_planos,aparecio_de_golpe,recubrimiento_desprendido,normal,normal,no,manchas_oxido,separados,menos_5,industrial,subita_reciente,sobrecarga,reparada,no,diferente_zonas,salpicadura,44
vigueta,vertical,abierta,centro,multiples_distintos_planos,se_abre_con_tiempo,recubrimiento_desprendido,oscurecido,normal,parcialmente,manchas_oxido,separados,5_a_20,industrial,subita_reciente,sobrecarga,original,no,diferente_zonas,humedo,44
viga,diagonal_45_75,media,cabeza,multiples_distintos_planos,aparecio_de_golpe,perdida_seccion,normal,disgregado,completamente,manchas_oxido,separados,menos_5,costero_marino,primeras_semanas,sobrecarga,original,no,diferente_zonas,seco,17
forjado_unidireccional,red_mapa,media,perimetro,multiples_distintos_planos,estable,no_hay,normal,normal,parcialmente,no_visible,correctos,mas_50,exterior_continental,primeras_semanas,sobrecarga,original,no,solido,humedo,66
muro,diagonal_45_75,abierta,ambas_caras,multiples_distintos_planos,estable,no_hay,normal,normal,no,no_visible,correctos,5_a_20,interior,durante_construccion,sobrecarga,original,desplazamiento_lateral,hueco,humedo,74
viga,diagonal_45_75,abierta,union_otro_elemento,multiples_paralelas,estable,perdida_seccion,normal,normal,parcialmente,manchas_oxido,separados,5_a_20,industrial,durante_construccion,normal,original,no,hueco,humedo,22
muro,sin_fisura,cerrada_fina,cara_inferior,unica,estable,no_hay,manchas_blancas,humedo_filtraciones,no,manchas_oxido,separados,menos_5,exterior_continental,subita_reciente,sobrecarga,reparada,no,solido,humedo,79
forjado_unidireccional,vertical,cerrada_fina,perimetro,multiples_paralelas,estable,no_hay,oscurecido,poroso,no,no_visible,correctos,menos_5,interior,subita_reciente,normal,reforzada,no,diferente_zonas,humedo,71
forjado_unidireccional,horizontal,media,esquinas,multiples_distintos_planos,aparecio_de_golpe,no_hay,normal,normal,no,no_visible,separados,menos_5,exterior_continental,subita_reciente,sobrecarga,original,flecha_abajo,solido,humedo,57
tabique_cerramiento,sin_fisura,cerrada_fina,cara_inferior,unica,estable,no_hay,normal,normal,parcialmente,oxidada_visible,correctos,menos_5,costero_marino,anos_despues,normal,recien_desencofrada,no,solido,humedo,63
tabique_cerramiento,vertical,grieta_separacion,union_otro_elemento,periodica,aparecio_de_golpe,perdida_seccion,normal,disgregado,no,no_visible,correctos,menos_5,industrial,anos_despues,normal,original,flecha_abajo,hueco,seco,2
mensula,horizontal,cerrada_fina,union_otro_elemento,multiples_paralelas,se_cierra_al_descender,no_hay,normal,normal,no,no_visible,correctos,5_a_20,sumergido,subita_reciente,normal,original,no,solido,seco,36
forjado_unidireccional,sin_fisura,cerrada_fina,centro,unica,estable,no_hay,normal,humedo_filtraciones,no,manchas_oxido,correctos,menos_5,sumergido,primeras_semanas,normal,reparada,giro_inclinacion,hueco,seco,50
cimentacion_zapata,horizontal,media,cara_inferior,multiples_distintos_planos,se_cierra_al_descender,no_hay,manchas_oxido,normal,no,no_visible,ausentes,5_a_20,industrial,durante_construccion,normal,original,no,solido,seco,72
vigueta,sin_fisura,cerrada_fina,union_otro_elemento,unica,estable,desmoronandose,normal,disgregado,no,no_visible,correctos,20_a_50,costero_marino,anos_despues,normal,original,aplastamiento,diferente_zonas,humedo,38
muro,vertical,media,cara_inferior,multiples_distintos_planos,se_cierra_al_alejarse,no_hay,normal,poroso,completamente,oxidada_visible,correctos,5_a_20,costero_marino,anos_despues,normal,original,no,solido,seco,74
voladizo,diagonal_45,abierta,cara_inferior,unica,se_cierra_al_descender,recubrimiento_desprendido,normal,normal,completamente,no_visible,correctos,menos_5,sumergido,anos_despues,normal,original,no,hueco,seco,48
pilar,vertical,abierta,cara_inferior,multiples_distintos_planos,se_abre_con_tiempo,no_hay,normal,normal,completamente,manchas_oxido,separados,menos_5,sumergido,durante_construccion,sobrecarga,recien_desencofrada,desplazamiento_lateral,hueco,humedo,15
forjado_unidireccional,sin_fisura,cerrada_fina,base,unica,estable,no_hay,normal,normal,no,manchas_oxido,correctos,menos_5,costero_marino,subita_reciente,normal,recien_desencofrada,no,solido,seco,49
viga,sin_fisura,cerrada_fina,perimetro,unica,estable,no_hay,normal,normal,no,no_visible,desplazados,menos_5,interior,durante_construccion,sobrecarga,recien_desencofrada,no,diferente_zonas,seco,27
vigueta,diagonal_45_75,media,union_otro_elemento,ramificada,se_cierra_al_alejarse,recubrimiento_desprendido,normal,poroso,parcialmente,manchas_oxido,correctos,menos_5,sumergido,durante_construccion,descarga,original,flecha_abajo,diferente_zonas,seco,41
voladizo,diagonal_45_75,media,esquinas,periodica,se_cierra_al_descender,no_hay,normal,normal,no,manchas_oxido,correctos,5_a_20,costero_marino,anos_despues,normal,recien_desencofrada,no,solido,seco,61
viga,diagonal_45_75,cerrada_fina,cabeza,multiples_distintos_planos,se_abre_con_tiempo,no_hay,normal,normal,completamente,no_visible,separados,menos_5,costero_marino,primeras_semanas,descarga,recien_desencofrada,no,solido,seco,14
pilar,vertical,grieta_separacion,base,multiples_paralelas,aparecio_de_golpe,perdida_seccion,normal,normal,completamente,no_visible,separados,menos_5,sumergido,durante_construccion,normal,recien_desencofrada,desplazamiento_lateral,hueco,seco,5
forjado_reticular,red_mapa,media,ambas_caras,multiples_paralelas,se_cierra_al_descender,no_hay,manchas_blancas,normal,no,manchas_oxido,correctos,5_a_20,costero_marino,anos_despues,normal,original,flecha_abajo,hueco,seco,24
pilar,sin_fisura,cerrada_fina,cabeza,unica,estable,no_hay,manchas_blancas,humedo_filtraciones,no,no_visible,separados,20_a_50,exterior_continental,primeros_meses,normal,reforzada,no,diferente_zonas,humedo,11
viga,diagonal_45,media,perimetro,ramificada,se_cierra_al_descender,desmoronandose,normal,disgregado,parcialmente,manchas_oxido,correctos,5_a_20,sumergido,anos_despues,normal,original,desplazamiento_lateral,diferente_zonas,seco,18
viga,diagonal_45_75,cerrada_fina,centro,multiples_distintos_planos,se_cierra_al_alejarse,no_hay,normal,normal,no,no_visible,correctos,20_a_50,exterior_continental,anos_despues,normal,original,no,solido,seco,68
voladizo,sin_fisura,cerrada_fina,base,unica,estable,no_hay,normal,normal,no,no_visible,correctos,5_a_20,costero_marino,durante_construccion,sobrecarga,original,no,diferente_zonas,seco,47
vigueta,diagonal_45,abierta,cara_inferior,periodica,se_cierra_al_descender,no_hay,oscurecido,humedo_filtraciones,no,manchas_oxido,correctos,5_a_20,sumergido,durante_construccion,normal,original,flecha_abajo,solido,filtracion_activa,37
forjado_unidireccional,diagonal_45,abierta,esquinas,unica,se_cierra_al_alejarse,no_hay,manchas_oxido,humedo_filtraciones,no,manchas_oxido,correctos,menos_5,costero_marino,primeras_semanas,normal,recien_desencofrada,flecha_abajo,diferente_zonas,seco,49
pilar,diagonal_45_75,abierta,centro,multiples_distintos_planos,se_abre_con_tiempo,no_hay,normal,normal,completamente,manchas_oxido,correctos,menos_5,sumergido,primeras_semanas,impacto_sismo,recien_desencofrada,desplazamiento_lateral,diferente_zonas,humedo,15
viga,sin_fisura,cerrada_fina,esquinas,unica,estable,no_hay,normal,normal,no,manchas_oxido,correctos,menos_5,industrial,primeros_meses,normal,original,flecha_abajo,diferente_zonas,humedo,28
viga,horizontal,media,base,unica,estable,perdida_seccion,normal,poroso,parcialmente,no_visible,correctos,menos_5,sumergido,subita_reciente,sobrecarga,original,no,diferente_zonas,humedo,56
mensula,diagonal_45,grieta_separacion,cabeza,unica,se_cierra_al_alejarse,perdida_seccion,normal,poroso,completamente,no_visible,separados,menos_5,exterior_continental,primeras_semanas,normal,recien_desencofrada,giro_inclinacion,hueco,seco,8
forjado_reticular,red_mapa,grieta_separacion,perimetro,ramificada,aparecio_de_golpe,recubrimiento_desprendido,normal,normal,parcialmente,oxidada_visible,separados,menos_5,costero_marino,subita_reciente,normal,original,no,hueco,seco,53
viga,diagonal_45,cerrada_fina,cara_inferior,multiples_paralelas,estable,no_hay,normal,normal,no,no_visible,correctos,5_a_20,costero_marino,primeros_meses,normal,original,no,diferente_zonas,seco,64
mensula,sin_fisura,cerrada_fina,union_otro_elemento,unica,estable,no_hay,manchas_oxido,normal,no,no_visible,correctos,5_a_20,exterior_continental,primeras_semanas,sobrecarga,original,no,diferente_zonas,humedo,36
tabique_cerramiento,horizontal,cerrada_fina,union_otro_elemento,multiples_paralelas,se_cierra_al_alejarse,no_hay,oscurecido,normal,parcialmente,no_visible,correctos,menos_5,exterior_continental,primeras_semanas,normal,original,no,solido,seco,73
vigueta,sin_fisura,cerrada_fina,cabeza,unica,estable,recubrimiento_desprendido,normal,normal,no,no_visible,correctos,20_a_50,exterior_continental,anos_despues,sobrecarga,original,no,solido,humedo,38
mensula,vertical,cerrada_fina,cara_inferior,periodica,estable,no_hay,normal,normal,no,manchas_oxido,correctos,20_a_50,interior,durante_construccion,impacto_sismo,recien_desencofrada,desplazamiento_lateral,hueco,filtracion_activa,33
tabique_cerramiento,diagonal_45,grieta_separacion,cabeza,multiples_distintos_planos,se_cierra_al_alejarse,recubrimiento_desprendido,normal,normal,parcialmente,manchas_oxido,separados,menos_5,costero_marino,primeras_semanas,normal,recien_desencofrada,giro_inclinacion,hueco,seco,5
viga,vertical,cerrada_fina,esquinas,periodica,se_abre_con_tiempo,no_hay,normal,normal,no,no_visible,separados,menos_5,industrial,durante_construccion,sobrecarga,original,no,solido,seco,27
muro,sin_fisura,cerrada_fina,cabeza,unica,estable,desmoronandose,oscurecido,disgregado,no,no_visible,separados,20_a_50,industrial,anos_despues,sobrecarga,reparada,aplastamiento,diferente_zonas,seco,95
forjado_reticular,horizontal,media,base,multiples_paralelas,se_cierra_al_alejarse,recubrimiento_desprendido,normal,normal,no,manchas_oxido,correctos,mas_50,costero_marino,primeras_semanas,normal,original,giro_inclinacion,hueco,seco,56
viga,diagonal_45,cerrada_fina,union_otro_elemento,multiples_distintos_planos,estable,no_hay,normal,normal,no,manchas_oxido,correctos,5_a_20,exterior_continental,primeras_semanas,sobrecarga,original,no,solido,humedo,23
viga,horizontal,cerrada_fina,centro,multiples_paralelas,se_cierra_al_descender,no_hay,normal,normal,parcialmente,no_visible,separados,menos_5,interior,subita_reciente,sobrecarga,original,flecha_abajo,hueco,humedo,57
muro,diagonal_45,cerrada_fina,esquinas,periodica,estable,no_hay,normal,normal,no,no_visible,correctos,menos_5,industrial,primeros_meses,normal,original,no,solido,seco,75
vigueta,diagonal_45,media,cara_inferior,multiples_paralelas,estable,no_hay,normal,normal,parcialmente,no_visible,separados,20_a_50,industrial,subita_reciente,sobrecarga,reparada,flecha_abajo,solido,seco,39
pilar,diagonal_45_75,cerrada_fina,union_otro_elemento,periodica,estable,no_hay,normal,humedo_filtraciones,no,manchas_oxido,correctos,5_a_20,exterior_continental,subita_reciente,normal,original,no,diferente_zonas,humedo,10
tabique_cerramiento,diagonal_45,cerrada_fina,esquinas,ramificada,se_cierra_al_alejarse,no_hay,normal,humedo_filtraciones,no,no_visible,correctos,menos_5,exterior_continental,primeras_semanas,normal,original,no,solido,filtracion_activa,77
tabique_cerramiento,diagonal_45,cerrada_fina,cara_inferior,ramificada,estable,no_hay,normal,normal,no,no_visible,correctos,menos_5,exterior_continental,primeras_semanas,normal,reparada,no,solido,seco,78
viga,horizontal,media,esquinas,multiples_distintos_planos,se_abre_con_tiempo,no_hay,manchas_oxido,normal,no,manchas_oxido,correctos,20_a_50,industrial,primeros_meses,sobrecarga,original,flecha_abajo,hueco,seco,24
viga,vertical,abierta,base,multiples_distintos_planos,se_cierra_al_alejarse,recubrimiento_desprendido,normal,poroso,no,manchas_oxido,correctos,20_a_50,industrial,primeras_semanas,sobrecarga,recien_desencofrada,desplazamiento_lateral,diferente_zonas,seco,19
viga,red_mapa,media,cara_inferior,periodica,aparecio_de_golpe,no_hay,normal,normal,completamente,perdida_seccion,correctos,5_a_20,costero_marino,subita_reciente,sobrecarga,original,flecha_abajo,hueco,seco,15
forjado_unidireccional,diagonal_45_75,cerrada_fina,base,multiples_paralelas,se_cierra_al_alejarse,no_hay,normal,normal,parcialmente,no_visible,correctos,20_a_50,industrial,anos_despues,normal,original,no,diferente_zonas,seco,59
viga,sin_fisura,cerrada_fina,union_otro_elemento,unica,estable,no_hay,manchas_blancas,humedo_filtraciones,no,no_visible,correctos,mas_50,costero_marino,primeros_meses,normal,reforzada,no,hueco,humedo,29
voladizo,red_mapa,media,centro,periodica,estable,no_hay,normal,poroso,no,no_visible,correctos,20_a_50,exterior_continental,anos_despues,normal,reparada,no,solido,seco,62
mensula,diagonal_45,abierta,ambas_caras,ramificada,se_abre_con_tiempo,no_hay,oscurecido,normal,parcialmente,no_visible,correctos,5_a_20,interior,subita_reciente,sobrecarga,original,no,diferente_zonas,seco,34
viga,red_mapa,abierta,perimetro,multiples_distintos_planos,estable,no_hay,oscurecido,normal,parcialmente,perdida_seccion,correctos,mas_50,industrial,anos_despues,normal,reparada,no,solido,seco,28
voladizo,horizontal,abierta,ambas_caras,multiples_distintos_planos,se_cierra_al_alejarse,recubrimiento_desprendido,manchas_blancas,normal,parcialmente,manchas_oxido,correctos,5_a_20,interior,durante_construccion,normal,original,desplazamiento_lateral,diferente_zonas,humedo,46
forjado_unidireccional,vertical,cerrada_fina,cara_inferior,unica,aparecio_de_golpe,desmoronandose,normal,disgregado,no,no_visible,correctos,20_a_50,exterior_continental,primeras_semanas,sobrecarga,recien_desencofrada,flecha_abajo,solido,seco,57
pilar,vertical,grieta_separacion,cabeza,unica,se_abre_con_tiempo,perdida_seccion,normal,poroso,no,no_visible,separados,mas_50,costero_marino,primeros_meses,descarga,original,flecha_abajo,diferente_zonas,seco,4
forjado_reticular,vertical,abierta,base,ramificada,estable,recubrimiento_desprendido,normal,normal,no,no_visible,separados,5_a_20,sumergido,primeros_meses,normal,recien_desencofrada,flecha_abajo,hueco,seco,81
mensula,vertical,abierta,cabeza,periodica,se_abre_con_tiempo,recubrimiento_desprendido,normal,normal,no,manchas_oxido,correctos,mas_50,sumergido,subita_reciente,normal,original,flecha_abajo,diferente_zonas,seco,34
pilar,diagonal_45,media,esquinas,unica,se_cierra_al_alejarse,no_hay,normal,normal,completamente,oxidada_visible,correctos,menos_5,exterior_continental,durante_construccion,sobrecarga,original,no,solido,humedo,13
viga,diagonal_45_75,abierta,ambas_caras,periodica,se_abre_con_tiempo,recubrimiento_desprendido,oscurecido,normal,parcialmente,manchas_oxido,ausentes,5_a_20,exterior_continental,subita_reciente,sobrecarga,original,giro_inclinacion,hueco,seco,17
forjado_unidireccional,red_mapa,abierta,centro,multiples_distintos_planos,aparecio_de_golpe,recubrimiento_desprendido,normal,poroso,parcialmente,no_visible,separados,20_a_50,costero_marino,subita_reciente,normal,reforzada,desplazamiento_lateral,diferente_zonas,seco,55
viga,horizontal,abierta,perimetro,multiples_paralelas,se_cierra_al_descender,no_hay,manchas_oxido,poroso,no,manchas_oxido,correctos,5_a_20,costero_marino,subita_reciente,sobrecarga,original,flecha_abajo,diferente_zonas,salpicadura,26
pilar,diagonal_45_75,grieta_separacion,esquinas,multiples_distintos_planos,aparecio_de_golpe,perdida_seccion,normal,humedo_filtraciones,parcialmente,no_visible,desplazados,menos_5,costero_marino,durante_construccion,normal,original,desplazamiento_lateral,diferente_zonas,seco,5
forjado_unidireccional,diagonal_45,media,base,multiples_distintos_planos,se_cierra_al_alejarse,no_hay,manchas_oxido,normal,no,no_visible,correctos,mas_50,exterior_continental,subita_reciente,normal,original,flecha_abajo,solido,seco,69
viga,diagonal_45_75,grieta_separacion,cabeza,multiples_distintos_planos,aparecio_de_golpe,recubrimiento_desprendido,normal,normal,no,manchas_oxido,desplazados,menos_5,interior,durante_construccion,sobrecarga,original,giro_inclinacion,diferente_zonas,seco,17
pilar,diagonal_45_75,abierta,cabeza,periodica,estable,recubrimiento_desprendido,normal,normal,parcialmente,no_visible,correctos,5_a_20,exterior_continental,primeros_meses,normal,reforzada,no,diferente_zonas,humedo,12
voladizo,red_mapa,abierta,base,ramificada,aparecio_de_golpe,no_hay,normal,normal,parcialmente,no_visible,correctos,20_a_50,sumergido,durante_construccion,normal,original,no,solido,seco,61
cimentacion_zapata,red_mapa,media,union_otro_elemento,ramificada,estable,no_hay,normal,normal,no,no_visible,correctos,menos_5,industrial,anos_despues,normal,reforzada,desplazamiento_lateral,hueco,seco,81
viga,horizontal,media,base,multiples_paralelas,se_abre_con_tiempo,recubrimiento_desprendido,normal,normal,no,manchas_oxido,separados,5_a_20,costero_marino,primeros_meses,sobrecarga,original,no,diferente_zonas,seco,19
forjado_unidireccional,red_mapa,abierta,ambas_caras,multiples_distintos_planos,aparecio_de_golpe,recubrimiento_desprendido,normal,poroso,parcialmente,oxidada_visible,separados,mas_50,industrial,durante_construccion,normal,original,flecha_abajo,hueco,humedo,53
vigueta,horizontal,cerrada_fina,esquinas,multiples_distintos_planos,se_cierra_al_descender,no_hay,manchas_oxido,humedo_filtraciones,no,no_visible,correctos,menos_5,exterior_continental,durante_construccion,normal,recien_desencofrada,flecha_abajo,diferente_zonas,filtracion_activa,40
tabique_cerramiento,diagonal_45,cerrada_fina,centro,ramificada,estable,no_hay,normal,poroso,no,no_visible,correctos,menos_5,exterior_continental,durante_construccion,sobrecarga,original,no,solido,humedo,71
pilar,red_mapa,abierta,base,ramificada,estable,perdida_seccion,normal,disgregado,no,no_visible,correctos,20_a_50,industrial,primeras_semanas,sobrecarga,original,desplazamiento_lateral,hueco,seco,2
muro,horizontal,media,base,multiples_paralelas,estable,no_hay,normal,normal,no,manchas_oxido,correctos,20_a_50,sumergido,primeras_semanas,sobrecarga,reparada,flecha_abajo,diferente_zonas,seco,45
cimentacion_zapata,horizontal,abierta,base,periodica,se_abre_con_tiempo,no_hay,normal,normal,parcialmente,no_visible,correctos,mas_50,costero_marino,anos_despues,normal,reforzada,desplazamiento_lateral,solido,seco,85
tabique_cerramiento,diagonal_45,cerrada_fina,cara_inferior,unica,se_cierra_al_alejarse,no_hay,normal,normal,no,no_visible,correctos,20_a_50,sumergido,primeros_meses,normal,original,no,diferente_zonas,seco,64
muro,diagonal_45,abierta,cabeza,unica,aparecio_de_golpe,recubrimiento_desprendido,normal,normal,completamente,no_visible,separados,5_a_20,industrial,durante_construccion,impacto_sismo,original,desplazamiento_lateral,diferente_zonas,seco,5
viga,red_mapa,cerrada_fina,cabeza,multiples_distintos_planos,se_abre_con_tiempo,no_hay,normal,normal,parcialmente,no_visible,correctos,menos_5,sumergido,primeras_semanas,descarga,recien_desencofrada,no,solido,humedo,14
cimentacion_zapata,horizontal,media,cara_inferior,multiples_distintos_planos,aparecio_de_golpe,recubrimiento_desprendido,manchas_oxido,normal,parcialmente,no_visible,correctos,5_a_20,interior,primeros_meses,sobrecarga,original,aplastamiento,hueco,seco,95
viga,red_mapa,abierta,union_otro_elemento,multiples_distintos_planos,aparecio_de_golpe,recubrimiento_desprendido,oscurecido,disgregado,no,manchas_oxido,separados,menos_5,exterior_continental,subita_reciente,normal,original,no,diferente_zonas,humedo,22
forjado_unidireccional,red_mapa,cerrada_fina,base,unica,se_cierra_al_alejarse,no_hay,normal,normal,no,no_visible,correctos,mas_50,industrial,durante_construccion,normal,original,no,solido,seco,59
tabique_cerramiento,horizontal,cerrada_fina,cara_inferior,periodica,estable,recubrimiento_desprendido,manchas_oxido,normal,no,no_visible,separados,5_a_20,exterior_continental,primeras_semanas,sobrecarga,original,flecha_abajo,solido,seco,57
viga,red_mapa,cerrada_fina,centro,unica,estable,no_hay,normal,normal,no,no_visible,correctos,20_a_50,sumergido,primeras_semanas,sobrecarga,original,no,solido,filtracion_activa,28
tabique_cerramiento,vertical,cerrada_fina,cara_inferior,multiples_paralelas,aparecio_de_golpe,no_hay,manchas_blancas,humedo_filtraciones,completamente,oxidada_visible,correctos,menos_5,sumergido,subita_reciente,normal,reparada,giro_inclinacion,solido,humedo,79
cimentacion_zapata,red_mapa,abierta,base,unica,se_cierra_al_descender,no_hay,normal,normal,no,no_visible,correctos,menos_5,costero_marino,anos_despues,impacto_sismo,original,desplazamiento_lateral,diferente_zonas,humedo,81
pilar,red_mapa,abierta,cara_inferior,ramificada,estable,perdida_seccion,manchas_oxido,disgregado,parcialmente,manchas_oxido,correctos,mas_50,costero_marino,anos_despues,normal,original,no,diferente_zonas,salpicadura,6
viga,diagonal_45,abierta,cabeza,ramificada,estable,recubrimiento_desprendido,manchas_blancas,normal,parcialmente,oxidada_visible,ausentes,menos_5,costero_marino,durante_construccion,sobrecarga,recien_desencofrada,giro_inclinacion,diferente_zonas,seco,21
viga,red_mapa,abierta,union_otro_elemento,multiples_distintos_planos,aparecio_de_golpe,recubrimiento_desprendido,normal,normal,parcialmente,oxidada_visible,desplazados,5_a_20,sumergido,durante_construccion,normal,reforzada,flecha_abajo,diferente_zonas,seco,22
pilar,sin_fisura,cerrada_fina,cabeza,unica,estable,no_hay,oscurecido,normal,completamente,no_visible,correctos,menos_5,costero_marino,primeros_meses,descarga,recien_desencofrada,no,diferente_zonas,seco,14
forjado_reticular,diagonal_45,media,perimetro,multiples_distintos_planos,se_cierra_al_alejarse,no_hay,normal,normal,completamente,oxidada_visible,correctos,menos_5,sumergido,durante_construccion,sobrecarga,recien_desencofrada,desplazamiento_lateral,diferente_zonas,seco,15
tabique_cerramiento,vertical,cerrada_fina,centro,unica,estable,no_hay,oscurecido,normal,no,manchas_oxido,correctos,menos_5,exterior_continental,subita_reciente,normal,reparada,no,hueco,seco,73
forjado_reticular,vertical,cerrada_fina,union_otro_elemento,ramificada,se_abre_con_tiempo,no_hay,manchas_blancas,normal,no,no_visible,correctos,5_a_20,sumergido,primeros_meses,sobrecarga,original,no,solido,seco,66
viga,sin_fisura,cerrada_fina,base,unica,estable,no_hay,manchas_blancas,humedo_filtraciones,no,manchas_oxido,correctos,20_a_50,costero_marino,anos_despues,sobrecarga,reforzada,no,hueco,salpicadura,26
viga,red_mapa,cerrada_fina,cara_inferior,unica,se_abre_con_tiempo,no_hay,normal,humedo_filtraciones,parcialmente,manchas_oxido,ausentes,menos_5,costero_marino,durante_construccion,sobrecarga,recien_desencofrada,no,solido,humedo,25
cimentacion_zapata,diagonal_45_75,abierta,centro,ramificada,se_abre_con_tiempo,perdida_seccion,normal,normal,completamente,oxidada_visible,correctos,5_a_20,industrial,durante_construccion,normal,original,no,diferente_zonas,humedo,84
viga,diagonal_45_75,cerrada_fina,cabeza,multiples_distintos_planos,estable,no_hay,manchas_oxido,humedo_filtraciones,no,no_visible,correctos,5_a_20,sumergido,subita_reciente,sobrecarga,original,flecha_abajo,solido,filtracion_activa,67
viga,sin_fisura,cerrada_fina,centro,unica,estable,recubrimiento_desprendido,normal,normal,completamente,oxidada_visible,separados,menos_5,interior,primeros_meses,sobrecarga,original,no,diferente_zonas,seco,22
viga,diagonal_45_75,cerrada_fina,base,ramificada,se_cierra_al_descender,no_hay,manchas_blancas,normal,no,no_visible,separados,menos_5,costero_marino,primeras_semanas,sobrecarga,reforzada,no,diferente_zonas,seco,23
viga,vertical,abierta,cara_inferior,periodica,estable,recubrimiento_desprendido,oscurecido,poroso,parcialmente,oxidada_visible,correctos,5_a_20,interior,primeras_semanas,sobrecarga,original,no,diferente_zonas,seco,16
voladizo,diagonal_45_75,media,base,ramificada,se_cierra_al_alejarse,no_hay,normal,normal,no,no_visible,separados,mas_50,costero_marino,primeros_meses,sobrecarga,original,no,hueco,seco,47
viga,diagonal_45,abierta,perimetro,multiples_paralelas,se_abre_con_tiempo,no_hay,normal,humedo_filtraciones,parcialmente,oxidada_visible,correctos,5_a_20,costero_marino,durante_construccion,normal,reparada,flecha_abajo,hueco,salpicadura,26
forjado_unidireccional,vertical,media,cara_inferior,multiples_distintos_planos,estable,no_hay,normal,normal,no,no_visible,correctos,5_a_20,costero_marino,durante_construccion,sobrecarga,original,no,solido,seco,66
pilar,red_mapa,abierta,cabeza,multiples_distintos_planos,estable,recubrimiento_desprendido,normal,normal,parcialmente,manchas_oxido,desplazados,mas_50,exterior_continental,primeras_semanas,normal,recien_desencofrada,desplazamiento_lateral,hueco,seco,5
forjado_unidireccional,diagonal_45_75,cerrada_fina,centro,unica,se_abre_con_tiempo,no_hay,oscurecido,normal,completamente,oxidada_visible,correctos,menos_5,exterior_continental,durante_construccion,normal,recien_desencofrada,no,solido,seco,49
pilar,diagonal_45_75,grieta_separacion,cabeza,multiples_distintos_planos,se_cierra_al_alejarse,recubrimiento_desprendido,normal,poroso,parcialmente,oxidada_visible,correctos,20_a_50,costero_marino,anos_despues,normal,original,no,diferente_zonas,humedo,6
cimentacion_zapata,diagonal_45_75,media,cabeza,multiples_distintos_planos,se_cierra_al_alejarse,no_hay,normal,normal,no,manchas_oxido,correctos,5_a_20,exterior_continental,subita_reciente,normal,reforzada,desplazamiento_lateral,solido,humedo,89
cimentacion_zapata,diagonal_45,abierta,base,ramificada,se_cierra_al_descender,no_hay,manchas_blancas,poroso,no,no_visible,correctos,20_a_50,sumergido,primeros_meses,normal,original,flecha_abajo,solido,humedo,87
forjado_unidireccional,diagonal_45,cerrada_fina,perimetro,ramificada,se_abre_con_tiempo,no_hay,manchas_oxido,humedo_filtraciones,no,no_visible,separados,20_a_50,exterior_continental,primeras_semanas,normal,original,no,hueco,humedo,65
cimentacion_zapata,vertical,media,cabeza,unica,se_cierra_al_alejarse,desmoronandose,normal,disgregado,no,no_visible,correctos,5_a_20,costero_marino,anos_despues,sobrecarga,reparada,desplazamiento_lateral,solido,seco,95
viga,diagonal_45_75,media,cabeza,multiples_paralelas,se_cierra_al_descender,no_hay,normal,normal,no,no_visible,separados,5_a_20,sumergido,primeras_semanas,normal,original,no,diferente_zonas,seco,31
viga,diagonal_45_75,cerrada_fina,base,ramificada,estable,no_hay,normal,normal,parcialmente,manchas_oxido,correctos,20_a_50,costero_marino,primeras_semanas,normal,reparada,desplazamiento_lateral,diferente_zonas,humedo,24
tabique_cerramiento,sin_fisura,cerrada_fina,esquinas,unica,estable,no_hay,manchas_blancas,humedo_filtraciones,no,no_visible,correctos,5_a_20,sumergido,durante_construccion,sobrecarga,original,no,solido,humedo,80
viga,sin_fisura,cerrada_fina,cabeza,unica,estable,no_hay,normal,normal,parcialmente,no_visible,correctos,menos_5,interior,durante_construccion,descarga,recien_desencofrada,no,solido,humedo,14
cimentacion_zapata,diagonal_45,abierta,base,unica,estable,no_hay,normal,normal,no,no_visible,correctos,mas_50,costero_marino,durante_construccion,sobrecarga,reparada,desplazamiento_lateral,diferente_zonas,seco,88
viga,diagonal_45_75,media,base,periodica,se_abre_con_tiempo,recubrimiento_desprendido,normal,normal,no,no_visible,separados,menos_5,interior,durante_construccion,impacto_sismo,original,no,hueco,seco,27
tabique_cerramiento,diagonal_45_75,cerrada_fina,base,periodica,aparecio_de_golpe,recubrimiento_desprendido,manchas_oxido,humedo_filtraciones,no,no_visible,correctos,menos_5,sumergido,subita_reciente,normal,original,no,diferente_zonas,humedo,80
voladizo,diagonal_45,abierta,ambas_caras,ramificada,se_abre_con_tiempo,perdida_seccion,manchas_oxido,poroso,parcialmente,no_visible,separados,20_a_50,sumergido,primeras_semanas,sobrecarga,original,flecha_abajo,diferente_zonas,seco,48
viga,diagonal_45,abierta,centro,periodica,se_cierra_al_alejarse,recubrimiento_desprendido,manchas_oxido,poroso,parcialmente,manchas_oxido,correctos,menos_5,interior,primeras_semanas,sobrecarga,original,flecha_abajo,diferente_zonas,seco,15
forjado_unidireccional,diagonal_45_75,abierta,cabeza,periodica,estable,recubrimiento_desprendido,oscurecido,normal,no,no_visible,desplazados,5_a_20,industrial,durante_construccion,normal,original,flecha_abajo,diferente_zonas,seco,55
cimentacion_zapata,horizontal,cerrada_fina,base,periodica,estable,recubrimiento_desprendido,normal,normal,no,no_visible,correctos,5_a_20,costero_marino,primeros_meses,normal,original,no,solido,seco,83
vigueta,diagonal_45_75,media,base,ramificada,se_cierra_al_alejarse,no_hay,manchas_oxido,normal,parcialmente,no_visible,correctos,5_a_20,costero_marino,primeras_semanas,normal,recien_desencofrada,desplazamiento_lateral,diferente_zonas,seco,85
forjado_reticular,diagonal_45,cerrada_fina,union_otro_elemento,unica,estable,no_hay,normal,normal,parcialmente,oxidada_visible,correctos,menos_5,exterior_continental,primeras_semanas,normal,recien_desencofrada,no,diferente_zonas,seco,49
viga,sin_fisura,cerrada_fina,centro,unica,estable,no_hay,normal,normal,parcialmente,oxidada_visible,correctos,mas_50,sumergido,durante_construccion,descarga,original,no,diferente_zonas,salpicadura,63
forjado_reticular,diagonal_45_75,media,cara_inferior,multiples_paralelas,aparecio_de_golpe,no_hay,normal,normal,no,manchas_oxido,separados,menos_5,interior,durante_construccion,sobrecarga,original,flecha_abajo,diferente_zonas,seco,50
pilar,red_mapa,media,base,ramificada,se_cierra_al_descender,no_hay,normal,normal,no,no_visible,correctos,mas_50,exterior_continental,primeras_semanas,sobrecarga,original,no,solido,seco,47
viga,horizontal,media,cara_inferior,multiples_distintos_planos,estable,no_hay,normal,normal,parcialmente,manchas_oxido,correctos,5_a_20,exterior_continental,primeras_semanas,impacto_sismo,original,desplazamiento_lateral,diferente_zonas,humedo,16
forjado_reticular,red_mapa,abierta,ambas_caras,multiples_distintos_planos,se_abre_con_tiempo,recubrimiento_desprendido,normal,normal,parcialmente,oxidada_visible,ausentes,20_a_50,costero_marino,subita_reciente,normal,original,desplazamiento_lateral,solido,seco,53
cimentacion_zapata,diagonal_45,abierta,base,multiples_distintos_planos,se_abre_con_tiempo,no_hay,normal,normal,no,no_visible,correctos,menos_5,costero_marino,subita_reciente,normal,original,no,hueco,seco,88
voladizo,diagonal_45,abierta,cara_inferior,multiples_paralelas,se_cierra_al_descender,recubrimiento_desprendido,normal,poroso,parcialmente,no_visible,correctos,menos_5,interior,subita_reciente,sobrecarga,recien_desencofrada,flecha_abajo,hueco,humedo,48
cimentacion_zapata,diagonal_45,grieta_separacion,perimetro,periodica,se_cierra_al_alejarse,perdida_seccion,manchas_oxido,normal,completamente,oxidada_visible,correctos,5_a_20,costero_marino,subita_reciente,normal,original,no,diferente_zonas,seco,84
tabique_cerramiento,sin_fisura,cerrada_fina,perimetro,unica,estable,recubrimiento_desprendido,normal,poroso,no,manchas_oxido,correctos,5_a_20,sumergido,primeras_semanas,sobrecarga,original,no,hueco,humedo,19
viga,horizontal,cerrada_fina,base,unica,estable,no_hay,normal,normal,parcialmente,no_visible,correctos,5_a_20,interior,subita_reciente,impacto_sismo,original,desplazamiento_lateral,diferente_zonas,seco,16
forjado_reticular,diagonal_45_75,abierta,centro,unica,aparecio_de_golpe,perdida_seccion,normal,normal,parcialmente,no_visible,separados,5_a_20,costero_marino,primeras_semanas,normal,original,desplazamiento_lateral,hueco,seco,55
voladizo,diagonal_45_75,media,esquinas,multiples_distintos_planos,estable,no_hay,normal,normal,no,no_visible,correctos,menos_5,sumergido,primeros_meses,normal,recien_desencofrada,no,solido,seco,62
muro,sin_fisura,cerrada_fina,ambas_caras,unica,estable,no_hay,oscurecido,normal,no,no_visible,correctos,menos_5,industrial,subita_reciente,normal,original,giro_inclinacion,solido,seco,91
mensula,diagonal_45_75,abierta,esquinas,unica,estable,perdida_seccion,manchas_oxido,poroso,no,manchas_oxido,separados,mas_50,industrial,subita_reciente,sobrecarga,original,desplazamiento_lateral,diferente_zonas,seco,35
pilar,red_mapa,grieta_separacion,esquinas,multiples_distintos_planos,se_abre_con_tiempo,perdida_seccion,normal,disgregado,completamente,no_visible,correctos,5_a_20,industrial,durante_construccion,normal,original,no,hueco,seco,2
tabique_cerramiento,horizontal,abierta,perimetro,periodica,se_cierra_al_alejarse,no_hay,normal,normal,no,no_visible,correctos,5_a_20,exterior_continental,primeras_semanas,sobrecarga,reparada,desplazamiento_lateral,diferente_zonas,humedo,54
vigueta,diagonal_45,abierta,centro,multiples_distintos_planos,se_cierra_al_descender,no_hay,normal,normal,no,manchas_oxido,correctos,5_a_20,industrial,anos_despues,normal,recien_desencofrada,desplazamiento_lateral,diferente_zonas,seco,24
cimentacion_zapata,vertical,abierta,esquinas,multiples_distintos_planos,se_cierra_al_descender,no_hay,normal,poroso,no,no_visible,correctos,5_a_20,exterior_continental,durante_construccion,sobrecarga,original,no,hueco,seco,91
viga,diagonal_45_75,media,union_otro_elemento,multiples_distintos_planos,se_cierra_al_alejarse,recubrimiento_desprendido,normal,normal,completamente,perdida_seccion,correctos,20_a_50,industrial,primeros_meses,sobrecarga,original,no,solido,seco,19
muro,vertical,cerrada_fina,base,multiples_paralelas,se_cierra_al_descender,recubrimiento_desprendido,manchas_blancas,normal,parcialmente,no_visible,correctos,20_a_50,costero_marino,primeras_semanas,normal,original,no,diferente_zonas,seco,76
forjado_unidireccional,horizontal,cerrada_fina,cara_inferior,unica,se_cierra_al_alejarse,no_hay,normal,normal,no,manchas_oxido,correctos,5_a_20,exterior_continental,durante_construccion,sobrecarga,original,flecha_abajo,solido,humedo,57
vigueta,red_mapa,cerrada_fina,esquinas,ramificada,se_cierra_al_alejarse,perdida_seccion,manchas_blancas,poroso,parcialmente,manchas_oxido,separados,menos_5,sumergido,subita_reciente,descarga,recien_desencofrada,flecha_abajo,hueco,seco,41
viga,vertical,media,cara_inferior,periodica,se_cierra_al_alejarse,no_hay,normal,normal,no,manchas_oxido,correctos,menos_5,costero_marino,primeras_semanas,descarga,original,no,diferente_zonas,seco,63
forjado_reticular,vertical,media,centro,ramificada,estable,recubrimiento_desprendido,normal,normal,completamente,oxidada_visible,separados,menos_5,exterior_continental,primeras_semanas,normal,recien_desencofrada,flecha_abajo,solido,seco,50
mensula,vertical,media,union_otro_elemento,multiples_paralelas,estable,no_hay,manchas_oxido,normal,no,no_visible,correctos,menos_5,exterior_continental,subita_reciente,normal,recien_desencofrada,no,diferente_zonas,seco,36
cimentacion_zapata,diagonal_45_75,media,base,periodica,se_abre_con_tiempo,recubrimiento_desprendido,manchas_blancas,normal,no,manchas_oxido,correctos,5_a_20,costero_marino,subita_reciente,sobrecarga,original,no,diferente_zonas,seco,88
forjado_unidireccional,horizontal,abierta,base,multiples_distintos_planos,estable,no_hay,normal,normal,no,no_visible,correctos,mas_50,interior,primeros_meses,sobrecarga,reforzada,no,diferente_zonas,seco,89
forjado_reticular,red_mapa,media,centro,ramificada,se_abre_con_tiempo,no_hay,manchas_oxido,normal,no,no_visible,correctos,20_a_50,exterior_continental,anos_despues,sobrecarga,original,no,solido,filtracion_activa,68
viga,diagonal_45,cerrada_fina,base,multiples_distintos_planos,se_cierra_al_alejarse,no_hay,normal,normal,no,no_visible,correctos,menos_5,industrial,subita_reciente,normal,original,no,solido,seco,59
tabique_cerramiento,horizontal,cerrada_fina,base,multiples_distintos_planos,aparecio_de_golpe,recubrimiento_desprendido,normal,poroso,no,no_visible,correctos,5_a_20,exterior_continental,subita_reciente,descarga,reparada,no,solido,humedo,80
tabique_cerramiento,sin_fisura,cerrada_fina,cara_inferior,unica,estable,no_hay,manchas_oxido,normal,completamente,no_visible,correctos,menos_5,interior,anos_despues,sobrecarga,original,flecha_abajo,diferente_zonas,seco,30
cimentacion_zapata,diagonal_45,media,centro,ramificada,se_cierra_al_descender,perdida_seccion,normal,normal,no,no_visible,correctos,5_a_20,industrial,primeros_meses,sobrecarga,reforzada,no,solido,seco,91
tabique_cerramiento,diagonal_45,cerrada_fina,union_otro_elemento,multiples_paralelas,aparecio_de_golpe,no_hay,manchas_oxido,poroso,no,no_visible,separados,5_a_20,industrial,durante_construccion,normal,original,no,solido,filtracion_activa,80
cimentacion_zapata,sin_fisura,cerrada_fina,perimetro,unica,estable,desmoronandose,normal,disgregado,no,no_visible,correctos,20_a_50,sumergido,anos_despues,normal,reparada,no,diferente_zonas,seco,89
voladizo,vertical,abierta,cara_inferior,unica,aparecio_de_golpe,recubrimiento_desprendido,normal,normal,completamente,manchas_oxido,correctos,mas_50,costero_marino,subita_reciente,sobrecarga,recien_desencofrada,flecha_abajo,diferente_zonas,seco,45
forjado_unidireccional,vertical,media,centro,periodica,se_abre_con_tiempo,recubrimiento_desprendido,normal,normal,no,no_visible,correctos,5_a_20,costero_marino,primeras_semanas,normal,reparada,aplastamiento,diferente_zonas,humedo,60
muro,sin_fisura,cerrada_fina,perimetro,unica,estable,no_hay,normal,normal,no,no_visible,correctos,menos_5,interior,primeros_meses,normal,original,no,diferente_zonas,humedo,94
cimentacion_zapata,diagonal_45_75,cerrada_fina,ambas_caras,unica,aparecio_de_golpe,no_hay,normal,normal,no,no_visible,separados,5_a_20,exterior_continental,primeras_semanas,sobrecarga,recien_desencofrada,no,hueco,filtracion_activa,96
voladizo,vertical,cerrada_fina,centro,multiples_distintos_planos,estable,desmoronandose,normal,poroso,no,no_visible,correctos,5_a_20,costero_marino,primeras_semanas,normal,original,aplastamiento,solido,seco,60
cimentacion_zapata,diagonal_45_75,abierta,cara_inferior,unica,se_cierra_al_descender,no_hay,normal,normal,no,no_visible,correctos,mas_50,sumergido,subita_reciente,impacto_sismo,original,no,solido,seco,96
tabique_cerramiento,diagonal_45_75,cerrada_fina,esquinas,unica,se_abre_con_tiempo,no_hay,manchas_oxido,normal,no,no_visible,ausentes,menos_5,sumergido,anos_despues,normal,reforzada,no,diferente_zonas,seco,75
cimentacion_zapata,diagonal_45,abierta,base,ramificada,se_cierra_al_descender,no_hay,manchas_oxido,humedo_filtraciones,no,no_visible,ausentes,menos_5,exterior_continental,subita_reciente,normal,reforzada,desplazamiento_lateral,hueco,humedo,82
voladizo,horizontal,cerrada_fina,base,multiples_distintos_planos,se_abre_con_tiempo,no_hay,normal,normal,parcialmente,no_visible,correctos,5_a_20,costero_marino,durante_construccion,normal,original,no,solido,humedo,76
mensula,vertical,cerrada_fina,union_otro_elemento,ramificada,estable,no_hay,normal,normal,parcialmente,no_visible,correctos,5_a_20,exterior_continental,subita_reciente,normal,original,no,solido,filtracion_activa,36
mensula,diagonal_45,cerrada_fina,esquinas,multiples_distintos_planos,se_cierra_al_descender,desmoronandose,normal,disgregado,no,no_visible,correctos,mas_50,sumergido,durante_construccion,normal,original,flecha_abajo,solido,seco,93
viga,vertical,media,cara_inferior,periodica,aparecio_de_golpe,no_hay,manchas_oxido,normal,completamente,perdida_seccion,correctos,mas_50,interior,anos_despues,descarga,original,desplazamiento_lateral,solido,seco,30
tabique_cerramiento,vertical,media,union_otro_elemento,unica,se_abre_con_tiempo,no_hay,normal,normal,parcialmente,oxidada_visible,correctos,20_a_50,sumergido,primeros_meses,sobrecarga,original,no,diferente_zonas,seco,76
muro,horizontal,cerrada_fina,base,ramificada,aparecio_de_golpe,no_hay,oscurecido,normal,no,no_visible,desplazados,20_a_50,exterior_continental,durante_construccion,normal,original,no,diferente_zonas,humedo,72
tabique_cerramiento,diagonal_45,cerrada_fina,esquinas,ramificada,estable,no_hay,manchas_oxido,normal,parcialmente,no_visible,separados,5_a_20,exterior_continental,durante_construccion,sobrecarga,reparada,no,solido,seco,75
viga,red_mapa,abierta,union_otro_elemento,unica,aparecio_de_golpe,recubrimiento_desprendido,normal,poroso,parcialmente,oxidada_visible,ausentes,mas_50,sumergido,subita_reciente,normal,original,desplazamiento_lateral,solido,humedo,22
viga,sin_fisura,cerrada_fina,perimetro,unica,estable,no_hay,normal,poroso,no,manchas_oxido,correctos,menos_5,costero_marino,subita_reciente,sobrecarga,reforzada,flecha_abajo,hueco,salpicadura,24
viga,horizontal,media,ambas_caras,multiples_distintos_planos,aparecio_de_golpe,no_hay,manchas_oxido,humedo_filtraciones,parcialmente,no_visible,separados,menos_5,costero_marino,durante_construccion,normal,recien_desencofrada,no,solido,filtracion_activa,25
muro,horizontal,cerrada_fina,cabeza,multiples_paralelas,se_cierra_al_alejarse,no_hay,normal,normal,no,no_visible,correctos,menos_5,exterior_continental,subita_reciente,normal,recien_desencofrada,no,solido,seco,73
viga,sin_fisura,cerrada_fina,esquinas,unica,estable,no_hay,normal,normal,no,no_visible,separados,mas_50,exterior_continental,primeras_semanas,normal,original,desplazamiento_lateral,diferente_zonas,seco,31
voladizo,horizontal,cerrada_fina,base,unica,se_cierra_al_descender,recubrimiento_desprendido,normal,normal,no,no_visible,correctos,mas_50,industrial,durante_construccion,normal,reparada,no,solido,salpicadura,47
pilar,red_mapa,abierta,base,ramificada,estable,recubrimiento_desprendido,manchas_oxido,poroso,parcialmente,oxidada_visible,correctos,mas_50,costero_marino,anos_despues,normal,original,desplazamiento_lateral,diferente_zonas,filtracion_activa,6
vigueta,red_mapa,media,union_otro_elemento,periodica,se_cierra_al_descender,no_hay,normal,normal,no,no_visible,correctos,menos_5,industrial,subita_reciente,normal,original,no,diferente_zonas,filtracion_activa,39
forjado_unidireccional,vertical,abierta,union_otro_elemento,unica,aparecio_de_golpe,desmoronandose,normal,disgregado,no,no_visible,separados,menos_5,industrial,subita_reciente,normal,reforzada,flecha_abajo,diferente_zonas,seco,2
muro,diagonal_45,abierta,cara_inferior,ramificada,se_cierra_al_descender,recubrimiento_desprendido,manchas_oxido,normal,no,manchas_oxido,separados,20_a_50,costero_marino,anos_despues,sobrecarga,original,no,solido,filtracion_activa,84
forjado_reticular,sin_fisura,cerrada_fina,esquinas,unica,estable,no_hay,manchas_blancas,normal,no,manchas_oxido,correctos,mas_50,industrial,durante_construccion,normal,recien_desencofrada,no,solido,seco,49
cimentacion_zapata,diagonal_45_75,media,perimetro,ramificada,se_abre_con_tiempo,no_hay,normal,normal,no,no_visible,correctos,mas_50,exterior_continental,subita_reciente,normal,reparada,no,solido,seco,94
viga,sin_fisura,cerrada_fina,base,unica,estable,no_hay,normal,normal,no,no_visible,correctos,5_a_20,industrial,anos_despues,normal,recien_desencofrada,no,solido,seco,28
viga,diagonal_45_75,media,perimetro,ramificada,aparecio_de_golpe,no_hay,normal,normal,completamente,oxidada_visible,separados,mas_50,costero_marino,subita_reciente,sobrecarga,original,no,diferente_zonas,seco,20
forjado_unidireccional,horizontal,cerrada_fina,cara_inferior,periodica,se_cierra_al_alejarse,no_hay,manchas_blancas,normal,parcialmente,oxidada_visible,correctos,menos_5,exterior_continental,primeras_semanas,normal,original,no,hueco,seco,50
mensula,sin_fisura,cerrada_fina,cara_inferior,unica,estable,perdida_seccion,normal,normal,no,no_visible,correctos,5_a_20,industrial,anos_despues,sobrecarga,original,no,diferente_zonas,seco,34
mensula,diagonal_45,media,esquinas,unica,se_abre_con_tiempo,no_hay,normal,normal,no,no_visible,ausentes,5_a_20,costero_marino,durante_construccion,normal,recien_desencofrada,no,diferente_zonas,seco,27
viga,diagonal_45,media,centro,multiples_distintos_planos,estable,no_hay,normal,normal,no,no_visible,correctos,5_a_20,sumergido,subita_reciente,impacto_sismo,original,flecha_abajo,solido,seco,28
tabique_cerramiento,diagonal_45,cerrada_fina,centro,periodica,aparecio_de_golpe,no_hay,normal,poroso,no,manchas_oxido,correctos,20_a_50,costero_marino,durante_construccion,normal,recien_desencofrada,no,solido,seco,64
tabique_cerramiento,diagonal_45_75,cerrada_fina,union_otro_elemento,unica,aparecio_de_golpe,no_hay,normal,normal,no,no_visible,separados,menos_5,exterior_continental,primeras_semanas,normal,reparada,flecha_abajo,solido,salpicadura,78
forjado_unidireccional,diagonal_45_75,abierta,perimetro,multiples_distintos_planos,aparecio_de_golpe,perdida_seccion,normal,poroso,completamente,manchas_oxido,separados,20_a_50,industrial,subita_reciente,normal,original,flecha_abajo,solido,seco,53
pilar,horizontal,media,centro,multiples_paralelas,estable,no_hay,oscurecido,normal,parcialmente,oxidada_visible,correctos,menos_5,exterior_continental,durante_construccion,sobrecarga,recien_desencofrada,no,diferente_zonas,seco,15
vigueta,vertical,media,union_otro_elemento,unica,aparecio_de_golpe,recubrimiento_desprendido,manchas_blancas,normal,no,no_visible,correctos,5_a_20,sumergido,durante_construccion,normal,original,aplastamiento,diferente_zonas,seco,38
viga,diagonal_45,media,ambas_caras,ramificada,se_cierra_al_alejarse,no_hay,normal,disgregado,no,manchas_oxido,separados,20_a_50,sumergido,durante_construccion,sobrecarga,original,no,solido,seco,28
viga,horizontal,abierta,cabeza,multiples_distintos_planos,estable,no_hay,oscurecido,normal,parcialmente,manchas_oxido,correctos,mas_50,costero_marino,primeras_semanas,sobrecarga,original,flecha_abajo,diferente_zonas,seco,24
forjado_reticular,red_mapa,cerrada_fina,ambas_caras,periodica,estable,no_hay,manchas_oxido,normal,no,no_visible,correctos,20_a_50,sumergido,anos_despues,normal,original,no,solido,humedo,28
pilar,sin_fisura,cerrada_fina,esquinas,unica,estable,perdida_seccion,normal,normal,no,no_visible,separados,menos_5,sumergido,durante_construccion,normal,original,desplazamiento_lateral,diferente_zonas,filtracion_activa,5
tabique_cerramiento,diagonal_45_75,cerrada_fina,centro,multiples_paralelas,se_abre_con_tiempo,no_hay,normal,normal,parcialmente,no_visible,correctos,menos_5,sumergido,anos_despues,normal,reparada,no,diferente_zonas,humedo,71
forjado_reticular,horizontal,abierta,base,ramificada,estable,recubrimiento_desprendido,manchas_oxido,normal,completamente,no_visible,correctos,mas_50,costero_marino,anos_despues,normal,reparada,desplazamiento_lateral,diferente_zonas,humedo,56
tabique_cerramiento,vertical,cerrada_fina,centro,multiples_distintos_planos,se_cierra_al_descender,recubrimiento_desprendido,manchas_blancas,humedo_filtraciones,no,no_visible,separados,menos_5,exterior_continental,primeros_meses,normal,original,no,solido,humedo,65
viga,horizontal,cerrada_fina,ambas_caras,multiples_distintos_planos,se_cierra_al_alejarse,no_hay,manchas_oxido,poroso,no,no_visible,correctos,mas_50,sumergido,primeras_semanas,normal,original,no,solido,filtracion_activa,67
forjado_reticular,diagonal_45,media,ambas_caras,multiples_distintos_planos,se_cierra_al_alejarse,recubrimiento_desprendido,normal,normal,parcialmente,no_visible,correctos,5_a_20,industrial,subita_reciente,normal,reforzada,desplazamiento_lateral,hueco,seco,56
forjado_unidireccional,diagonal_45,media,centro,unica,se_cierra_al_alejarse,recubrimiento_desprendido,normal,poroso,no,manchas_oxido,separados,5_a_20,exterior_continental,primeras_semanas,sobrecarga,original,no,hueco,seco,51
tabique_cerramiento,red_mapa,abierta,union_otro_elemento,multiples_distintos_planos,se_cierra_al_alejarse,recubrimiento_desprendido,manchas_oxido,disgregado,completamente,oxidada_visible,correctos,mas_50,costero_marino,anos_despues,normal,reforzada,flecha_abajo,diferente_zonas,salpicadura,6
vigueta,vertical,media,cabeza,multiples_paralelas,aparecio_de_golpe,recubrimiento_desprendido,normal,normal,no,no_visible,correctos,5_a_20,interior,subita_reciente,normal,original,no,diferente_zonas,seco,38
viga,diagonal_45,cerrada_fina,cabeza,periodica,aparecio_de_golpe,no_hay,manchas_blancas,normal,parcialmente,no_visible,correctos,menos_5,costero_marino,subita_reciente,descarga,recien_desencofrada,no,solido,seco,14
vigueta,diagonal_45,abierta,union_otro_elemento,multiples_paralelas,estable,no_hay,normal,humedo_filtraciones,parcialmente,oxidada_visible,correctos,20_a_50,costero_marino,primeras_semanas,descarga,reforzada,no,diferente_zonas,humedo,43
viga,diagonal_45,cerrada_fina,esquinas,multiples_distintos_planos,estable,recubrimiento_desprendido,manchas_oxido,humedo_filtraciones,no,no_visible,correctos,5_a_20,exterior_continental,subita_reciente,normal,recien_desencofrada,flecha_abajo,diferente_zonas,filtracion_activa,67
viga,diagonal_45_75,grieta_separacion,union_otro_elemento,periodica,se_cierra_al_descender,recubrimiento_desprendido,normal,normal,completamente,oxidada_visible,correctos,20_a_50,industrial,primeros_meses,normal,original,aplastamiento,diferente_zonas,seco,18
vigueta,horizontal,abierta,cabeza,unica,aparecio_de_golpe,desmoronandose,manchas_blancas,disgregado,no,no_visible,correctos,menos_5,exterior_continental,primeras_semanas,normal,recien_desencofrada,aplastamiento,diferente_zonas,salpicadura,38
muro,vertical,abierta,base,multiples_distintos_planos,aparecio_de_golpe,recubrimiento_desprendido,normal,disgregado,no,no_visible,correctos,menos_5,costero_marino,subita_reciente,normal,original,desplazamiento_lateral,hueco,humedo,88
cimentacion_zapata,diagonal_45,abierta,base,multiples_paralelas,se_cierra_al_alejarse,perdida_seccion,normal,normal,parcialmente,no_visible,correctos,20_a_50,industrial,subita_reciente,normal,original,no,solido,seco,88
viga,sin_fisura,cerrada_fina,union_otro_elemento,unica,estable,recubrimiento_desprendido,normal,normal,no,manchas_oxido,correctos,mas_50,sumergido,primeros_meses,normal,reparada,aplastamiento,diferente_zonas,seco,58
viga,horizontal,media,perimetro,multiples_paralelas,se_cierra_al_descender,no_hay,manchas_oxido,humedo_filtraciones,no,manchas_oxido,correctos,menos_5,costero_marino,durante_construccion,normal,reforzada,giro_inclinacion,diferente_zonas,humedo,26
pilar,diagonal_45_75,abierta,cara_inferior,unica,estable,desmoronandose,manchas_oxido,disgregado,no,manchas_oxido,separados,20_a_50,costero_marino,anos_despues,normal,recien_desencofrada,aplastamiento,diferente_zonas,humedo,6
vigueta,red_mapa,media,centro,unica,aparecio_de_golpe,no_hay,normal,humedo_filtraciones,parcialmente,manchas_oxido,correctos,20_a_50,costero_marino,subita_reciente,normal,recien_desencofrada,desplazamiento_lateral,diferente_zonas,salpicadura,43
pilar,diagonal_45_75,media,cara_inferior,periodica,se_abre_con_tiempo,no_hay,normal,normal,parcialmente,manchas_oxido,correctos,menos_5,interior,primeras_semanas,normal,recien_desencofrada,flecha_abajo,hueco,seco,15
pilar,horizontal,grieta_separacion,cabeza,unica,se_cierra_al_alejarse,perdida_seccion,manchas_blancas,normal,completamente,no_visible,ausentes,20_a_50,exterior_continental,primeras_semanas,normal,original,desplazamiento_lateral,hueco,humedo,8
pilar,horizontal,media,perimetro,ramificada,estable,recubrimiento_desprendido,manchas_oxido,normal,no,no_visible,correctos,menos_5,costero_marino,primeros_meses,normal,original,giro_inclinacion,solido,seco,16
pilar,red_mapa,cerrada_fina,ambas_caras,ramificada,se_abre_con_tiempo,recubrimiento_desprendido,manchas_oxido,poroso,parcialmente,manchas_oxido,correctos,20_a_50,exterior_continental,primeros_meses,sobrecarga,original,no,diferente_zonas,salpicadura,6
viga,horizontal,media,cara_inferior,multiples_paralelas,se_cierra_al_descender,no_hay,manchas_oxido,normal,completamente,oxidada_visible,correctos,mas_50,sumergido,anos_despues,normal,original,flecha_abajo,hueco,seco,30
muro,diagonal_45_75,cerrada_fina,centro,periodica,estable,no_hay,normal,normal,no,no_visible,correctos,5_a_20,exterior_continental,anos_despues,normal,reforzada,flecha_abajo,solido,seco,71
tabique_cerramiento,diagonal_45,cerrada_fina,perimetro,multiples_distintos_planos,se_cierra_al_alejarse,no_hay,normal,normal,parcialmente,oxidada_visible,correctos,menos_5,exterior_continental,primeros_meses,sobrecarga,original,no,solido,humedo,78
tabique_cerramiento,horizontal,cerrada_fina,cabeza,ramificada,se_cierra_al_descender,no_hay,normal,normal,parcialmente,no_visible,correctos,mas_50,industrial,anos_despues,normal,original,flecha_abajo,solido,seco,61
pilar,vertical,abierta,ambas_caras,periodica,se_abre_con_tiempo,perdida_seccion,normal,poroso,parcialmente,oxidada_visible,ausentes,5_a_20,industrial,subita_reciente,impacto_sismo,original,flecha_abajo,solido,seco,3
cimentacion_zapata,diagonal_45,abierta,base,unica,se_cierra_al_alejarse,no_hay,normal,normal,no,no_visible,separados,menos_5,costero_marino,durante_construccion,sobrecarga,original,no,hueco,seco,88
viga,diagonal_45_75,media,cabeza,multiples_distintos_planos,se_cierra_al_alejarse,no_hay,oscurecido,poroso,no,no_visible,correctos,menos_5,sumergido,subita_reciente,normal,original,no,solido,seco,28
tabique_cerramiento,red_mapa,cerrada_fina,cabeza,multiples_distintos_planos,aparecio_de_golpe,no_hay,normal,normal,no,manchas_oxido,separados,menos_5,costero_marino,primeros_meses,sobrecarga,original,no,diferente_zonas,humedo,66
pilar,vertical,cerrada_fina,base,multiples_paralelas,aparecio_de_golpe,no_hay,manchas_oxido,normal,no,no_visible,correctos,mas_50,interior,subita_reciente,normal,original,no,solido,seco,47
vigueta,sin_fisura,cerrada_fina,perimetro,unica,estable,perdida_seccion,normal,normal,parcialmente,oxidada_visible,ausentes,20_a_50,exterior_continental,durante_construccion,sobrecarga,original,no,solido,seco,44
pilar,vertical,media,base,periodica,se_cierra_al_alejarse,no_hay,normal,normal,completamente,oxidada_visible,separados,5_a_20,exterior_continental,anos_despues,normal,original,no,hueco,seco,32
pilar,diagonal_45_75,media,esquinas,ramificada,se_abre_con_tiempo,no_hay,normal,normal,no,no_visible,correctos,mas_50,costero_marino,anos_despues,normal,recien_desencofrada,no,solido,filtracion_activa,12
voladizo,red_mapa,cerrada_fina,cabeza,ramificada,se_cierra_al_alejarse,desmoronandose,normal,poroso,parcialmente,no_visible,correctos,20_a_50,costero_marino,primeros_meses,normal,original,giro_inclinacion,solido,salpicadura,58
vigueta,diagonal_45,media,union_otro_elemento,unica,se_abre_con_tiempo,no_hay,oscurecido,humedo_filtraciones,parcialmente,oxidada_visible,desplazados,5_a_20,exterior_continental,anos_despues,normal,original,flecha_abajo,diferente_zonas,humedo,37
forjado_unidireccional,diagonal_45_75,media,esquinas,periodica,aparecio_de_golpe,perdida_seccion,normal,poroso,no,no_visible,ausentes,menos_5,sumergido,anos_despues,normal,original,no,diferente_zonas,seco,55
viga,diagonal_45_75,media,union_otro_elemento,multiples_paralelas,se_cierra_al_alejarse,no_hay,manchas_blancas,humedo_filtraciones,no,no_visible,correctos,menos_5,sumergido,durante_construccion,normal,original,no,solido,filtracion_activa,29
tabique_cerramiento,diagonal_45_75,cerrada_fina,base,ramificada,se_cierra_al_alejarse,no_hay,oscurecido,humedo_filtraciones,no,no_visible,correctos,mas_50,exterior_continental,anos_despues,normal,original,no,solido,humedo,67
pilar,diagonal_45_75,cerrada_fina,ambas_caras,periodica,se_cierra_al_alejarse,no_hay,manchas_blancas,humedo_filtraciones,no,no_visible,correctos,20_a_50,exterior_continental,anos_despues,sobrecarga,original,no,solido,humedo,10
pilar,horizontal,abierta,cabeza,unica,se_abre_con_tiempo,recubrimiento_desprendido,manchas_oxido,normal,parcialmente,no_visible,correctos,20_a_50,industrial,durante_construccion,normal,original,flecha_abajo,diferente_zonas,seco,4
viga,horizontal,media,base,multiples_paralelas,se_abre_con_tiempo,no_hay,manchas_blancas,humedo_filtraciones,no,no_visible,correctos,5_a_20,costero_marino,anos_despues,normal,original,flecha_abajo,solido,humedo,29
tabique_cerramiento,diagonal_45_75,cerrada_fina,centro,periodica,se_abre_con_tiempo,desmoronandose,normal,poroso,no,no_visible,correctos,mas_50,interior,durante_construccion,normal,original,aplastamiento,solido,humedo,60
viga,diagonal_45_75,cerrada_fina,centro,unica,aparecio_de_golpe,recubrimiento_desprendido,normal,normal,no,manchas_oxido,separados,menos_5,costero_marino,primeras_semanas,normal,original,no,solido,seco,27
muro,red_mapa,grieta_separacion,union_otro_elemento,multiples_distintos_planos,aparecio_de_golpe,no_hay,manchas_blancas,humedo_filtraciones,parcialmente,no_visible,correctos,20_a_50,costero_marino,subita_reciente,sobrecarga,reforzada,no,solido,seco,80
pilar,diagonal_45,abierta,esquinas,multiples_paralelas,aparecio_de_golpe,recubrimiento_desprendido,normal,normal,parcialmente,manchas_oxido,separados,menos_5,interior,subita_reciente,sobrecarga,original,desplazamiento_lateral,solido,humedo,1
vigueta,diagonal_45,media,cara_inferior,multiples_paralelas,se_abre_con_tiempo,no_hay,normal,humedo_filtraciones,no,manchas_oxido,correctos,menos_5,exterior_continental,subita_reciente,sobrecarga,original,no,diferente_zonas,humedo,43
vigueta,diagonal_45_75,media,ambas_caras,ramificada,aparecio_de_golpe,no_hay,oscurecido,poroso,no,manchas_oxido,correctos,5_a_20,exterior_continental,primeras_semanas,sobrecarga,original,no,hueco,seco,37
vigueta,sin_fisura,cerrada_fina,ambas_caras,unica,estable,no_hay,normal,normal,no,no_visible,separados,menos_5,interior,subita_reciente,sobrecarga,reparada,aplastamiento,diferente_zonas,seco,39
viga,diagonal_45,media,cabeza,unica,estable,recubrimiento_desprendido,normal,normal,parcialmente,manchas_oxido,correctos,20_a_50,industrial,durante_construccion,normal,original,no,hueco,humedo,18
pilar,vertical,cerrada_fina,cabeza,multiples_distintos_planos,se_cierra_al_descender,recubrimiento_desprendido,manchas_oxido,poroso,no,no_visible,correctos,5_a_20,costero_marino,primeras_semanas,normal,original,no,solido,filtracion_activa,11
tabique_cerramiento,diagonal_45,media,cabeza,multiples_distintos_planos,estable,no_hay,normal,normal,no,no_visible,desplazados,menos_5,costero_marino,subita_reciente,normal,original,no,solido,humedo,75
voladizo,diagonal_45_75,abierta,cabeza,periodica,se_cierra_al_alejarse,no_hay,oscurecido,normal,no,no_visible,correctos,20_a_50,costero_marino,primeros_meses,normal,recien_desencofrada,no,solido,humedo,12
forjado_unidireccional,sin_fisura,cerrada_fina,esquinas,unica,estable,no_hay,normal,normal,parcialmente,manchas_oxido,separados,menos_5,costero_marino,primeras_semanas,normal,recien_desencofrada,no,diferente_zonas,seco,27
pilar,vertical,abierta,ambas_caras,multiples_paralelas,aparecio_de_golpe,recubrimiento_desprendido,manchas_blancas,poroso,completamente,no_visible,ausentes,mas_50,sumergido,subita_reciente,impacto_sismo,original,flecha_abajo,solido,seco,3
pilar,vertical,abierta,cabeza,multiples_paralelas,se_abre_con_tiempo,recubrimiento_desprendido,manchas_oxido,normal,parcialmente,no_visible,desplazados,menos_5,industrial,durante_construccion,normal,recien_desencofrada,desplazamiento_lateral,solido,seco,8
viga,diagonal_45,media,esquinas,multiples_distintos_planos,se_cierra_al_alejarse,no_hay,manchas_blancas,poroso,parcialmente,manchas_oxido,desplazados,20_a_50,costero_marino,anos_despues,normal,original,desplazamiento_lateral,diferente_zonas,humedo,31
cimentacion_zapata,diagonal_45,media,union_otro_elemento,multiples_distintos_planos,se_abre_con_tiempo,perdida_seccion,manchas_blancas,poroso,no,no_visible,correctos,mas_50,exterior_continental,anos_despues,normal,reparada,no,diferente_zonas,humedo,82
tabique_cerramiento,vertical,cerrada_fina,ambas_caras,multiples_distintos_planos,estable,perdida_seccion,normal,normal,no,no_visible,correctos,20_a_50,industrial,primeros_meses,sobrecarga,reparada,no,solido,seco,72
cimentacion_zapata,red_mapa,media,esquinas,ramificada,se_cierra_al_descender,no_hay,normal,normal,no,no_visible,desplazados,20_a_50,costero_marino,primeros_meses,normal,original,no,hueco,seco,92
tabique_cerramiento,diagonal_45,media,base,multiples_paralelas,se_cierra_al_descender,perdida_seccion,normal,normal,parcialmente,no_visible,correctos,mas_50,interior,anos_despues,sobrecarga,original,no,hueco,humedo,56
viga,diagonal_45_75,grieta_separacion,base,periodica,aparecio_de_golpe,recubrimiento_desprendido,normal,normal,parcialmente,manchas_oxido,separados,menos_5,costero_marino,subita_reciente,normal,reparada,no,diferente_zonas,seco,22
viga,diagonal_45_75,cerrada_fina,cabeza,ramificada,aparecio_de_golpe,no_hay,manchas_blancas,normal,parcialmente,manchas_oxido,correctos,menos_5,interior,durante_construccion,descarga,recien_desencofrada,flecha_abajo,diferente_zonas,humedo,14
tabique_cerramiento,vertical,cerrada_fina,perimetro,multiples_paralelas,aparecio_de_golpe,no_hay,manchas_blancas,humedo_filtraciones,no,no_visible,correctos,20_a_50,exterior_continental,subita_reciente,normal,original,no,diferente_zonas,filtracion_activa,79
vigueta,vertical,abierta,esquinas,multiples_distintos_planos,aparecio_de_golpe,no_hay,normal,poroso,parcialmente,no_visible,correctos,20_a_50,sumergido,primeros_meses,sobrecarga,original,no,diferente_zonas,humedo,42
mensula,horizontal,media,cabeza,multiples_distintos_planos,se_cierra_al_alejarse,no_hay,normal,humedo_filtraciones,no,manchas_oxido,correctos,mas_50,costero_marino,durante_construccion,sobrecarga,reforzada,no,solido,salpicadura,43
tabique_cerramiento,vertical,media,esquinas,multiples_paralelas,estable,no_hay,manchas_blancas,normal,parcialmente,no_visible,correctos,5_a_20,industrial,primeras_semanas,normal,original,no,solido,seco,75
tabique_cerramiento,diagonal_45_75,cerrada_fina,esquinas,ramificada,se_cierra_al_alejarse,no_hay,normal,humedo_filtraciones,no,no_visible,correctos,menos_5,exterior_continental,primeras_semanas,normal,original,desplazamiento_lateral,solido,filtracion_activa,77
tabique_cerramiento,diagonal_45_75,media,centro,ramificada,aparecio_de_golpe,recubrimiento_desprendido,normal,poroso,no,no_visible,separados,5_a_20,exterior_continental,anos_despues,normal,reforzada,no,solido,salpicadura,68
cimentacion_zapata,vertical,media,base,multiples_distintos_planos,se_cierra_al_alejarse,no_hay,normal,normal,no,no_visible,correctos,5_a_20,exterior_continental,durante_construccion,normal,original,no,solido,seco,83
cimentacion_zapata,vertical,media,ambas_caras,ramificada,se_abre_con_tiempo,desmoronandose,normal,poroso,no,no_visible,correctos,20_a_50,industrial,anos_despues,normal,original,aplastamiento,solido,seco,95
tabique_cerramiento,diagonal_45_75,cerrada_fina,esquinas,multiples_distintos_planos,aparecio_de_golpe,no_hay,oscurecido,normal,no,no_visible,separados,mas_50,industrial,primeras_semanas,normal,original,flecha_abajo,solido,seco,69
cimentacion_zapata,diagonal_45,media,union_otro_elemento,multiples_distintos_planos,aparecio_de_golpe,no_hay,normal,poroso,completamente,no_visible,correctos,5_a_20,costero_marino,primeras_semanas,sobrecarga,original,no,diferente_zonas,salpicadura,96
muro,horizontal,cerrada_fina,base,ramificada,se_cierra_al_descender,no_hay,normal,normal,no,no_visible,correctos,5_a_20,costero_marino,primeros_meses,impacto_sismo,reparada,no,solido,humedo,70
cimentacion_zapata,red_mapa,cerrada_fina,cara_inferior,ramificada,aparecio_de_golpe,recubrimiento_desprendido,normal,poroso,no,no_visible,correctos,20_a_50,industrial,primeros_meses,sobrecarga,original,no,solido,seco,94
cimentacion_zapata,diagonal_45,media,ambas_caras,unica,se_cierra_al_alejarse,no_hay,manchas_blancas,humedo_filtraciones,no,no_visible,correctos,menos_5,costero_marino,durante_construccion,normal,original,desplazamiento_lateral,hueco,humedo,82
viga,sin_fisura,cerrada_fina,perimetro,unica,estable,desmoronandose,oscurecido,poroso,no,manchas_oxido,correctos,mas_50,industrial,durante_construccion,sobrecarga,original,no,diferente_zonas,seco,24
forjado_reticular,diagonal_45,cerrada_fina,centro,ramificada,se_cierra_al_descender,perdida_seccion,normal,normal,parcialmente,no_visible,correctos,menos_5,industrial,anos_despues,normal,recien_desencofrada,no,solido,seco,93
vigueta,red_mapa,grieta_separacion,cara_inferior,multiples_distintos_planos,aparecio_de_golpe,recubrimiento_desprendido,normal,normal,parcialmente,manchas_oxido,separados,menos_5,sumergido,subita_reciente,sobrecarga,original,no,hueco,seco,44
forjado_reticular,diagonal_45_75,abierta,ambas_caras,multiples_paralelas,se_cierra_al_alejarse,perdida_seccion,normal,normal,no,no_visible,correctos,mas_50,sumergido,primeros_meses,normal,original,flecha_abajo,solido,seco,54
cimentacion_zapata,diagonal_45,media,ambas_caras,multiples_paralelas,se_cierra_al_descender,no_hay,normal,normal,no,manchas_oxido,correctos,menos_5,sumergido,primeros_meses,descarga,reparada,no,diferente_zonas,seco,91
viga,diagonal_45_75,cerrada_fina,base,multiples_paralelas,estable,no_hay,normal,normal,no,no_visible,correctos,5_a_20,costero_marino,primeras_semanas,sobrecarga,original,no,solido,seco,23
tabique_cerramiento,horizontal,cerrada_fina,perimetro,ramificada,aparecio_de_golpe,recubrimiento_desprendido,normal,poroso,no,manchas_oxido,correctos,menos_5,costero_marino,subita_reciente,normal,reforzada,no,solido,humedo,69
viga,diagonal_45,abierta,ambas_caras,periodica,se_abre_con_tiempo,recubrimiento_desprendido,normal,normal,parcialmente,manchas_oxido,correctos,20_a_50,sumergido,primeras_semanas,normal,recien_desencofrada,no,diferente_zonas,seco,18
tabique_cerramiento,red_mapa,cerrada_fina,cabeza,unica,se_cierra_al_descender,no_hay,manchas_blancas,humedo_filtraciones,no,no_visible,correctos,menos_5,exterior_continental,anos_despues,sobrecarga,original,no,diferente_zonas,humedo,11
viga,diagonal_45,media,base,ramificada,aparecio_de_golpe,no_hay,normal,normal,no,manchas_oxido,desplazados,5_a_20,interior,subita_reciente,normal,original,flecha_abajo,hueco,seco,20
tabique_cerramiento,red_mapa,abierta,ambas_caras,ramificada,aparecio_de_golpe,perdida_seccion,normal,normal,parcialmente,oxidada_visible,separados,5_a_20,exterior_continental,subita_reciente,normal,original,no,solido,humedo,53
cimentacion_zapata,vertical,media,base,ramificada,se_cierra_al_alejarse,no_hay,normal,poroso,parcialmente,no_visible,correctos,20_a_50,industrial,primeros_meses,normal,reparada,desplazamiento_lateral,diferente_zonas,humedo,87
tabique_cerramiento,sin_fisura,cerrada_fina,cara_inferior,unica,estable,desmoronandose,normal,disgregado,no,no_visible,correctos,mas_50,costero_marino,primeras_semanas,sobrecarga,original,desplazamiento_lateral,diferente_zonas,humedo,91
tabique_cerramiento,vertical,media,cabeza,ramificada,estable,no_hay,normal,normal,parcialmente,oxidada_visible,correctos,20_a_50,costero_marino,anos_despues,sobrecarga,original,no,diferente_zonas,seco,74
forjado_unidireccional,diagonal_45_75,abierta,ambas_caras,unica,aparecio_de_golpe,recubrimiento_desprendido,normal,normal,completamente,no_visible,separados,menos_5,industrial,primeros_meses,normal,reforzada,no,solido,seco,55
cimentacion_zapata,diagonal_45_75,media,base,unica,se_abre_con_tiempo,no_hay,normal,normal,no,no_visible,correctos,menos_5,industrial,subita_reciente,normal,original,desplazamiento_lateral,solido,seco,88
tabique_cerramiento,diagonal_45_75,media,esquinas,periodica,se_cierra_al_descender,no_hay,normal,normal,no,manchas_oxido,correctos,20_a_50,industrial,subita_reciente,sobrecarga,original,no,solido,humedo,7
vigueta,vertical,abierta,cabeza,multiples_paralelas,se_abre_con_tiempo,no_hay,normal,normal,no,no_visible,correctos,mas_50,costero_marino,anos_despues,normal,original,desplazamiento_lateral,diferente_zonas,seco,42
vigueta,red_mapa,cerrada_fina,cabeza,multiples_paralelas,se_abre_con_tiempo,recubrimiento_desprendido,normal,normal,parcialmente,no_visible,separados,menos_5,industrial,primeros_meses,normal,original,flecha_abajo,solido,seco,14
viga,red_mapa,cerrada_fina,cabeza,periodica,aparecio_de_golpe,no_hay,oscurecido,normal,completamente,no_visible,correctos,menos_5,costero_marino,subita_reciente,normal,recien_desencofrada,flecha_abajo,solido,humedo,14
voladizo,diagonal_45_75,grieta_separacion,cara_inferior,unica,se_cierra_al_descender,perdida_seccion,manchas_oxido,normal,no,no_visible,correctos,mas_50,interior,primeras_semanas,sobrecarga,original,desplazamiento_lateral,hueco,seco,48
pilar,vertical,abierta,cabeza,unica,estable,no_hay,manchas_oxido,disgregado,parcialmente,oxidada_visible,correctos,20_a_50,exterior_continental,anos_despues,impacto_sismo,original,no,solido,seco,9
tabique_cerramiento,diagonal_45,cerrada_fina,cara_inferior,ramificada,se_cierra_al_alejarse,no_hay,normal,poroso,no,no_visible,separados,mas_50,costero_marino,anos_despues,normal,original,no,solido,seco,64
tabique_cerramiento,diagonal_45_75,media,ambas_caras,periodica,se_cierra_al_descender,no_hay,manchas_blancas,humedo_filtraciones,no,no_visible,correctos,menos_5,costero_marino,primeros_meses,normal,reparada,desplazamiento_lateral,hueco,humedo,82
tabique_cerramiento,diagonal_45,cerrada_fina,cabeza,multiples_paralelas,estable,recubrimiento_desprendido,normal,normal,no,no_visible,separados,menos_5,exterior_continental,subita_reciente,normal,original,no,solido,humedo,75
mensula,horizontal,grieta_separacion,cabeza,ramificada,se_cierra_al_descender,no_hay,normal,normal,no,no_visible,correctos,menos_5,costero_marino,durante_construccion,sobrecarga,original,no,solido,seco,36
viga,diagonal_45_75,abierta,union_otro_elemento,periodica,aparecio_de_golpe,perdida_seccion,normal,normal,completamente,oxidada_visible,ausentes,mas_50,costero_marino,subita_reciente,normal,original,giro_inclinacion,hueco,salpicadura,17
forjado_reticular,vertical,abierta,cara_inferior,unica,se_cierra_al_descender,no_hay,normal,normal,no,manchas_oxido,correctos,5_a_20,exterior_continental,durante_construccion,normal,recien_desencofrada,no,solido,seco,52
cimentacion_zapata,vertical,cerrada_fina,base,unica,estable,no_hay,normal,normal,no,no_visible,correctos,menos_5,industrial,primeras_semanas,sobrecarga,original,no,solido,humedo,83
muro,vertical,cerrada_fina,union_otro_elemento,multiples_distintos_planos,se_abre_con_tiempo,no_hay,normal,disgregado,parcialmente,no_visible,correctos,5_a_20,costero_marino,subita_reciente,normal,original,desplazamiento_lateral,solido,humedo,89
forjado_unidireccional,horizontal,media,esquinas,multiples_paralelas,estable,no_hay,manchas_oxido,normal,parcialmente,no_visible,separados,5_a_20,industrial,subita_reciente,impacto_sismo,reparada,giro_inclinacion,solido,seco,70
voladizo,vertical,abierta,esquinas,unica,se_cierra_al_alejarse,recubrimiento_desprendido,manchas_oxido,normal,no,manchas_oxido,correctos,mas_50,interior,anos_despues,normal,reparada,no,solido,seco,46
vigueta,diagonal_45,cerrada_fina,perimetro,ramificada,se_abre_con_tiempo,no_hay,manchas_oxido,humedo_filtraciones,completamente,no_visible,separados,menos_5,exterior_continental,durante_construccion,normal,recien_desencofrada,no,diferente_zonas,humedo,40
pilar,horizontal,abierta,cabeza,multiples_paralelas,aparecio_de_golpe,no_hay,normal,normal,no,no_visible,correctos,5_a_20,sumergido,primeras_semanas,normal,original,no,diferente_zonas,seco,62
pilar,sin_fisura,cerrada_fina,base,unica,estable,recubrimiento_desprendido,normal,normal,completamente,manchas_oxido,ausentes,5_a_20,exterior_continental,durante_construccion,sobrecarga,recien_desencofrada,desplazamiento_lateral,hueco,seco,5
cimentacion_zapata,vertical,cerrada_fina,base,multiples_distintos_planos,se_abre_con_tiempo,no_hay,manchas_blancas,normal,no,manchas_oxido,correctos,5_a_20,sumergido,anos_despues,normal,original,no,diferente_zonas,seco,89
viga,diagonal_45_75,media,perimetro,multiples_paralelas,aparecio_de_golpe,no_hay,normal,poroso,parcialmente,no_visible,separados,menos_5,exterior_continental,durante_construccion,normal,recien_desencofrada,flecha_abajo,diferente_zonas,humedo,25
voladizo,red_mapa,abierta,cara_inferior,multiples_distintos_planos,se_abre_con_tiempo,recubrimiento_desprendido,normal,normal,no,manchas_oxido,correctos,20_a_50,interior,primeros_meses,sobrecarga,original,desplazamiento_lateral,hueco,filtracion_activa,24
pilar,vertical,cerrada_fina,cabeza,ramificada,aparecio_de_golpe,recubrimiento_desprendido,normal,normal,no,no_visible,correctos,menos_5,industrial,subita_reciente,normal,reparada,no,solido,seco,12
voladizo,horizontal,abierta,ambas_caras,ramificada,estable,recubrimiento_desprendido,normal,normal,no,manchas_oxido,correctos,20_a_50,exterior_continental,primeros_meses,sobrecarga,original,no,hueco,humedo,46
pilar,horizontal,media,centro,periodica,se_abre_con_tiempo,no_hay,normal,normal,no,manchas_oxido,separados,20_a_50,costero_marino,primeras_semanas,impacto_sismo,original,desplazamiento_lateral,solido,humedo,9
vigueta,vertical,cerrada_fina,perimetro,multiples_paralelas,estable,no_hay,normal,normal,parcialmente,no_visible,correctos,mas_50,costero_marino,durante_construccion,impacto_sismo,original,no,solido,seco,70
forjado_unidireccional,diagonal_45,abierta,union_otro_elemento,periodica,se_abre_con_tiempo,no_hay,normal,poroso,no,no_visible,ausentes,5_a_20,interior,durante_construccion,sobrecarga,reparada,no,diferente_zonas,humedo,55
pilar,diagonal_45_75,cerrada_fina,base,periodica,aparecio_de_golpe,no_hay,manchas_blancas,humedo_filtraciones,no,no_visible,correctos,20_a_50,sumergido,primeras_semanas,normal,recien_desencofrada,no,solido,humedo,10
muro,vertical,media,centro,multiples_paralelas,se_cierra_al_alejarse,recubrimiento_desprendido,manchas_oxido,normal,parcialmente,no_visible,separados,20_a_50,industrial,anos_despues,normal,recien_desencofrada,desplazamiento_lateral,hueco,seco,95
tabique_cerramiento,vertical,media,ambas_caras,periodica,se_cierra_al_alejarse,no_hay,normal,normal,no,no_visible,correctos,5_a_20,exterior_continental,primeras_semanas,normal,original,no,solido,humedo,73
forjado_unidireccional,red_mapa,abierta,ambas_caras,multiples_distintos_planos,aparecio_de_golpe,recubrimiento_desprendido,normal,normal,completamente,manchas_oxido,ausentes,menos_5,sumergido,subita_reciente,normal,original,no,hueco,humedo,53
vigueta,vertical,media,cabeza,multiples_paralelas,se_cierra_al_alejarse,perdida_seccion,oscurecido,poroso,completamente,oxidada_visible,correctos,menos_5,interior,durante_construccion,normal,original,desplazamiento_lateral,diferente_zonas,seco,41
viga,diagonal_45,media,base,unica,aparecio_de_golpe,no_hay,normal,normal,parcialmente,oxidada_visible,ausentes,5_a_20,interior,subita_reciente,sobrecarga,original,giro_inclinacion,hueco,seco,20
forjado_unidireccional,sin_fisura,cerrada_fina,cabeza,unica,estable,no_hay,normal,normal,completamente,no_visible,correctos,mas_50,interior,primeros_meses,normal,original,no,solido,filtracion_activa,61
tabique_cerramiento,diagonal_45_75,media,base,unica,se_abre_con_tiempo,recubrimiento_desprendido,normal,poroso,no,no_visible,desplazados,menos_5,sumergido,primeras_semanas,normal,original,no,hueco,seco,86
tabique_cerramiento,vertical,cerrada_fina,union_otro_elemento,ramificada,estable,no_hay,normal,normal,parcialmente,no_visible,separados,mas_50,exterior_continental,primeras_semanas,sobrecarga,original,no,solido,seco,76
pilar,diagonal_45_75,abierta,cabeza,periodica,estable,no_hay,manchas_blancas,normal,completamente,manchas_oxido,correctos,mas_50,costero_marino,subita_reciente,sobrecarga,original,flecha_abajo,hueco,seco,13
mensula,vertical,abierta,ambas_caras,unica,aparecio_de_golpe,recubrimiento_desprendido,normal,normal,parcialmente,manchas_oxido,ausentes,5_a_20,sumergido,anos_despues,normal,original,flecha_abajo,diferente_zonas,humedo,35
pilar,diagonal_45_75,cerrada_fina,cabeza,multiples_distintos_planos,se_cierra_al_alejarse,no_hay,manchas_oxido,poroso,parcialmente,no_visible,correctos,menos_5,exterior_continental,primeras_semanas,normal,original,no,solido,humedo,11
voladizo,red_mapa,grieta_separacion,cara_inferior,periodica,se_cierra_al_alejarse,no_hay,normal,humedo_filtraciones,no,no_visible,separados,mas_50,industrial,primeras_semanas,sobrecarga,original,no,diferente_zonas,filtracion_activa,10
muro,diagonal_45_75,media,base,multiples_distintos_planos,se_cierra_al_alejarse,no_hay,normal,humedo_filtraciones,no,no_visible,ausentes,mas_50,sumergido,primeros_meses,normal,reforzada,no,solido,seco,86
pilar,diagonal_45_75,abierta,cara_inferior,unica,aparecio_de_golpe,no_hay,normal,normal,parcialmente,oxidada_visible,correctos,menos_5,exterior_continental,subita_reciente,sobrecarga,reparada,no,hueco,seco,7
tabique_cerramiento,diagonal_45_75,cerrada_fina,cara_inferior,periodica,se_cierra_al_alejarse,no_hay,normal,normal,parcialmente,no_visible,separados,menos_5,sumergido,primeras_semanas,sobrecarga,recien_desencofrada,no,solido,seco,64
viga,diagonal_45,media,union_otro_elemento,unica,estable,no_hay,normal,normal,no,no_visible,correctos,mas_50,industrial,primeras_semanas,sobrecarga,reparada,desplazamiento_lateral,solido,seco,86
vigueta,diagonal_45,cerrada_fina,ambas_caras,ramificada,se_cierra_al_descender,recubrimiento_desprendido,normal,normal,no,no_visible,correctos,20_a_50,industrial,durante_construccion,normal,recien_desencofrada,no,solido,seco,93
pilar,red_mapa,cerrada_fina,cabeza,periodica,se_abre_con_tiempo,no_hay,manchas_oxido,humedo_filtraciones,no,no_visible,separados,mas_50,sumergido,primeros_meses,normal,original,no,solido,humedo,11
tabique_cerramiento,vertical,cerrada_fina,base,multiples_distintos_planos,se_cierra_al_alejarse,recubrimiento_desprendido,normal,normal,no,no_visible,correctos,menos_5,exterior_continental,primeras_semanas,sobrecarga,recien_desencofrada,no,diferente_zonas,seco,73
viga,red_mapa,media,esquinas,multiples_paralelas,se_abre_con_tiempo,no_hay,normal,normal,no,manchas_oxido,separados,menos_5,costero_marino,anos_despues,normal,original,flecha_abajo,diferente_zonas,seco,32
viga,sin_fisura,cerrada_fina,centro,unica,estable,perdida_seccion,normal,normal,no,manchas_oxido,correctos,menos_5,interior,durante_construccion,normal,reparada,flecha_abajo,diferente_zonas,seco,84
viga,diagonal_45_75,grieta_separacion,centro,ramificada,aparecio_de_golpe,recubrimiento_desprendido,normal,humedo_filtraciones,parcialmente,oxidada_visible,separados,mas_50,exterior_continental,durante_construccion,normal,original,aplastamiento,diferente_zonas,seco,22
muro,horizontal,media,union_otro_elemento,periodica,se_cierra_al_descender,no_hay,normal,poroso,parcialmente,no_visible,correctos,5_a_20,interior,primeros_meses,impacto_sismo,original,no,solido,seco,70
muro,horizontal,cerrada_fina,union_otro_elemento,unica,se_cierra_al_alejarse,no_hay,normal,poroso,no,no_visible,correctos,5_a_20,costero_marino,anos_despues,normal,reparada,no,solido,seco,76
muro,vertical,cerrada_fina,cara_inferior,periodica,se_abre_con_tiempo,no_hay,oscurecido,normal,no,no_visible,correctos,5_a_20,interior,primeras_semanas,normal,original,flecha_abajo,solido,humedo,76
mensula,vertical,cerrada_fina,union_otro_elemento,unica,se_cierra_al_descender,no_hay,normal,poroso,parcialmente,no_visible,correctos,menos_5,interior,anos_despues,sobrecarga,original,no,diferente_zonas,humedo,36
voladizo,diagonal_45,abierta,cara_inferior,periodica,se_abre_con_tiempo,recubrimiento_desprendido,manchas_oxido,normal,parcialmente,no_visible,separados,mas_50,industrial,anos_despues,normal,original,desplazamiento_lateral,hueco,seco,48
forjado_unidireccional,red_mapa,grieta_separacion,base,multiples_paralelas,se_abre_con_tiempo,recubrimiento_desprendido,manchas_oxido,normal,parcialmente,no_visible,desplazados,menos_5,exterior_continental,primeros_meses,normal,reforzada,no,solido,seco,55
cimentacion_zapata,vertical,media,esquinas,multiples_paralelas,se_abre_con_tiempo,recubrimiento_desprendido,normal,normal,no,no_visible,correctos,20_a_50,costero_marino,anos_despues,normal,reparada,aplastamiento,hueco,seco,95
forjado_unidireccional,horizontal,cerrada_fina,centro,multiples_distintos_planos,estable,no_hay,normal,normal,no,manchas_oxido,desplazados,5_a_20,interior,durante_construccion,sobrecarga,original,no,solido,filtracion_activa,71
viga,red_mapa,grieta_separacion,centro,periodica,se_abre_con_tiempo,recubrimiento_desprendido,oscurecido,normal,parcialmente,oxidada_visible,desplazados,5_a_20,costero_marino,subita_reciente,normal,original,flecha_abajo,solido,seco,22
cimentacion_zapata,red_mapa,media,perimetro,multiples_distintos_planos,se_cierra_al_alejarse,no_hay,manchas_oxido,normal,no,no_visible,correctos,5_a_20,sumergido,durante_construccion,normal,original,no,diferente_zonas,seco,90
viga,horizontal,media,base,multiples_paralelas,se_cierra_al_alejarse,desmoronandose,normal,poroso,parcialmente,no_visible,correctos,5_a_20,industrial,durante_construccion,normal,reparada,no,hueco,seco,2
viga,diagonal_45_75,media,ambas_caras,multiples_distintos_planos,se_cierra_al_alejarse,no_hay,normal,normal,parcialmente,oxidada_visible,ausentes,20_a_50,exterior_continental,primeras_semanas,normal,recien_desencofrada,flecha_abajo,diferente_zonas,seco,24
pilar,horizontal,grieta_separacion,ambas_caras,multiples_distintos_planos,se_cierra_al_alejarse,perdida_seccion,normal,poroso,completamente,no_visible,desplazados,menos_5,industrial,durante_construccion,normal,original,desplazamiento_lateral,diferente_zonas,seco,5
voladizo,vertical,grieta_separacion,cara_inferior,unica,estable,recubrimiento_desprendido,normal,normal,parcialmente,manchas_oxido,correctos,5_a_20,interior,subita_reciente,sobrecarga,original,no,diferente_zonas,seco,48
vigueta,red_mapa,abierta,cabeza,multiples_distintos_planos,aparecio_de_golpe,recubrimiento_desprendido,normal,normal,no,no_visible,separados,20_a_50,interior,primeras_semanas,sobrecarga,original,aplastamiento,hueco,humedo,38
viga,diagonal_45,grieta_separacion,union_otro_elemento,multiples_paralelas,aparecio_de_golpe,recubrimiento_desprendido,normal,disgregado,parcialmente,manchas_oxido,desplazados,menos_5,sumergido,durante_construccion,sobrecarga,recien_desencofrada,giro_inclinacion,diferente_zonas,humedo,21
viga,red_mapa,media,union_otro_elemento,multiples_distintos_planos,aparecio_de_golpe,no_hay,normal,normal,no,no_visible,desplazados,menos_5,exterior_continental,subita_reciente,normal,original,no,solido,seco,62
muro,horizontal,cerrada_fina,centro,multiples_paralelas,estable,no_hay,normal,normal,parcialmente,no_visible,correctos,5_a_20,interior,anos_despues,normal,reparada,no,solido,humedo,73
vigueta,sin_fisura,cerrada_fina,union_otro_elemento,unica,estable,perdida_seccion,normal,normal,parcialmente,manchas_oxido,separados,5_a_20,interior,durante_construccion,normal,reforzada,desplazamiento_lateral,diferente_zonas,seco,44
pilar,diagonal_45_75,media,perimetro,multiples_distintos_planos,se_cierra_al_alejarse,recubrimiento_desprendido,manchas_oxido,poroso,parcialmente,oxidada_visible,correctos,mas_50,costero_marino,anos_despues,sobrecarga,original,no,diferente_zonas,salpicadura,6
voladizo,horizontal,abierta,ambas_caras,multiples_paralelas,se_cierra_al_alejarse,perdida_seccion,oscurecido,normal,parcialmente,oxidada_visible,correctos,5_a_20,costero_marino,primeras_semanas,normal,recien_desencofrada,giro_inclinacion,hueco,seco,46
viga,vertical,media,union_otro_elemento,unica,estable,recubrimiento_desprendido,normal,normal,completamente,no_visible,correctos,menos_5,industrial,anos_despues,sobrecarga,original,flecha_abajo,solido,seco,81
tabique_cerramiento,diagonal_45,cerrada_fina,base,multiples_distintos_planos,aparecio_de_golpe,no_hay,normal,normal,no,manchas_oxido,separados,20_a_50,industrial,durante_construccion,sobrecarga,original,no,solido,seco,66
tabique_cerramiento,diagonal_45_75,media,centro,multiples_paralelas,estable,no_hay,normal,normal,no,no_visible,correctos,menos_5,interior,primeras_semanas,normal,original,no,solido,seco,71
tabique_cerramiento,horizontal,cerrada_fina,union_otro_elemento,periodica,se_cierra_al_descender,no_hay,oscurecido,normal,completamente,perdida_seccion,correctos,20_a_50,industrial,anos_despues,impacto_sismo,original,no,solido,seco,70
mensula,red_mapa,grieta_separacion,centro,multiples_distintos_planos,aparecio_de_golpe,recubrimiento_desprendido,manchas_blancas,normal,parcialmente,no_visible,correctos,mas_50,costero_marino,subita_reciente,sobrecarga,original,aplastamiento,solido,seco,34
vigueta,diagonal_45,cerrada_fina,cara_inferior,periodica,se_cierra_al_alejarse,no_hay,manchas_blancas,normal,no,no_visible,correctos,menos_5,interior,primeros_meses,normal,original,no,solido,seco,64
tabique_cerramiento,sin_fisura,cerrada_fina,base,unica,estable,no_hay,normal,poroso,no,no_visible,separados,mas_50,costero_marino,anos_despues,normal,original,no,diferente_zonas,seco,59
cimentacion_zapata,diagonal_45_75,abierta,cabeza,multiples_paralelas,estable,no_hay,manchas_oxido,normal,no,no_visible,correctos,5_a_20,exterior_continental,anos_despues,sobrecarga,original,no,diferente_zonas,seco,92
viga,diagonal_45,cerrada_fina,union_otro_elemento,unica,se_abre_con_tiempo,recubrimiento_desprendido,normal,humedo_filtraciones,no,no_visible,correctos,mas_50,sumergido,anos_despues,normal,reparada,no,solido,humedo,29
cimentacion_zapata,vertical,media,base,multiples_distintos_planos,se_cierra_al_alejarse,recubrimiento_desprendido,normal,poroso,no,no_visible,correctos,20_a_50,sumergido,primeras_semanas,normal,original,desplazamiento_lateral,diferente_zonas,humedo,86
muro,diagonal_45,abierta,union_otro_elemento,periodica,se_abre_con_tiempo,perdida_seccion,normal,normal,parcialmente,no_visible,ausentes,menos_5,interior,durante_construccion,normal,recien_desencofrada,desplazamiento_lateral,diferente_zonas,humedo,5
pilar,diagonal_45,abierta,ambas_caras,multiples_distintos_planos,aparecio_de_golpe,recubrimiento_desprendido,normal,normal,parcialmente,manchas_oxido,separados,5_a_20,industrial,subita_reciente,impacto_sismo,original,flecha_abajo,hueco,seco,3
muro,horizontal,cerrada_fina,esquinas,multiples_distintos_planos,se_cierra_al_alejarse,no_hay,normal,normal,no,manchas_oxido,correctos,menos_5,industrial,primeros_meses,sobrecarga,original,no,solido,salpicadura,72
cimentacion_zapata,diagonal_45,cerrada_fina,base,ramificada,se_cierra_al_descender,no_hay,normal,normal,no,manchas_oxido,correctos,mas_50,exterior_continental,anos_despues,normal,recien_desencofrada,flecha_abajo,diferente_zonas,seco,93
cimentacion_zapata,red_mapa,cerrada_fina,base,multiples_distintos_planos,se_cierra_al_alejarse,no_hay,manchas_blancas,poroso,no,no_visible,correctos,mas_50,exterior_continental,anos_despues,normal,reparada,no,hueco,filtracion_activa,87
vigueta,red_mapa,abierta,centro,multiples_distintos_planos,estable,desmoronandose,manchas_blancas,disgregado,parcialmente,manchas_oxido,correctos,menos_5,costero_marino,anos_despues,sobrecarga,original,flecha_abajo,solido,salpicadura,43
vigueta,vertical,media,cabeza,periodica,se_cierra_al_descender,desmoronandose,manchas_oxido,poroso,parcialmente,no_visible,correctos,menos_5,industrial,anos_despues,sobrecarga,original,aplastamiento,solido,seco,38
voladizo,red_mapa,cerrada_fina,union_otro_elemento,ramificada,se_cierra_al_descender,no_hay,manchas_oxido,poroso,no,no_visible,correctos,menos_5,costero_marino,anos_despues,sobrecarga,original,no,solido,humedo,67
vigueta,sin_fisura,cerrada_fina,cabeza,unica,estable,desmoronandose,normal,poroso,no,no_visible,correctos,5_a_20,exterior_continental,primeras_semanas,normal,reparada,aplastamiento,diferente_zonas,seco,38
mensula,vertical,cerrada_fina,base,multiples_distintos_planos,estable,no_hay,normal,normal,no,no_visible,correctos,5_a_20,interior,primeras_semanas,descarga,original,no,solido,seco,36
muro,horizontal,abierta,esquinas,multiples_distintos_planos,se_cierra_al_alejarse,no_hay,normal,normal,no,manchas_oxido,correctos,menos_5,costero_marino,anos_despues,sobrecarga,original,no,diferente_zonas,seco,74
viga,sin_fisura,cerrada_fina,cabeza,unica,estable,desmoronandose,normal,poroso,parcialmente,no_visible,ausentes,mas_50,industrial,anos_despues,sobrecarga,original,aplastamiento,solido,seco,58
cimentacion_zapata,diagonal_45_75,media,cara_inferior,ramificada,se_cierra_al_descender,no_hay,normal,normal,no,no_visible,correctos,20_a_50,sumergido,durante_construccion,normal,original,no,hueco,seco,86
vigueta,vertical,media,cabeza,multiples_distintos_planos,aparecio_de_golpe,no_hay,normal,humedo_filtraciones,no,no_visible,correctos,20_a_50,sumergido,durante_construccion,descarga,original,flecha_abajo,hueco,seco,42
viga,sin_fisura,cerrada_fina,base,unica,estable,no_hay,normal,normal,no,no_visible,correctos,5_a_20,exterior_continental,subita_reciente,sobrecarga,original,no,diferente_zonas,salpicadura,59
forjado_unidireccional,diagonal_45,grieta_separacion,centro,unica,se_cierra_al_descender,perdida_seccion,normal,normal,parcialmente,oxidada_visible,separados,20_a_50,industrial,subita_reciente,normal,reforzada,no,diferente_zonas,humedo,51
cimentacion_zapata,red_mapa,media,centro,ramificada,se_cierra_al_descender,no_hay,oscurecido,normal,no,no_visible,correctos,mas_50,industrial,durante_construccion,normal,original,no,solido,seco,94
muro,horizontal,media,esquinas,multiples_paralelas,se_abre_con_tiempo,no_hay,manchas_blancas,humedo_filtraciones,no,no_visible,separados,mas_50,sumergido,subita_reciente,normal,original,no,diferente_zonas,filtracion_activa,80
voladizo,sin_fisura,cerrada_fina,cabeza,unica,estable,no_hay,manchas_blancas,humedo_filtraciones,no,no_visible,correctos,menos_5,exterior_continental,subita_reciente,normal,reparada,no,solido,humedo,80
muro,vertical,media,base,periodica,se_abre_con_tiempo,no_hay,normal,normal,no,no_visible,separados,5_a_20,costero_marino,anos_despues,sobrecarga,original,no,hueco,seco,81
viga,diagonal_45_75,media,esquinas,multiples_paralelas,aparecio_de_golpe,no_hay,manchas_oxido,humedo_filtraciones,completamente,no_visible,ausentes,menos_5,sumergido,durante_construccion,normal,original,no,solido,humedo,25
pilar,diagonal_45,cerrada_fina,cabeza,multiples_distintos_planos,se_cierra_al_alejarse,no_hay,normal,normal,no,no_visible,correctos,menos_5,sumergido,primeras_semanas,normal,reparada,flecha_abajo,diferente_zonas,seco,12
forjado_reticular,diagonal_45,abierta,esquinas,ramificada,se_cierra_al_alejarse,recubrimiento_desprendido,manchas_oxido,normal,parcialmente,oxidada_visible,ausentes,mas_50,industrial,anos_despues,normal,original,flecha_abajo,hueco,seco,51
voladizo,horizontal,media,cara_inferior,unica,aparecio_de_golpe,no_hay,manchas_oxido,normal,parcialmente,oxidada_visible,separados,5_a_20,sumergido,anos_despues,sobrecarga,reparada,flecha_abajo,solido,seco,45
muro,diagonal_45_75,cerrada_fina,cara_inferior,unica,se_cierra_al_alejarse,no_hay,normal,normal,no,no_visible,correctos,menos_5,sumergido,anos_despues,normal,original,no,solido,seco,78
forjado_reticular,red_mapa,media,esquinas,unica,se_cierra_al_alejarse,recubrimiento_desprendido,manchas_blancas,normal,no,no_visible,separados,menos_5,costero_marino,primeras_semanas,normal,reparada,no,solido,humedo,52
viga,diagonal_45_75,media,esquinas,ramificada,se_cierra_al_alejarse,no_hay,normal,normal,no,no_visible,ausentes,mas_50,exterior_continental,primeros_meses,normal,original,desplazamiento_lateral,solido,seco,31
forjado_unidireccional,diagonal_45_75,cerrada_fina,ambas_caras,unica,se_cierra_al_alejarse,no_hay,manchas_blancas,humedo_filtraciones,no,no_visible,correctos,menos_5,sumergido,anos_despues,normal,original,no,diferente_zonas,filtracion_activa,65
tabique_cerramiento,sin_fisura,cerrada_fina,base,unica,estable,no_hay,normal,normal,no,manchas_oxido,correctos,mas_50,interior,subita_reciente,normal,original,no,solido,filtracion_activa,76
pilar,red_mapa,grieta_separacion,ambas_caras,multiples_distintos_planos,se_cierra_al_alejarse,perdida_seccion,manchas_oxido,poroso,completamente,oxidada_visible,correctos,mas_50,costero_marino,anos_despues,normal,reforzada,no,diferente_zonas,salpicadura,6
viga,red_mapa,media,cabeza,ramificada,se_cierra_al_descender,recubrimiento_desprendido,normal,humedo_filtraciones,completamente,oxidada_visible,ausentes,menos_5,costero_marino,durante_construccion,sobrecarga,original,flecha_abajo,solido,salpicadura,26
cimentacion_zapata,diagonal_45,cerrada_fina,esquinas,multiples_distintos_planos,se_cierra_al_descender,no_hay,manchas_oxido,normal,parcialmente,no_visible,correctos,mas_50,exterior_continental,anos_despues,normal,recien_desencofrada,no,solido,salpicadura,93
viga,diagonal_45,cerrada_fina,union_otro_elemento,ramificada,estable,no_hay,normal,normal,no,no_visible,correctos,menos_5,industrial,primeras_semanas,impacto_sismo,original,no,solido,humedo,23
vigueta,diagonal_45_75,cerrada_fina,base,multiples_paralelas,se_cierra_al_alejarse,recubrimiento_desprendido,oscurecido,poroso,no,no_visible,correctos,5_a_20,sumergido,durante_construccion,normal,original,no,solido,seco,39
viga,vertical,cerrada_fina,base,unica,se_cierra_al_descender,no_hay,normal,normal,no,no_visible,correctos,5_a_20,costero_marino,durante_construccion,normal,original,flecha_abajo,solido,seco,76
tabique_cerramiento,red_mapa,abierta,ambas_caras,unica,se_abre_con_tiempo,recubrimiento_desprendido,manchas_oxido,normal,parcialmente,oxidada_visible,correctos,mas_50,sumergido,primeras_semanas,sobrecarga,original,no,diferente_zonas,seco,19
mensula,diagonal_45,media,base,periodica,se_cierra_al_descender,no_hay,oscurecido,normal,no,no_visible,correctos,mas_50,costero_marino,primeros_meses,normal,original,desplazamiento_lateral,diferente_zonas,seco,85
tabique_cerramiento,diagonal_45_75,cerrada_fina,esquinas,multiples_paralelas,estable,no_hay,normal,normal,no,no_visible,correctos,menos_5,costero_marino,primeras_semanas,normal,original,no,solido,seco,75
forjado_unidireccional,vertical,cerrada_fina,cabeza,periodica,se_abre_con_tiempo,no_hay,normal,poroso,no,no_visible,correctos,mas_50,interior,primeras_semanas,normal,original,no,solido,humedo,65
viga,diagonal_45_75,cerrada_fina,esquinas,ramificada,aparecio_de_golpe,perdida_seccion,normal,normal,no,manchas_oxido,separados,menos_5,industrial,durante_construccion,sobrecarga,original,no,hueco,seco,31
muro,vertical,media,base,ramificada,se_cierra_al_alejarse,recubrimiento_desprendido,normal,normal,completamente,oxidada_visible,correctos,menos_5,exterior_continental,primeros_meses,normal,original,desplazamiento_lateral,diferente_zonas,salpicadura,13
viga,diagonal_45,abierta,cara_inferior,periodica,aparecio_de_golpe,no_hay,normal,normal,parcialmente,manchas_oxido,correctos,menos_5,exterior_continental,durante_construccion,sobrecarga,original,no,diferente_zonas,seco,15
mensula,red_mapa,media,cara_inferior,multiples_distintos_planos,aparecio_de_golpe,recubrimiento_desprendido,normal,normal,parcialmente,manchas_oxido,ausentes,menos_5,industrial,subita_reciente,normal,original,flecha_abajo,diferente_zonas,seco,53
tabique_cerramiento,red_mapa,media,centro,periodica,se_abre_con_tiempo,recubrimiento_desprendido,manchas_blancas,poroso,completamente,no_visible,ausentes,menos_5,sumergido,primeras_semanas,normal,recien_desencofrada,no,diferente_zonas,humedo,25
pilar,diagonal_45_75,cerrada_fina,cabeza,periodica,se_cierra_al_alejarse,no_hay,normal,poroso,no,no_visible,correctos,menos_5,exterior_continental,primeras_semanas,normal,original,no,solido,seco,78
cimentacion_zapata,diagonal_45_75,media,base,unica,se_cierra_al_descender,no_hay,manchas_blancas,normal,no,no_visible,correctos,20_a_50,costero_marino,subita_reciente,normal,original,desplazamiento_lateral,hueco,humedo,85
pilar,horizontal,cerrada_fina,cabeza,unica,se_cierra_al_descender,no_hay,normal,normal,completamente,oxidada_visible,correctos,menos_5,industrial,durante_construccion,sobrecarga,original,desplazamiento_lateral,hueco,seco,13
mensula,diagonal_45_75,abierta,perimetro,periodica,estable,perdida_seccion,normal,poroso,parcialmente,oxidada_visible,separados,20_a_50,industrial,durante_construccion,normal,reparada,no,hueco,seco,35
viga,diagonal_45,media,base,ramificada,aparecio_de_golpe,recubrimiento_desprendido,normal,normal,parcialmente,oxidada_visible,separados,menos_5,interior,durante_construccion,normal,reforzada,flecha_abajo,diferente_zonas,humedo,20
viga,diagonal_45,media,cara_inferior,periodica,se_cierra_al_descender,desmoronandose,normal,disgregado,parcialmente,no_visible,correctos,mas_50,interior,subita_reciente,sobrecarga,original,no,solido,seco,64
forjado_unidireccional,horizontal,cerrada_fina,ambas_caras,ramificada,aparecio_de_golpe,no_hay,normal,normal,no,no_visible,separados,5_a_20,industrial,durante_construccion,sobrecarga,original,flecha_abajo,solido,humedo,66
pilar,diagonal_45,cerrada_fina,cabeza,multiples_paralelas,se_cierra_al_descender,no_hay,manchas_blancas,poroso,no,no_visible,correctos,20_a_50,costero_marino,subita_reciente,normal,original,no,solido,humedo,11
pilar,vertical,abierta,cabeza,unica,se_cierra_al_descender,recubrimiento_desprendido,normal,poroso,no,no_visible,correctos,menos_5,interior,primeros_meses,normal,original,flecha_abajo,diferente_zonas,seco,4
voladizo,diagonal_45,grieta_separacion,cara_inferior,ramificada,estable,recubrimiento_desprendido,normal,normal,completamente,no_visible,correctos,mas_50,industrial,anos_despues,normal,original,no,solido,seco,48
vigueta,diagonal_45,abierta,centro,periodica,aparecio_de_golpe,perdida_seccion,normal,normal,no,manchas_oxido,ausentes,20_a_50,industrial,anos_despues,sobrecarga,original,flecha_abajo,solido,seco,44
vigueta,red_mapa,grieta_separacion,esquinas,periodica,aparecio_de_golpe,no_hay,normal,normal,parcialmente,manchas_oxido,correctos,menos_5,industrial,anos_despues,normal,original,no,diferente_zonas,humedo,42
viga,diagonal_45,media,cara_inferior,ramificada,aparecio_de_golpe,recubrimiento_desprendido,manchas_oxido,poroso,parcialmente,manchas_oxido,desplazados,menos_5,exterior_continental,durante_construccion,sobrecarga,recien_desencofrada,giro_inclinacion,hueco,humedo,21
mensula,vertical,grieta_separacion,ambas_caras,multiples_paralelas,aparecio_de_golpe,desmoronandose,normal,poroso,parcialmente,manchas_oxido,ausentes,20_a_50,exterior_continental,subita_reciente,sobrecarga,original,no,diferente_zonas,humedo,3
cimentacion_zapata,diagonal_45_75,abierta,union_otro_elemento,ramificada,se_cierra_al_descender,no_hay,normal,normal,no,no_visible,correctos,mas_50,sumergido,anos_despues,sobrecarga,reforzada,desplazamiento_lateral,solido,seco,85
mensula,vertical,media,union_otro_elemento,periodica,se_cierra_al_descender,recubrimiento_desprendido,normal,normal,parcialmente,manchas_oxido,correctos,5_a_20,costero_marino,primeras_semanas,sobrecarga,original,flecha_abajo,solido,seco,33
cimentacion_zapata,diagonal_45,abierta,base,multiples_distintos_planos,aparecio_de_golpe,no_hay,manchas_oxido,normal,no,no_visible,correctos,20_a_50,costero_marino,primeros_meses,normal,reparada,no,hueco,seco,89
muro,diagonal_45,abierta,cabeza,multiples_distintos_planos,se_cierra_al_descender,recubrimiento_desprendido,oscurecido,normal,no,no_visible,correctos,menos_5,interior,subita_reciente,sobrecarga,original,desplazamiento_lateral,hueco,seco,88
muro,diagonal_45,grieta_separacion,cabeza,periodica,aparecio_de_golpe,recubrimiento_desprendido,normal,normal,parcialmente,manchas_oxido,correctos,mas_50,costero_marino,durante_construccion,normal,recien_desencofrada,no,solido,seco,84
viga,diagonal_45_75,cerrada_fina,cabeza,multiples_paralelas,aparecio_de_golpe,no_hay,normal,poroso,no,no_visible,correctos,5_a_20,interior,subita_reciente,normal,original,no,solido,filtracion_activa,28
muro,diagonal_45,media,union_otro_elemento,multiples_distintos_planos,se_cierra_al_alejarse,no_hay,normal,poroso,parcialmente,no_visible,ausentes,mas_50,sumergido,durante_construccion,normal,original,no,diferente_zonas,seco,89
forjado_unidireccional,diagonal_45_75,cerrada_fina,centro,periodica,estable,no_hay,normal,normal,completamente,oxidada_visible,correctos,menos_5,exterior_continental,durante_construccion,normal,original,no,solido,seco,71
tabique_cerramiento,diagonal_45_75,cerrada_fina,cabeza,multiples_paralelas,se_cierra_al_alejarse,no_hay,manchas_blancas,humedo_filtraciones,parcialmente,no_visible,correctos,menos_5,exterior_continental,primeros_meses,normal,original,no,solido,seco,77
vigueta,horizontal,grieta_separacion,cabeza,ramificada,se_cierra_al_alejarse,recubrimiento_desprendido,normal,normal,parcialmente,oxidada_visible,correctos,menos_5,costero_marino,durante_construccion,normal,original,no,hueco,seco,41
vigueta,vertical,cerrada_fina,centro,ramificada,aparecio_de_golpe,recubrimiento_desprendido,oscurecido,humedo_filtraciones,no,manchas_oxido,correctos,5_a_20,interior,primeros_meses,normal,original,flecha_abajo,solido,humedo,37
muro,red_mapa,media,ambas_caras,periodica,aparecio_de_golpe,no_hay,normal,humedo_filtraciones,no,no_visible,correctos,menos_5,exterior_continental,subita_reciente,normal,reforzada,flecha_abajo,diferente_zonas,humedo,80
mensula,red_mapa,media,ambas_caras,multiples_distintos_planos,estable,recubrimiento_desprendido,normal,normal,no,manchas_oxido,correctos,menos_5,costero_marino,subita_reciente,normal,reforzada,giro_inclinacion,diferente_zonas,seco,74
viga,diagonal_45,cerrada_fina,base,unica,aparecio_de_golpe,no_hay,manchas_oxido,poroso,parcialmente,no_visible,separados,menos_5,sumergido,durante_construccion,sobrecarga,recien_desencofrada,no,solido,filtracion_activa,25
pilar,diagonal_45,abierta,cabeza,periodica,aparecio_de_golpe,no_hay,normal,normal,no,no_visible,correctos,5_a_20,interior,primeras_semanas,sobrecarga,original,flecha_abajo,solido,seco,12
cimentacion_zapata,diagonal_45_75,media,centro,multiples_distintos_planos,se_cierra_al_alejarse,no_hay,normal,normal,no,no_visible,correctos,mas_50,costero_marino,durante_construccion,normal,original,flecha_abajo,diferente_zonas,seco,90
cimentacion_zapata,horizontal,cerrada_fina,base,ramificada,se_cierra_al_alejarse,desmoronandose,normal,poroso,no,no_visible,correctos,mas_50,industrial,durante_construccion,normal,original,no,solido,filtracion_activa,83
voladizo,diagonal_45_75,cerrada_fina,centro,ramificada,estable,recubrimiento_desprendido,normal,normal,no,no_visible,correctos,20_a_50,industrial,subita_reciente,normal,original,no,solido,salpicadura,68
pilar,red_mapa,cerrada_fina,cabeza,periodica,estable,no_hay,manchas_oxido,poroso,no,no_visible,correctos,5_a_20,exterior_continental,primeros_meses,normal,original,no,solido,humedo,10
cimentacion_zapata,red_mapa,abierta,base,ramificada,se_cierra_al_alejarse,no_hay,normal,normal,parcialmente,no_visible,correctos,20_a_50,sumergido,anos_despues,sobrecarga,original,no,diferente_zonas,humedo,90
vigueta,sin_fisura,cerrada_fina,esquinas,unica,estable,perdida_seccion,normal,normal,completamente,manchas_oxido,separados,20_a_50,industrial,subita_reciente,sobrecarga,original,no,diferente_zonas,seco,44
tabique_cerramiento,sin_fisura,cerrada_fina,base,unica,estable,no_hay,normal,normal,no,no_visible,correctos,menos_5,industrial,primeras_semanas,sobrecarga,original,no,diferente_zonas,seco,59
viga,vertical,media,union_otro_elemento,multiples_paralelas,se_cierra_al_alejarse,no_hay,manchas_oxido,humedo_filtraciones,no,manchas_oxido,correctos,mas_50,costero_marino,anos_despues,sobrecarga,recien_desencofrada,no,diferente_zonas,salpicadura,26
tabique_cerramiento,diagonal_45,media,base,multiples_distintos_planos,estable,no_hay,manchas_oxido,humedo_filtraciones,no,no_visible,correctos,20_a_50,sumergido,primeras_semanas,sobrecarga,original,aplastamiento,hueco,humedo,82
cimentacion_zapata,diagonal_45_75,abierta,union_otro_elemento,multiples_distintos_planos,estable,no_hay,normal,humedo_filtraciones,completamente,perdida_seccion,correctos,20_a_50,interior,primeras_semanas,sobrecarga,reparada,giro_inclinacion,hueco,humedo,96
viga,red_mapa,abierta,centro,periodica,aparecio_de_golpe,recubrimiento_desprendido,manchas_blancas,humedo_filtraciones,parcialmente,oxidada_visible,separados,20_a_50,industrial,subita_reciente,sobrecarga,original,desplazamiento_lateral,diferente_zonas,seco,17
vigueta,red_mapa,cerrada_fina,perimetro,periodica,se_abre_con_tiempo,no_hay,normal,poroso,no,no_visible,correctos,5_a_20,costero_marino,subita_reciente,normal,original,flecha_abajo,solido,seco,39
vigueta,vertical,abierta,cabeza,ramificada,se_cierra_al_alejarse,recubrimiento_desprendido,normal,normal,completamente,manchas_oxido,separados,menos_5,exterior_continental,durante_construccion,descarga,recien_desencofrada,flecha_abajo,diferente_zonas,humedo,41
cimentacion_zapata,diagonal_45_75,cerrada_fina,base,multiples_distintos_planos,se_abre_con_tiempo,no_hay,manchas_oxido,poroso,no,no_visible,separados,menos_5,exterior_continental,primeras_semanas,normal,reforzada,no,solido,humedo,87
forjado_reticular,horizontal,cerrada_fina,base,multiples_distintos_planos,aparecio_de_golpe,recubrimiento_desprendido,normal,poroso,no,no_visible,separados,menos_5,interior,primeras_semanas,normal,original,no,solido,seco,47
tabique_cerramiento,vertical,cerrada_fina,union_otro_elemento,multiples_distintos_planos,se_abre_con_tiempo,desmoronandose,normal,disgregado,no,no_visible,ausentes,menos_5,industrial,primeros_meses,normal,original,no,solido,humedo,72
muro,vertical,media,union_otro_elemento,periodica,aparecio_de_golpe,no_hay,normal,normal,no,no_visible,correctos,mas_50,costero_marino,durante_construccion,normal,reparada,flecha_abajo,solido,seco,76
tabique_cerramiento,red_mapa,cerrada_fina,perimetro,multiples_paralelas,se_cierra_al_alejarse,no_hay,normal,normal,no,no_visible,separados,menos_5,exterior_continental,anos_despues,normal,original,no,solido,seco,73
forjado_reticular,red_mapa,grieta_separacion,perimetro,ramificada,aparecio_de_golpe,recubrimiento_desprendido,oscurecido,poroso,parcialmente,oxidada_visible,ausentes,mas_50,costero_marino,subita_reciente,normal,original,flecha_abajo,diferente_zonas,seco,53
viga,diagonal_45_75,abierta,perimetro,periodica,aparecio_de_golpe,recubrimiento_desprendido,oscurecido,normal,completamente,manchas_oxido,separados,mas_50,interior,subita_reciente,normal,original,desplazamiento_lateral,hueco,humedo,22
pilar,sin_fisura,cerrada_fina,cabeza,unica,estable,no_hay,normal,normal,completamente,no_visible,correctos,5_a_20,industrial,durante_construccion,impacto_sismo,recien_desencofrada,no,solido,salpicadura,14
pilar,horizontal,abierta,ambas_caras,ramificada,aparecio_de_golpe,recubrimiento_desprendido,normal,poroso,completamente,oxidada_visible,correctos,menos_5,exterior_continental,durante_construccion,impacto_sismo,reforzada,flecha_abajo,solido,humedo,3
muro,red_mapa,cerrada_fina,cara_inferior,ramificada,aparecio_de_golpe,no_hay,manchas_blancas,humedo_filtraciones,no,no_visible,correctos,mas_50,exterior_continental,subita_reciente,normal,reparada,no,solido,filtracion_activa,79
vigueta,diagonal_45,abierta,cara_inferior,periodica,aparecio_de_golpe,no_hay,oscurecido,humedo_filtraciones,completamente,manchas_oxido,correctos,5_a_20,exterior_continental,primeros_meses,normal,original,flecha_abajo,diferente_zonas,humedo,37
viga,diagonal_45_75,cerrada_fina,cara_inferior,multiples_paralelas,aparecio_de_golpe,desmoronandose,manchas_oxido,poroso,parcialmente,perdida_seccion,correctos,mas_50,exterior_continental,anos_despues,normal,reparada,no,hueco,humedo,30
forjado_unidireccional,diagonal_45,grieta_separacion,union_otro_elemento,ramificada,se_cierra_al_descender,no_hay,normal,poroso,parcialmente,oxidada_visible,correctos,20_a_50,costero_marino,primeras_semanas,normal,original,flecha_abajo,solido,humedo,28
tabique_cerramiento,red_mapa,cerrada_fina,perimetro,unica,se_cierra_al_alejarse,no_hay,manchas_blancas,humedo_filtraciones,parcialmente,no_visible,correctos,20_a_50,sumergido,anos_despues,normal,recien_desencofrada,no,solido,filtracion_activa,65
vigueta,diagonal_45,abierta,cabeza,ramificada,se_cierra_al_descender,perdida_seccion,normal,normal,parcialmente,oxidada_visible,separados,menos_5,sumergido,durante_construccion,descarga,recien_desencofrada,flecha_abajo,diferente_zonas,humedo,41
forjado_unidireccional,diagonal_45,abierta,cara_inferior,unica,se_cierra_al_descender,recubrimiento_desprendido,normal,normal,completamente,oxidada_visible,separados,menos_5,industrial,primeros_meses,normal,recien_desencofrada,desplazamiento_lateral,hueco,seco,51
forjado_unidireccional,horizontal,media,esquinas,ramificada,se_cierra_al_descender,recubrimiento_desprendido,normal,poroso,no,manchas_oxido,correctos,menos_5,costero_marino,durante_construccion,sobrecarga,original,flecha_abajo,hueco,salpicadura,43
tabique_cerramiento,diagonal_45,cerrada_fina,perimetro,unica,estable,no_hay,normal,normal,no,no_visible,correctos,5_a_20,exterior_continental,primeras_semanas,normal,reparada,no,solido,seco,78
vigueta,sin_fisura,cerrada_fina,cabeza,unica,estable,perdida_seccion,normal,normal,parcialmente,manchas_oxido,ausentes,menos_5,interior,primeras_semanas,normal,recien_desencofrada,no,diferente_zonas,seco,41
forjado_unidireccional,horizontal,cerrada_fina,cara_inferior,unica,se_cierra_al_alejarse,recubrimiento_desprendido,oscurecido,normal,no,no_visible,desplazados,menos_5,industrial,durante_construccion,sobrecarga,recien_desencofrada,no,solido,seco,27
forjado_unidireccional,red_mapa,cerrada_fina,cara_inferior,multiples_distintos_planos,se_cierra_al_descender,no_hay,normal,normal,no,no_visible,separados,20_a_50,costero_marino,anos_despues,normal,original,flecha_abajo,solido,humedo,68
vigueta,red_mapa,media,esquinas,unica,estable,no_hay,oscurecido,normal,no,no_visible,correctos,5_a_20,costero_marino,anos_despues,normal,original,no,diferente_zonas,seco,39
pilar,diagonal_45,cerrada_fina,union_otro_elemento,unica,se_abre_con_tiempo,no_hay,normal,normal,no,no_visible,correctos,menos_5,industrial,primeros_meses,normal,reforzada,no,solido,humedo,23
forjado_reticular,diagonal_45,media,base,periodica,se_abre_con_tiempo,recubrimiento_desprendido,normal,normal,completamente,no_visible,correctos,menos_5,exterior_continental,primeros_meses,sobrecarga,recien_desencofrada,flecha_abajo,diferente_zonas,seco,56
pilar,red_mapa,grieta_separacion,perimetro,multiples_distintos_planos,se_cierra_al_descender,perdida_seccion,manchas_oxido,poroso,parcialmente,manchas_oxido,correctos,20_a_50,exterior_continental,subita_reciente,normal,original,no,diferente_zonas,salpicadura,6
cimentacion_zapata,vertical,media,perimetro,periodica,se_abre_con_tiempo,recubrimiento_desprendido,normal,normal,no,no_visible,separados,20_a_50,costero_marino,anos_despues,normal,original,no,diferente_zonas,seco,95
voladizo,diagonal_45,cerrada_fina,esquinas,multiples_paralelas,se_abre_con_tiempo,no_hay,normal,normal,completamente,no_visible,correctos,5_a_20,exterior_continental,subita_reciente,sobrecarga,original,no,solido,seco,61
viga,diagonal_45_75,cerrada_fina,cabeza,multiples_distintos_planos,se_abre_con_tiempo,no_hay,normal,poroso,no,no_visible,correctos,menos_5,exterior_continental,subita_reciente,normal,reparada,no,solido,humedo,29
forjado_unidireccional,sin_fisura,cerrada_fina,cara_inferior,unica,estable,no_hay,manchas_blancas,normal,parcialmente,oxidada_visible,correctos,mas_50,costero_marino,durante_construccion,descarga,original,no,solido,seco,63
voladizo,red_mapa,abierta,centro,unica,aparecio_de_golpe,no_hay,manchas_blancas,normal,no,no_visible,correctos,menos_5,industrial,primeras_semanas,sobrecarga,recien_desencofrada,no,diferente_zonas,seco,66
pilar,vertical,media,cabeza,multiples_distintos_planos,estable,perdida_seccion,normal,normal,completamente,no_visible,desplazados,menos_5,sumergido,durante_construccion,sobrecarga,original,desplazamiento_lateral,hueco,seco,5
muro,diagonal_45,media,cara_inferior,periodica,se_cierra_al_alejarse,recubrimiento_desprendido,normal,normal,parcialmente,oxidada_visible,correctos,5_a_20,interior,anos_despues,sobrecarga,reparada,flecha_abajo,solido,humedo,84
forjado_reticular,red_mapa,media,base,periodica,se_cierra_al_alejarse,perdida_seccion,normal,normal,parcialmente,perdida_seccion,ausentes,menos_5,exterior_continental,anos_despues,sobrecarga,reforzada,desplazamiento_lateral,solido,seco,55
pilar,vertical,grieta_separacion,base,ramificada,aparecio_de_golpe,recubrimiento_desprendido,normal,normal,no,manchas_oxido,correctos,5_a_20,costero_marino,subita_reciente,sobrecarga,original,flecha_abajo,solido,seco,7
muro,vertical,media,cabeza,multiples_paralelas,estable,recubrimiento_desprendido,normal,normal,no,no_visible,correctos,20_a_50,interior,primeras_semanas,sobrecarga,original,no,diferente_zonas,seco,95
cimentacion_zapata,diagonal_45_75,cerrada_fina,cara_inferior,multiples_distintos_planos,se_cierra_al_descender,no_hay,manchas_blancas,normal,no,no_visible,separados,mas_50,costero_marino,primeras_semanas,sobrecarga,original,no,solido,seco,93
cimentacion_zapata,diagonal_45_75,abierta,centro,unica,se_cierra_al_alejarse,perdida_seccion,manchas_blancas,normal,no,manchas_oxido,correctos,mas_50,sumergido,primeras_semanas,normal,reforzada,no,solido,seco,84
viga,horizontal,media,esquinas,multiples_distintos_planos,estable,no_hay,normal,normal,parcialmente,manchas_oxido,correctos,menos_5,exterior_continental,durante_construccion,normal,reforzada,no,diferente_zonas,seco,24
voladizo,vertical,cerrada_fina,union_otro_elemento,multiples_distintos_planos,aparecio_de_golpe,no_hay,normal,poroso,no,manchas_oxido,correctos,mas_50,costero_marino,durante_construccion,normal,reparada,no,diferente_zonas,seco,47
vigueta,horizontal,abierta,cabeza,ramificada,se_cierra_al_alejarse,perdida_seccion,oscurecido,normal,completamente,manchas_oxido,correctos,menos_5,exterior_continental,durante_construccion,descarga,recien_desencofrada,no,hueco,seco,41
voladizo,diagonal_45_75,abierta,cara_inferior,periodica,aparecio_de_golpe,perdida_seccion,oscurecido,normal,parcialmente,manchas_oxido,correctos,menos_5,sumergido,subita_reciente,normal,reparada,no,diferente_zonas,seco,48
tabique_cerramiento,horizontal,media,centro,periodica,se_abre_con_tiempo,no_hay,manchas_blancas,normal,no,manchas_oxido,correctos,menos_5,sumergido,primeros_meses,impacto_sismo,original,no,diferente_zonas,seco,70
cimentacion_zapata,diagonal_45_75,media,base,ramificada,estable,recubrimiento_desprendido,normal,normal,no,no_visible,correctos,menos_5,exterior_continental,durante_construccion,sobrecarga,original,desplazamiento_lateral,hueco,seco,86
mensula,diagonal_45_75,abierta,base,periodica,estable,no_hay,manchas_oxido,normal,no,no_visible,separados,20_a_50,interior,primeras_semanas,impacto_sismo,original,no,solido,seco,96
voladizo,diagonal_45,cerrada_fina,cara_inferior,unica,se_cierra_al_alejarse,recubrimiento_desprendido,normal,poroso,no,manchas_oxido,correctos,20_a_50,costero_marino,anos_despues,descarga,original,no,solido,seco,63
viga,vertical,cerrada_fina,base,ramificada,se_abre_con_tiempo,no_hay,normal,normal,no,no_visible,correctos,5_a_20,exterior_continental,anos_despues,normal,original,flecha_abajo,solido,salpicadura,28
tabique_cerramiento,diagonal_45,cerrada_fina,esquinas,unica,estable,recubrimiento_desprendido,manchas_oxido,humedo_filtraciones,no,no_visible,correctos,menos_5,sumergido,primeros_meses,normal,reforzada,no,diferente_zonas,humedo,77
voladizo,vertical,abierta,cara_inferior,ramificada,se_abre_con_tiempo,no_hay,normal,normal,no,manchas_oxido,correctos,menos_5,exterior_continental,anos_despues,normal,original,flecha_abajo,diferente_zonas,seco,45
viga,diagonal_45,grieta_separacion,cara_inferior,multiples_paralelas,se_abre_con_tiempo,perdida_seccion,manchas_oxido,normal,completamente,manchas_oxido,correctos,mas_50,interior,anos_despues,normal,original,aplastamiento,solido,seco,30
pilar,horizontal,abierta,cara_inferior,multiples_distintos_planos,se_abre_con_tiempo,no_hay,oscurecido,poroso,completamente,oxidada_visible,ausentes,menos_5,industrial,durante_construccion,sobrecarga,recien_desencofrada,no,diferente_zonas,humedo,15
vigueta,diagonal_45_75,grieta_separacion,ambas_caras,multiples_distintos_planos,aparecio_de_golpe,perdida_seccion,normal,normal,completamente,manchas_oxido,separados,20_a_50,sumergido,primeras_semanas,sobrecarga,original,desplazamiento_lateral,hueco,seco,17
tabique_cerramiento,sin_fisura,cerrada_fina,base,unica,estable,desmoronandose,normal,disgregado,no,manchas_oxido,correctos,20_a_50,industrial,anos_despues,normal,reparada,no,hueco,humedo,2
vigueta,sin_fisura,cerrada_fina,cabeza,unica,estable,desmoronandose,normal,poroso,no,no_visible,correctos,5_a_20,interior,subita_reciente,sobrecarga,reforzada,aplastamiento,diferente_zonas,seco,38
viga,red_mapa,cerrada_fina,union_otro_elemento,unica,se_cierra_al_alejarse,desmoronandose,oscurecido,disgregado,no,manchas_oxido,correctos,mas_50,industrial,primeras_semanas,sobrecarga,original,aplastamiento,solido,seco,58
cimentacion_zapata,vertical,media,cabeza,multiples_distintos_planos,aparecio_de_golpe,perdida_seccion,manchas_blancas,normal,no,manchas_oxido,separados,mas_50,exterior_continental,primeros_meses,normal,recien_desencofrada,desplazamiento_lateral,hueco,seco,42
forjado_reticular,horizontal,media,cara_inferior,periodica,se_cierra_al_descender,no_hay,normal,normal,no,manchas_oxido,correctos,menos_5,interior,anos_despues,sobrecarga,original,flecha_abajo,solido,humedo,45
pilar,diagonal_45,media,union_otro_elemento,multiples_distintos_planos,se_abre_con_tiempo,recubrimiento_desprendido,normal,normal,completamente,manchas_oxido,correctos,20_a_50,exterior_continental,durante_construccion,normal,original,desplazamiento_lateral,solido,seco,7
viga,diagonal_45,media,base,periodica,se_cierra_al_descender,no_hay,manchas_oxido,humedo_filtraciones,parcialmente,oxidada_visible,correctos,mas_50,costero_marino,primeras_semanas,normal,recien_desencofrada,no,diferente_zonas,filtracion_activa,29
viga,diagonal_45,abierta,ambas_caras,multiples_paralelas,se_cierra_al_alejarse,recubrimiento_desprendido,manchas_oxido,normal,parcialmente,perdida_seccion,correctos,menos_5,sumergido,primeros_meses,sobrecarga,original,flecha_abajo,hueco,seco,34
vigueta,sin_fisura,cerrada_fina,esquinas,unica,estable,recubrimiento_desprendido,normal,poroso,no,no_visible,correctos,5_a_20,interior,primeras_semanas,sobrecarga,original,aplastamiento,hueco,seco,38
viga,red_mapa,abierta,ambas_caras,ramificada,aparecio_de_golpe,perdida_seccion,normal,poroso,parcialmente,perdida_seccion,ausentes,menos_5,interior,subita_reciente,normal,original,desplazamiento_lateral,solido,humedo,53
vigueta,horizontal,media,esquinas,multiples_paralelas,se_cierra_al_descender,no_hay,oscurecido,humedo_filtraciones,no,manchas_oxido,correctos,mas_50,exterior_continental,subita_reciente,normal,recien_desencofrada,no,diferente_zonas,humedo,37
pilar,vertical,media,perimetro,unica,estable,no_hay,manchas_oxido,normal,parcialmente,oxidada_visible,correctos,mas_50,interior,subita_reciente,sobrecarga,original,flecha_abajo,diferente_zonas,humedo,7
mensula,horizontal,media,base,periodica,se_cierra_al_alejarse,no_hay,normal,humedo_filtraciones,no,manchas_oxido,separados,mas_50,exterior_continental,primeros_meses,normal,original,desplazamiento_lateral,solido,humedo,37
tabique_cerramiento,diagonal_45,cerrada_fina,cara_inferior,periodica,aparecio_de_golpe,no_hay,manchas_blancas,humedo_filtraciones,parcialmente,no_visible,separados,20_a_50,industrial,durante_construccion,normal,original,no,solido,filtracion_activa,80
cimentacion_zapata,vertical,abierta,cabeza,periodica,estable,recubrimiento_desprendido,oscurecido,normal,no,no_visible,correctos,5_a_20,interior,anos_despues,normal,original,aplastamiento,diferente_zonas,seco,95
muro,diagonal_45,abierta,esquinas,multiples_paralelas,aparecio_de_golpe,recubrimiento_desprendido,manchas_oxido,poroso,no,manchas_oxido,desplazados,menos_5,exterior_continental,durante_construccion,sobrecarga,recien_desencofrada,desplazamiento_lateral,diferente_zonas,filtracion_activa,21
muro,horizontal,abierta,cara_inferior,ramificada,estable,recubrimiento_desprendido,normal,normal,no,manchas_oxido,correctos,menos_5,costero_marino,durante_construccion,sobrecarga,original,no,solido,seco,74
vigueta,red_mapa,cerrada_fina,cara_inferior,ramificada,aparecio_de_golpe,no_hay,normal,humedo_filtraciones,no,no_visible,desplazados,20_a_50,sumergido,durante_construccion,normal,original,no,solido,seco,39
muro,horizontal,cerrada_fina,union_otro_elemento,periodica,estable,no_hay,normal,normal,completamente,no_visible,correctos,menos_5,exterior_continental,primeras_semanas,normal,original,giro_inclinacion,solido,seco,73
cimentacion_zapata,diagonal_45,media,centro,unica,se_cierra_al_descender,no_hay,normal,normal,no,no_visible,separados,mas_50,interior,primeras_semanas,normal,original,no,diferente_zonas,seco,91
pilar,horizontal,media,cabeza,multiples_distintos_planos,se_abre_con_tiempo,no_hay,normal,normal,no,manchas_oxido,correctos,5_a_20,exterior_continental,primeros_meses,impacto_sismo,original,desplazamiento_lateral,hueco,seco,9
mensula,diagonal_45,abierta,cara_inferior,ramificada,se_abre_con_tiempo,perdida_seccion,oscurecido,normal,parcialmente,oxidada_visible,separados,5_a_20,sumergido,primeras_semanas,sobrecarga,reforzada,flecha_abajo,solido,seco,44
viga,sin_fisura,cerrada_fina,base,unica,estable,recubrimiento_desprendido,manchas_oxido,normal,parcialmente,no_visible,correctos,mas_50,exterior_continental,primeros_meses,normal,original,no,diferente_zonas,seco,19
vigueta,diagonal_45,abierta,union_otro_elemento,ramificada,aparecio_de_golpe,desmoronandose,normal,poroso,parcialmente,manchas_oxido,separados,mas_50,industrial,subita_reciente,normal,original,aplastamiento,solido,seco,44
viga,horizontal,abierta,union_otro_elemento,ramificada,se_cierra_al_alejarse,no_hay,normal,normal,completamente,oxidada_visible,correctos,menos_5,sumergido,primeras_semanas,sobrecarga,original,no,hueco,seco,13
cimentacion_zapata,diagonal_45_75,grieta_separacion,esquinas,multiples_distintos_planos,aparecio_de_golpe,recubrimiento_desprendido,manchas_oxido,normal,no,no_visible,correctos,mas_50,sumergido,primeras_semanas,sobrecarga,reforzada,no,hueco,seco,84
forjado_reticular,vertical,media,perimetro,periodica,aparecio_de_golpe,no_hay,normal,normal,no,no_visible,correctos,5_a_20,industrial,subita_reciente,normal,original,no,solido,seco,54
tabique_cerramiento,diagonal_45,cerrada_fina,union_otro_elemento,ramificada,estable,no_hay,manchas_blancas,humedo_filtraciones,no,no_visible,correctos,5_a_20,exterior_continental,primeras_semanas,normal,original,no,solido,humedo,77
viga,diagonal_45,media,base,ramificada,aparecio_de_golpe,no_hay,normal,normal,completamente,oxidada_visible,desplazados,20_a_50,industrial,subita_reciente,sobrecarga,recien_desencofrada,flecha_abajo,diferente_zonas,humedo,20
cimentacion_zapata,vertical,abierta,base,unica,se_cierra_al_descender,no_hay,normal,normal,no,no_visible,correctos,5_a_20,sumergido,subita_reciente,sobrecarga,original,no,diferente_zonas,humedo,83
tabique_cerramiento,horizontal,cerrada_fina,union_otro_elemento,multiples_distintos_planos,aparecio_de_golpe,no_hay,normal,normal,no,no_visible,correctos,5_a_20,exterior_continental,subita_reciente,normal,original,no,solido,seco,72
voladizo,horizontal,cerrada_fina,cara_inferior,multiples_distintos_planos,aparecio_de_golpe,recubrimiento_desprendido,normal,normal,parcialmente,oxidada_visible,ausentes,mas_50,costero_marino,subita_reciente,descarga,original,no,diferente_zonas,seco,63
tabique_cerramiento,diagonal_45_75,cerrada_fina,esquinas,multiples_paralelas,estable,no_hay,manchas_blancas,humedo_filtraciones,no,manchas_oxido,separados,menos_5,exterior_continental,primeras_semanas,normal,original,no,diferente_zonas,humedo,77
forjado_unidireccional,sin_fisura,cerrada_fina,centro,unica,estable,no_hay,normal,normal,no,manchas_oxido,separados,5_a_20,interior,durante_construccion,normal,recien_desencofrada,no,hueco,seco,50
viga,red_mapa,media,esquinas,periodica,se_abre_con_tiempo,recubrimiento_desprendido,manchas_oxido,humedo_filtraciones,no,no_visible,correctos,5_a_20,sumergido,subita_reciente,descarga,original,no,solido,humedo,65
voladizo,diagonal_45_75,cerrada_fina,union_otro_elemento,multiples_paralelas,se_cierra_al_descender,no_hay,normal,normal,no,no_visible,separados,20_a_50,exterior_continental,subita_reciente,normal,original,no,diferente_zonas,seco,47
mensula,sin_fisura,cerrada_fina,cabeza,unica,estable,recubrimiento_desprendido,normal,normal,no,no_visible,correctos,20_a_50,sumergido,subita_reciente,normal,original,aplastamiento,diferente_zonas,seco,38
muro,diagonal_45_75,abierta,perimetro,periodica,aparecio_de_golpe,recubrimiento_desprendido,normal,poroso,parcialmente,oxidada_visible,separados,20_a_50,sumergido,durante_construccion,normal,original,desplazamiento_lateral,solido,seco,84
viga,red_mapa,media,perimetro,ramificada,se_abre_con_tiempo,no_hay,normal,normal,no,manchas_oxido,correctos,20_a_50,exterior_continental,anos_despues,normal,reparada,no,solido,seco,68
vigueta,horizontal,media,ambas_caras,multiples_paralelas,aparecio_de_golpe,no_hay,normal,normal,no,no_visible,correctos,5_a_20,interior,primeros_meses,sobrecarga,original,flecha_abajo,diferente_zonas,seco,42
viga,sin_fisura,cerrada_fina,perimetro,unica,estable,no_hay,normal,normal,no,manchas_oxido,correctos,20_a_50,sumergido,subita_reciente,sobrecarga,reparada,flecha_abajo,diferente_zonas,seco,32
cimentacion_zapata,diagonal_45_75,media,union_otro_elemento,multiples_distintos_planos,se_cierra_al_alejarse,no_hay,normal,normal,no,no_visible,correctos,mas_50,sumergido,primeras_semanas,normal,original,no,diferente_zonas,humedo,89
viga,horizontal,cerrada_fina,esquinas,periodica,se_cierra_al_descender,no_hay,manchas_blancas,poroso,no,no_visible,correctos,mas_50,costero_marino,subita_reciente,normal,original,no,solido,filtracion_activa,29
pilar,horizontal,media,union_otro_elemento,multiples_distintos_planos,estable,desmoronandose,oscurecido,disgregado,parcialmente,manchas_oxido,separados,menos_5,sumergido,durante_construccion,impacto_sismo,recien_desencofrada,desplazamiento_lateral,diferente_zonas,seco,16
pilar,diagonal_45,media,cabeza,multiples_distintos_planos,se_abre_con_tiempo,recubrimiento_desprendido,normal,normal,no,manchas_oxido,correctos,20_a_50,industrial,durante_construccion,impacto_sismo,original,no,hueco,seco,9
muro,vertical,media,union_otro_elemento,periodica,se_cierra_al_alejarse,no_hay,oscurecido,disgregado,no,no_visible,correctos,mas_50,exterior_continental,anos_despues,normal,reforzada,flecha_abajo,hueco,seco,88
voladizo,diagonal_45_75,media,cabeza,multiples_distintos_planos,aparecio_de_golpe,no_hay,normal,normal,no,manchas_oxido,correctos,5_a_20,exterior_continental,subita_reciente,normal,original,flecha_abajo,diferente_zonas,humedo,62
forjado_reticular,diagonal_45_75,grieta_separacion,ambas_caras,multiples_distintos_planos,se_cierra_al_alejarse,perdida_seccion,manchas_oxido,normal,no,no_visible,ausentes,mas_50,costero_marino,subita_reciente,normal,reparada,no,hueco,seco,55
viga,horizontal,media,perimetro,unica,se_abre_con_tiempo,no_hay,manchas_blancas,humedo_filtraciones,completamente,no_visible,ausentes,menos_5,exterior_continental,primeras_semanas,normal,recien_desencofrada,no,solido,seco,25
pilar,vertical,media,base,ramificada,estable,no_hay,manchas_blancas,normal,no,no_visible,correctos,5_a_20,exterior_continental,subita_reciente,normal,original,no,solido,seco,36
cimentacion_zapata,horizontal,media,base,periodica,estable,recubrimiento_desprendido,normal,normal,no,no_visible,correctos,20_a_50,sumergido,primeras_semanas,normal,original,no,diferente_zonas,seco,83
voladizo,horizontal,abierta,centro,periodica,se_cierra_al_descender,no_hay,normal,normal,no,manchas_oxido,correctos,mas_50,exterior_continental,anos_despues,sobrecarga,original,flecha_abajo,diferente_zonas,humedo,45
viga,red_mapa,cerrada_fina,union_otro_elemento,unica,se_cierra_al_alejarse,no_hay,manchas_oxido,normal,no,no_visible,separados,menos_5,exterior_continental,primeros_meses,normal,original,no,diferente_zonas,humedo,23
forjado_reticular,vertical,cerrada_fina,union_otro_elemento,multiples_distintos_planos,estable,recubrimiento_desprendido,manchas_oxido,normal,parcialmente,perdida_seccion,correctos,mas_50,exterior_continental,durante_construccion,normal,recien_desencofrada,giro_inclinacion,solido,seco,60
viga,horizontal,media,esquinas,ramificada,se_cierra_al_alejarse,no_hay,normal,humedo_filtraciones,no,no_visible,correctos,menos_5,interior,durante_construccion,impacto_sismo,original,no,diferente_zonas,salpicadura,16
vigueta,vertical,abierta,centro,periodica,aparecio_de_golpe,recubrimiento_desprendido,normal,normal,no,manchas_oxido,separados,mas_50,interior,subita_reciente,sobrecarga,original,giro_inclinacion,diferente_zonas,seco,44
pilar,diagonal_45,media,esquinas,multiples_distintos_planos,se_abre_con_tiempo,no_hay,normal,normal,no,no_visible,correctos,menos_5,industrial,durante_construccion,impacto_sismo,original,no,solido,seco,12
viga,vertical,media,cara_inferior,multiples_paralelas,estable,no_hay,normal,normal,no,no_visible,correctos,menos_5,sumergido,primeros_meses,impacto_sismo,original,no,diferente_zonas,seco,16
forjado_reticular,horizontal,media,cara_inferior,ramificada,estable,desmoronandose,normal,poroso,no,manchas_oxido,correctos,menos_5,industrial,primeras_semanas,normal,original,no,hueco,seco,50
vigueta,vertical,grieta_separacion,centro,multiples_distintos_planos,aparecio_de_golpe,recubrimiento_desprendido,normal,poroso,parcialmente,oxidada_visible,ausentes,mas_50,interior,subita_reciente,sobrecarga,original,flecha_abajo,diferente_zonas,humedo,44
forjado_unidireccional,diagonal_45_75,media,perimetro,multiples_distintos_planos,aparecio_de_golpe,no_hay,normal,normal,no,manchas_oxido,ausentes,menos_5,sumergido,subita_reciente,normal,original,flecha_abajo,hueco,seco,53
tabique_cerramiento,vertical,media,cara_inferior,multiples_distintos_planos,se_cierra_al_alejarse,no_hay,normal,normal,parcialmente,oxidada_visible,separados,menos_5,costero_marino,subita_reciente,normal,reforzada,aplastamiento,diferente_zonas,seco,74
voladizo,diagonal_45_75,media,base,multiples_distintos_planos,se_cierra_al_alejarse,no_hay,manchas_oxido,normal,completamente,oxidada_visible,correctos,mas_50,industrial,subita_reciente,normal,original,no,solido,seco,47
cimentacion_zapata,diagonal_45,media,cara_inferior,ramificada,se_cierra_al_alejarse,recubrimiento_desprendido,manchas_blancas,humedo_filtraciones,completamente,no_visible,correctos,20_a_50,sumergido,durante_construccion,sobrecarga,reparada,desplazamiento_lateral,solido,humedo,82
viga,vertical,media,perimetro,unica,se_cierra_al_descender,no_hay,oscurecido,poroso,completamente,oxidada_visible,correctos,menos_5,costero_marino,subita_reciente,normal,original,no,diferente_zonas,humedo,37
forjado_unidireccional,diagonal_45_75,cerrada_fina,base,multiples_distintos_planos,estable,no_hay,manchas_oxido,normal,no,no_visible,correctos,menos_5,exterior_continental,anos_despues,sobrecarga,original,no,solido,seco,78
forjado_unidireccional,diagonal_45_75,grieta_separacion,esquinas,periodica,se_cierra_al_alejarse,recubrimiento_desprendido,oscurecido,disgregado,completamente,oxidada_visible,ausentes,mas_50,interior,subita_reciente,normal,original,aplastamiento,solido,seco,51
muro,vertical,cerrada_fina,union_otro_elemento,periodica,aparecio_de_golpe,no_hay,normal,normal,no,no_visible,correctos,mas_50,costero_marino,primeros_meses,normal,original,desplazamiento_lateral,diferente_zonas,humedo,76
pilar,vertical,media,cabeza,multiples_distintos_planos,aparecio_de_golpe,recubrimiento_desprendido,normal,normal,no,manchas_oxido,correctos,20_a_50,sumergido,primeras_semanas,normal,original,no,solido,seco,9
viga,diagonal_45_75,cerrada_fina,esquinas,periodica,estable,no_hay,manchas_blancas,normal,no,no_visible,separados,mas_50,exterior_continental,durante_construccion,sobrecarga,original,desplazamiento_lateral,hueco,seco,31
pilar,vertical,media,ambas_caras,ramificada,estable,recubrimiento_desprendido,normal,poroso,no,no_visible,separados,menos_5,costero_marino,anos_despues,sobrecarga,original,desplazamiento_lateral,diferente_zonas,humedo,16
voladizo,horizontal,abierta,base,ramificada,se_cierra_al_alejarse,no_hay,manchas_blancas,normal,completamente,oxidada_visible,separados,5_a_20,sumergido,anos_despues,normal,original,aplastamiento,diferente_zonas,humedo,47
vigueta,horizontal,cerrada_fina,base,unica,se_abre_con_tiempo,recubrimiento_desprendido,manchas_blancas,humedo_filtraciones,parcialmente,no_visible,correctos,menos_5,exterior_continental,durante_construccion,normal,recien_desencofrada,no,solido,humedo,40
viga,vertical,cerrada_fina,union_otro_elemento,unica,aparecio_de_golpe,no_hay,normal,normal,no,no_visible,correctos,20_a_50,costero_marino,durante_construccion,impacto_sismo,original,flecha_abajo,solido,seco,57
cimentacion_zapata,red_mapa,media,esquinas,ramificada,se_cierra_al_descender,no_hay,oscurecido,normal,parcialmente,no_visible,correctos,menos_5,sumergido,subita_reciente,sobrecarga,original,desplazamiento_lateral,diferente_zonas,seco,90
forjado_unidireccional,sin_fisura,cerrada_fina,ambas_caras,unica,estable,no_hay,normal,normal,parcialmente,no_visible,correctos,menos_5,interior,anos_despues,sobrecarga,original,no,solido,seco,61
cimentacion_zapata,red_mapa,media,union_otro_elemento,unica,se_cierra_al_descender,no_hay,normal,poroso,parcialmente,manchas_oxido,separados,20_a_50,industrial,durante_construccion,normal,original,desplazamiento_lateral,hueco,seco,91
pilar,red_mapa,abierta,cabeza,ramificada,se_cierra_al_alejarse,perdida_seccion,manchas_oxido,poroso,parcialmente,no_visible,correctos,20_a_50,costero_marino,primeros_meses,normal,original,flecha_abajo,hueco,seco,2
forjado_unidireccional,red_mapa,cerrada_fina,esquinas,multiples_distintos_planos,se_cierra_al_descender,no_hay,normal,poroso,no,no_visible,correctos,mas_50,interior,durante_construccion,normal,original,no,solido,seco,69
cimentacion_zapata,sin_fisura,cerrada_fina,base,unica,estable,no_hay,normal,normal,no,manchas_oxido,separados,5_a_20,exterior_continental,durante_construccion,normal,original,no,hueco,seco,50
cimentacion_zapata,sin_fisura,cerrada_fina,cabeza,unica,estable,no_hay,normal,normal,no,no_visible,correctos,mas_50,costero_marino,anos_despues,sobrecarga,original,no,hueco,seco,92
viga,diagonal_45_75,media,cara_inferior,multiples_paralelas,se_cierra_al_descender,no_hay,normal,normal,no,manchas_oxido,correctos,20_a_50,exterior_continental,subita_reciente,descarga,original,flecha_abajo,solido,seco,32
mensula,vertical,media,union_otro_elemento,multiples_distintos_planos,estable,no_hay,normal,normal,no,manchas_oxido,correctos,menos_5,industrial,primeros_meses,normal,original,desplazamiento_lateral,diferente_zonas,seco,81
viga,vertical,media,esquinas,ramificada,aparecio_de_golpe,no_hay,manchas_blancas,normal,parcialmente,no_visible,correctos,20_a_50,sumergido,subita_reciente,normal,original,no,solido,seco,61
forjado_unidireccional,horizontal,media,centro,ramificada,estable,no_hay,manchas_oxido,normal,no,no_visible,correctos,menos_5,costero_marino,primeras_semanas,sobrecarga,original,no,solido,seco,57
forjado_reticular,diagonal_45,cerrada_fina,centro,ramificada,se_abre_con_tiempo,perdida_seccion,normal,poroso,no,manchas_oxido,separados,mas_50,sumergido,primeros_meses,normal,original,flecha_abajo,diferente_zonas,seco,51
vigueta,vertical,media,base,multiples_paralelas,aparecio_de_golpe,recubrimiento_desprendido,normal,normal,parcialmente,oxidada_visible,separados,mas_50,costero_marino,durante_construccion,normal,original,no,hueco,seco,44
forjado_unidireccional,diagonal_45,media,cabeza,unica,estable,no_hay,normal,normal,parcialmente,oxidada_visible,correctos,menos_5,sumergido,durante_construccion,normal,original,aplastamiento,solido,humedo,49
forjado_unidireccional,diagonal_45_75,abierta,cabeza,multiples_distintos_planos,se_abre_con_tiempo,recubrimiento_desprendido,normal,poroso,completamente,oxidada_visible,ausentes,mas_50,exterior_continental,subita_reciente,normal,original,giro_inclinacion,hueco,humedo,53
viga,horizontal,abierta,cara_inferior,multiples_paralelas,se_cierra_al_descender,no_hay,normal,normal,parcialmente,manchas_oxido,correctos,menos_5,exterior_continental,durante_construccion,sobrecarga,recien_desencofrada,flecha_abajo,hueco,seco,15
viga,diagonal_45,grieta_separacion,centro,multiples_paralelas,estable,recubrimiento_desprendido,normal,normal,no,manchas_oxido,correctos,menos_5,exterior_continental,primeros_meses,sobrecarga,original,flecha_abajo,hueco,humedo,18
forjado_unidireccional,vertical,cerrada_fina,union_otro_elemento,ramificada,aparecio_de_golpe,no_hay,normal,normal,parcialmente,no_visible,correctos,5_a_20,industrial,subita_reciente,normal,original,no,diferente_zonas,seco,72
pilar,diagonal_45,cerrada_fina,cabeza,unica,estable,no_hay,normal,humedo_filtraciones,no,no_visible,correctos,menos_5,exterior_continental,durante_construccion,sobrecarga,original,no,solido,humedo,11
tabique_cerramiento,diagonal_45,cerrada_fina,esquinas,multiples_distintos_planos,estable,no_hay,oscurecido,normal,no,manchas_oxido,correctos,5_a_20,costero_marino,subita_reciente,normal,original,no,diferente_zonas,seco,28
mensula,diagonal_45,abierta,esquinas,unica,aparecio_de_golpe,perdida_seccion,oscurecido,poroso,parcialmente,oxidada_visible,separados,20_a_50,industrial,primeras_semanas,normal,reparada,no,hueco,seco,35
viga,diagonal_45,media,base,ramificada,aparecio_de_golpe,recubrimiento_desprendido,normal,normal,completamente,oxidada_visible,desplazados,mas_50,interior,durante_construccion,normal,original,desplazamiento_lateral,hueco,seco,17
pilar,red_mapa,abierta,base,unica,estable,perdida_seccion,normal,poroso,no,no_visible,correctos,20_a_50,costero_marino,primeras_semanas,normal,original,aplastamiento,hueco,seco,2
forjado_unidireccional,horizontal,media,base,periodica,se_abre_con_tiempo,no_hay,normal,normal,parcialmente,manchas_oxido,correctos,menos_5,costero_marino,primeras_semanas,normal,recien_desencofrada,flecha_abajo,diferente_zonas,seco,49
muro,vertical,cerrada_fina,centro,periodica,aparecio_de_golpe,perdida_seccion,normal,normal,completamente,manchas_oxido,correctos,5_a_20,interior,subita_reciente,sobrecarga,original,no,solido,seco,44
forjado_unidireccional,diagonal_45,cerrada_fina,cabeza,unica,se_abre_con_tiempo,no_hay,manchas_blancas,humedo_filtraciones,no,no_visible,correctos,menos_5,costero_marino,durante_construccion,sobrecarga,recien_desencofrada,no,solido,humedo,40
viga,diagonal_45_75,abierta,union_otro_elemento,periodica,estable,no_hay,normal,humedo_filtraciones,parcialmente,oxidada_visible,correctos,20_a_50,costero_marino,anos_despues,normal,original,no,diferente_zonas,humedo,26
pilar,vertical,cerrada_fina,union_otro_elemento,multiples_distintos_planos,estable,no_hay,normal,normal,no,no_visible,separados,menos_5,costero_marino,subita_reciente,sobrecarga,reforzada,desplazamiento_lateral,diferente_zonas,seco,16
vigueta,vertical,media,esquinas,periodica,aparecio_de_golpe,desmoronandose,normal,poroso,no,no_visible,correctos,mas_50,costero_marino,primeros_meses,sobrecarga,original,no,diferente_zonas,seco,42
cimentacion_zapata,diagonal_45,cerrada_fina,cabeza,unica,se_cierra_al_alejarse,no_hay,manchas_oxido,humedo_filtraciones,no,no_visible,correctos,menos_5,sumergido,primeros_meses,normal,original,no,solido,filtracion_activa,77
viga,sin_fisura,cerrada_fina,union_otro_elemento,unica,estable,desmoronandose,normal,poroso,completamente,no_visible,correctos,menos_5,industrial,durante_construccion,normal,recien_desencofrada,no,diferente_zonas,salpicadura,14
cimentacion_zapata,horizontal,abierta,union_otro_elemento,periodica,aparecio_de_golpe,recubrimiento_desprendido,normal,normal,parcialmente,manchas_oxido,separados,mas_50,sumergido,durante_construccion,normal,original,no,hueco,seco,46
vigueta,diagonal_45_75,grieta_separacion,centro,unica,se_abre_con_tiempo,perdida_seccion,normal,normal,parcialmente,manchas_oxido,separados,menos_5,interior,subita_reciente,sobrecarga,original,no,hueco,seco,44
cimentacion_zapata,diagonal_45,abierta,base,unica,se_cierra_al_descender,no_hay,normal,normal,no,no_visible,correctos,20_a_50,industrial,durante_construccion,normal,reparada,desplazamiento_lateral,hueco,seco,86
forjado_unidireccional,sin_fisura,cerrada_fina,cabeza,unica,estable,recubrimiento_desprendido,normal,poroso,no,manchas_oxido,ausentes,menos_5,industrial,primeras_semanas,normal,reforzada,no,diferente_zonas,seco,55
muro,horizontal,abierta,cabeza,multiples_distintos_planos,se_cierra_al_alejarse,no_hay,oscurecido,normal,no,manchas_oxido,ausentes,5_a_20,costero_marino,primeros_meses,normal,original,flecha_abajo,hueco,seco,74
viga,diagonal_45_75,media,union_otro_elemento,ramificada,se_abre_con_tiempo,no_hay,manchas_blancas,humedo_filtraciones,completamente,no_visible,ausentes,menos_5,industrial,primeras_semanas,normal,recien_desencofrada,no,solido,humedo,25
viga,diagonal_45_75,abierta,perimetro,unica,se_cierra_al_alejarse,recubrimiento_desprendido,manchas_oxido,humedo_filtraciones,no,manchas_oxido,desplazados,5_a_20,sumergido,primeros_meses,normal,original,no,diferente_zonas,seco,51
voladizo,diagonal_45_75,cerrada_fina,cabeza,ramificada,se_abre_con_tiempo,recubrimiento_desprendido,normal,humedo_filtraciones,parcialmente,manchas_oxido,correctos,menos_5,sumergido,anos_despues,normal,reparada,no,solido,seco,39
cimentacion_zapata,vertical,media,centro,periodica,se_cierra_al_descender,recubrimiento_desprendido,normal,normal,parcialmente,perdida_seccion,correctos,5_a_20,interior,anos_despues,sobrecarga,original,no,diferente_zonas,seco,95
mensula,diagonal_45_75,abierta,cabeza,multiples_distintos_planos,aparecio_de_golpe,perdida_seccion,normal,normal,parcialmente,oxidada_visible,ausentes,5_a_20,interior,subita_reciente,normal,original,desplazamiento_lateral,diferente_zonas,seco,35
cimentacion_zapata,diagonal_45,media,cabeza,periodica,estable,perdida_seccion,manchas_oxido,poroso,no,no_visible,correctos,mas_50,industrial,durante_construccion,sobrecarga,recien_desencofrada,no,hueco,seco,88
muro,diagonal_45,abierta,centro,ramificada,se_cierra_al_descender,no_hay,manchas_blancas,poroso,no,manchas_oxido,correctos,menos_5,industrial,anos_despues,normal,reparada,no,diferente_zonas,filtracion_activa,91
muro,diagonal_45,abierta,cara_inferior,periodica,se_cierra_al_descender,no_hay,normal,normal,no,manchas_oxido,separados,20_a_50,exterior_continental,durante_construccion,normal,original,no,solido,seco,96
forjado_reticular,diagonal_45,abierta,base,unica,se_cierra_al_alejarse,perdida_seccion,normal,normal,no,no_visible,correctos,menos_5,industrial,primeras_semanas,normal,original,flecha_abajo,hueco,humedo,56
forjado_unidireccional,horizontal,abierta,ambas_caras,multiples_distintos_planos,se_abre_con_tiempo,recubrimiento_desprendido,normal,normal,parcialmente,manchas_oxido,correctos,5_a_20,exterior_continental,durante_construccion,sobrecarga,original,no,solido,salpicadura,66
pilar,horizontal,cerrada_fina,perimetro,multiples_distintos_planos,se_cierra_al_alejarse,recubrimiento_desprendido,normal,normal,no,no_visible,correctos,menos_5,exterior_continental,durante_construccion,impacto_sismo,original,no,solido,seco,12
viga,red_mapa,cerrada_fina,cara_inferior,periodica,se_cierra_al_descender,no_hay,normal,normal,completamente,manchas_oxido,correctos,mas_50,exterior_continental,durante_construccion,normal,original,no,hueco,seco,13
viga,diagonal_45_75,abierta,ambas_caras,multiples_paralelas,estable,no_hay,normal,normal,no,no_visible,correctos,20_a_50,industrial,primeras_semanas,impacto_sismo,original,no,solido,seco,28
tabique_cerramiento,diagonal_45,media,centro,multiples_distintos_planos,se_cierra_al_descender,no_hay,manchas_oxido,normal,completamente,no_visible,correctos,menos_5,exterior_continental,durante_construccion,sobrecarga,recien_desencofrada,no,diferente_zonas,humedo,15
voladizo,horizontal,media,perimetro,multiples_paralelas,se_cierra_al_alejarse,recubrimiento_desprendido,normal,normal,parcialmente,manchas_oxido,desplazados,menos_5,industrial,anos_despues,descarga,original,desplazamiento_lateral,diferente_zonas,seco,46
viga,diagonal_45_75,abierta,cabeza,multiples_distintos_planos,aparecio_de_golpe,recubrimiento_desprendido,normal,normal,parcialmente,oxidada_visible,desplazados,5_a_20,industrial,subita_reciente,sobrecarga,reparada,giro_inclinacion,hueco,humedo,17
cimentacion_zapata,vertical,media,union_otro_elemento,periodica,estable,no_hay,normal,normal,parcialmente,oxidada_visible,correctos,5_a_20,industrial,primeros_meses,normal,original,no,solido,seco,88
cimentacion_zapata,vertical,abierta,cara_inferior,multiples_paralelas,se_cierra_al_alejarse,recubrimiento_desprendido,normal,normal,no,no_visible,desplazados,menos_5,exterior_continental,anos_despues,normal,original,no,solido,humedo,95
tabique_cerramiento,vertical,cerrada_fina,union_otro_elemento,unica,estable,no_hay,normal,normal,no,no_visible,correctos,menos_5,exterior_continental,subita_reciente,sobrecarga,original,no,solido,seco,73
cimentacion_zapata,diagonal_45,media,perimetro,ramificada,se_cierra_al_descender,no_hay,normal,normal,no,no_visible,correctos,20_a_50,sumergido,primeras_semanas,normal,original,no,solido,seco,93
voladizo,sin_fisura,cerrada_fina,ambas_caras,unica,estable,no_hay,normal,poroso,no,no_visible,correctos,mas_50,costero_marino,durante_construccion,normal,original,no,diferente_zonas,humedo,65
vigueta,diagonal_45,abierta,esquinas,periodica,estable,no_hay,oscurecido,humedo_filtraciones,parcialmente,manchas_oxido,correctos,menos_5,exterior_continental,anos_despues,normal,original,desplazamiento_lateral,diferente_zonas,humedo,37
forjado_unidireccional,red_mapa,cerrada_fina,union_otro_elemento,ramificada,aparecio_de_golpe,recubrimiento_desprendido,normal,normal,no,manchas_oxido,desplazados,5_a_20,sumergido,anos_despues,normal,reforzada,no,solido,seco,68
tabique_cerramiento,diagonal_45,grieta_separacion,cabeza,multiples_paralelas,aparecio_de_golpe,perdida_seccion,normal,normal,parcialmente,perdida_seccion,ausentes,menos_5,industrial,subita_reciente,sobrecarga,reparada,giro_inclinacion,diferente_zonas,seco,17
viga,vertical,abierta,cara_inferior,periodica,estable,no_hay,normal,poroso,parcialmente,perdida_seccion,correctos,menos_5,exterior_continental,primeras_semanas,sobrecarga,original,no,diferente_zonas,seco,16
viga,diagonal_45,abierta,cara_inferior,multiples_distintos_planos,aparecio_de_golpe,recubrimiento_desprendido,normal,normal,parcialmente,oxidada_visible,separados,5_a_20,sumergido,subita_reciente,sobrecarga,reparada,desplazamiento_lateral,diferente_zonas,seco,17
viga,diagonal_45,cerrada_fina,base,multiples_paralelas,se_cierra_al_alejarse,recubrimiento_desprendido,normal,poroso,no,manchas_oxido,correctos,mas_50,interior,anos_despues,normal,original,no,hueco,humedo,32
vigueta,horizontal,media,esquinas,multiples_distintos_planos,se_cierra_al_descender,no_hay,manchas_blancas,humedo_filtraciones,no,no_visible,correctos,menos_5,sumergido,durante_construccion,normal,reforzada,flecha_abajo,solido,filtracion_activa,40
viga,red_mapa,media,cabeza,unica,estable,no_hay,manchas_blancas,poroso,completamente,manchas_oxido,correctos,mas_50,sumergido,anos_despues,normal,original,desplazamiento_lateral,hueco,seco,13
voladizo,vertical,abierta,ambas_caras,multiples_paralelas,se_cierra_al_alejarse,recubrimiento_desprendido,normal,normal,parcialmente,oxidada_visible,separados,20_a_50,exterior_continental,primeras_semanas,normal,original,aplastamiento,hueco,seco,46
muro,sin_fisura,cerrada_fina,esquinas,unica,estable,no_hay,manchas_blancas,humedo_filtraciones,no,no_visible,correctos,5_a_20,costero_marino,primeros_meses,normal,original,desplazamiento_lateral,diferente_zonas,filtracion_activa,82
cimentacion_zapata,diagonal_45,media,cara_inferior,periodica,se_cierra_al_alejarse,no_hay,oscurecido,normal,no,no_visible,correctos,menos_5,interior,primeros_meses,normal,original,no,diferente_zonas,humedo,96
vigueta,red_mapa,media,base,unica,se_cierra_al_descender,no_hay,oscurecido,humedo_filtraciones,no,manchas_oxido,correctos,mas_50,sumergido,durante_construccion,normal,original,flecha_abajo,diferente_zonas,humedo,37
voladizo,sin_fisura,cerrada_fina,esquinas,unica,estable,recubrimiento_desprendido,oscurecido,humedo_filtraciones,no,no_visible,separados,mas_50,sumergido,anos_despues,sobrecarga,original,no,solido,humedo,67
viga,horizontal,media,esquinas,unica,se_cierra_al_alejarse,no_hay,oscurecido,normal,no,no_visible,correctos,5_a_20,exterior_continental,primeras_semanas,normal,recien_desencofrada,flecha_abajo,solido,seco,62
forjado_unidireccional,red_mapa,cerrada_fina,esquinas,multiples_paralelas,estable,desmoronandose,normal,disgregado,no,no_visible,correctos,menos_5,sumergido,primeras_semanas,sobrecarga,original,flecha_abajo,solido,seco,58
viga,diagonal_45_75,grieta_separacion,ambas_caras,ramificada,se_abre_con_tiempo,perdida_seccion,normal,normal,no,manchas_oxido,separados,mas_50,interior,subita_reciente,normal,original,no,diferente_zonas,humedo,22
viga,diagonal_45_75,media,centro,periodica,se_cierra_al_descender,no_hay,normal,poroso,parcialmente,no_visible,separados,5_a_20,exterior_continental,primeros_meses,normal,original,no,diferente_zonas,seco,31
viga,vertical,media,cara_inferior,multiples_paralelas,se_cierra_al_descender,no_hay,manchas_oxido,normal,completamente,perdida_seccion,correctos,mas_50,interior,primeros_meses,normal,original,no,hueco,seco,30
muro,horizontal,cerrada_fina,union_otro_elemento,multiples_paralelas,estable,no_hay,normal,normal,no,manchas_oxido,separados,menos_5,exterior_continental,durante_construccion,normal,original,no,solido,seco,73
pilar,vertical,cerrada_fina,cabeza,ramificada,se_abre_con_tiempo,recubrimiento_desprendido,normal,normal,completamente,no_visible,separados,menos_5,exterior_continental,primeras_semanas,descarga,recien_desencofrada,no,solido,humedo,14
voladizo,diagonal_45,cerrada_fina,cabeza,multiples_distintos_planos,se_cierra_al_alejarse,no_hay,normal,normal,no,no_visible,correctos,mas_50,industrial,anos_despues,normal,original,no,diferente_zonas,seco,64
pilar,red_mapa,media,base,multiples_distintos_planos,estable,no_hay,normal,disgregado,completamente,no_visible,correctos,5_a_20,industrial,durante_construccion,normal,original,no,diferente_zonas,humedo,2
muro,horizontal,media,cabeza,periodica,aparecio_de_golpe,no_hay,oscurecido,normal,parcialmente,no_visible,correctos,menos_5,sumergido,anos_despues,normal,original,desplazamiento_lateral,hueco,seco,42
viga,diagonal_45_75,media,base,multiples_paralelas,aparecio_de_golpe,recubrimiento_desprendido,normal,normal,parcialmente,oxidada_visible,desplazados,20_a_50,exterior_continental,primeras_semanas,normal,original,flecha_abajo,diferente_zonas,humedo,22
forjado_unidireccional,sin_fisura,cerrada_fina,base,unica,estable,no_hay,normal,normal,no,no_visible,correctos,20_a_50,industrial,subita_reciente,normal,recien_desencofrada,no,solido,seco,59
viga,diagonal_45,grieta_separacion,centro,multiples_paralelas,se_cierra_al_descender,no_hay,normal,normal,parcialmente,no_visible,ausentes,menos_5,sumergido,durante_construccion,normal,recien_desencofrada,flecha_abajo,solido,humedo,27
viga,diagonal_45,grieta_separacion,union_otro_elemento,ramificada,se_abre_con_tiempo,perdida_seccion,normal,normal,no,manchas_oxido,correctos,mas_50,exterior_continental,primeras_semanas,sobrecarga,reforzada,flecha_abajo,hueco,seco,18
viga,vertical,media,union_otro_elemento,ramificada,aparecio_de_golpe,no_hay,oscurecido,poroso,completamente,perdida_seccion,separados,20_a_50,industrial,primeras_semanas,sobrecarga,recien_desencofrada,desplazamiento_lateral,solido,seco,49
voladizo,diagonal_45,media,ambas_caras,periodica,estable,no_hay,normal,normal,no,no_visible,correctos,mas_50,exterior_continental,anos_despues,normal,original,no,solido,humedo,61
forjado_unidireccional,vertical,cerrada_fina,cara_inferior,multiples_distintos_planos,se_cierra_al_descender,no_hay,normal,humedo_filtraciones,no,no_visible,correctos,menos_5,costero_marino,primeras_semanas,normal,original,no,solido,humedo,72
cimentacion_zapata,red_mapa,cerrada_fina,base,periodica,estable,no_hay,manchas_blancas,humedo_filtraciones,no,no_visible,correctos,20_a_50,sumergido,primeros_meses,sobrecarga,reforzada,no,hueco,filtracion_activa,87
cimentacion_zapata,vertical,abierta,union_otro_elemento,ramificada,estable,no_hay,normal,normal,no,no_visible,correctos,menos_5,sumergido,anos_despues,normal,original,no,hueco,seco,81
forjado_unidireccional,red_mapa,cerrada_fina,centro,multiples_distintos_planos,se_cierra_al_descender,no_hay,manchas_oxido,normal,no,no_visible,correctos,20_a_50,sumergido,primeros_meses,normal,reforzada,giro_inclinacion,solido,seco,68
voladizo,horizontal,media,base,periodica,estable,no_hay,normal,normal,no,no_visible,desplazados,5_a_20,industrial,primeros_meses,normal,original,no,diferente_zonas,humedo,81
tabique_cerramiento,vertical,cerrada_fina,cara_inferior,multiples_distintos_planos,se_abre_con_tiempo,no_hay,manchas_oxido,normal,no,no_visible,correctos,20_a_50,sumergido,primeros_meses,normal,original,no,solido,humedo,72
voladizo,horizontal,grieta_separacion,esquinas,multiples_distintos_planos,se_cierra_al_alejarse,no_hay,normal,normal,parcialmente,no_visible,correctos,20_a_50,industrial,primeros_meses,normal,original,desplazamiento_lateral,diferente_zonas,seco,92
tabique_cerramiento,horizontal,cerrada_fina,base,multiples_distintos_planos,estable,no_hay,normal,normal,no,no_visible,correctos,5_a_20,exterior_continental,anos_despues,normal,reparada,no,solido,seco,73
cimentacion_zapata,sin_fisura,cerrada_fina,base,unica,estable,no_hay,manchas_blancas,humedo_filtraciones,no,manchas_oxido,correctos,20_a_50,sumergido,subita_reciente,normal,reforzada,no,solido,humedo,87
cimentacion_zapata,horizontal,cerrada_fina,cara_inferior,multiples_distintos_planos,se_cierra_al_descender,no_hay,normal,normal,no,no_visible,correctos,menos_5,interior,subita_reciente,normal,original,desplazamiento_lateral,solido,seco,66
forjado_reticular,diagonal_45,abierta,centro,multiples_distintos_planos,estable,recubrimiento_desprendido,normal,poroso,parcialmente,manchas_oxido,separados,5_a_20,interior,durante_construccion,normal,reparada,no,diferente_zonas,humedo,51
vigueta,diagonal_45_75,media,base,ramificada,estable,recubrimiento_desprendido,normal,humedo_filtraciones,no,manchas_oxido,correctos,mas_50,costero_marino,primeros_meses,descarga,recien_desencofrada,flecha_abajo,solido,salpicadura,43
forjado_unidireccional,diagonal_45,grieta_separacion,centro,periodica,se_cierra_al_alejarse,recubrimiento_desprendido,normal,poroso,no,no_visible,correctos,menos_5,interior,anos_despues,normal,reforzada,no,diferente_zonas,seco,48
muro,diagonal_45,media,centro,multiples_distintos_planos,estable,recubrimiento_desprendido,oscurecido,normal,no,no_visible,correctos,5_a_20,industrial,subita_reciente,sobrecarga,original,desplazamiento_lateral,solido,seco,69
vigueta,diagonal_45,grieta_separacion,ambas_caras,multiples_paralelas,se_cierra_al_alejarse,recubrimiento_desprendido,normal,normal,parcialmente,oxidada_visible,ausentes,20_a_50,costero_marino,subita_reciente,normal,original,desplazamiento_lateral,solido,seco,35
mensula,diagonal_45,grieta_separacion,cabeza,ramificada,estable,recubrimiento_desprendido,normal,normal,parcialmente,manchas_oxido,separados,menos_5,costero_marino,primeras_semanas,normal,original,no,hueco,seco,35
viga,sin_fisura,cerrada_fina,cara_inferior,unica,estable,no_hay,normal,poroso,parcialmente,oxidada_visible,correctos,20_a_50,sumergido,anos_despues,normal,original,desplazamiento_lateral,hueco,seco,30
mensula,diagonal_45,abierta,union_otro_elemento,unica,se_cierra_al_descender,no_hay,manchas_oxido,normal,parcialmente,no_visible,separados,mas_50,interior,primeras_semanas,normal,original,no,diferente_zonas,seco,91
vigueta,sin_fisura,cerrada_fina,ambas_caras,unica,estable,no_hay,oscurecido,humedo_filtraciones,no,manchas_oxido,correctos,5_a_20,interior,subita_reciente,normal,original,flecha_abajo,diferente_zonas,salpicadura,37
forjado_unidireccional,diagonal_45,cerrada_fina,union_otro_elemento,multiples_distintos_planos,aparecio_de_golpe,no_hay,normal,normal,no,no_visible,correctos,20_a_50,industrial,primeros_meses,normal,reparada,flecha_abajo,solido,seco,66
cimentacion_zapata,diagonal_45,grieta_separacion,esquinas,multiples_paralelas,se_abre_con_tiempo,perdida_seccion,normal,normal,parcialmente,oxidada_visible,separados,20_a_50,industrial,anos_despues,impacto_sismo,reparada,flecha_abajo,diferente_zonas,seco,84
forjado_reticular,diagonal_45,media,union_otro_elemento,multiples_paralelas,se_abre_con_tiempo,perdida_seccion,normal,normal,no,no_visible,correctos,5_a_20,sumergido,primeros_meses,normal,original,desplazamiento_lateral,diferente_zonas,seco,56
forjado_reticular,diagonal_45_75,media,cabeza,unica,se_abre_con_tiempo,recubrimiento_desprendido,normal,normal,parcialmente,no_visible,ausentes,menos_5,costero_marino,primeras_semanas,normal,recien_desencofrada,desplazamiento_lateral,solido,filtracion_activa,8
forjado_reticular,horizontal,media,centro,periodica,se_abre_con_tiempo,no_hay,normal,poroso,no,manchas_oxido,correctos,menos_5,sumergido,primeros_meses,normal,original,desplazamiento_lateral,diferente_zonas,seco,49
viga,vertical,media,cabeza,periodica,estable,no_hay,normal,normal,parcialmente,oxidada_visible,correctos,20_a_50,costero_marino,durante_construccion,normal,original,no,diferente_zonas,seco,32
tabique_cerramiento,diagonal_45,cerrada_fina,perimetro,periodica,se_cierra_al_alejarse,no_hay,normal,normal,parcialmente,no_visible,correctos,5_a_20,exterior_continental,primeros_meses,sobrecarga,original,no,diferente_zonas,seco,71
viga,vertical,abierta,cara_inferior,unica,estable,recubrimiento_desprendido,normal,poroso,parcialmente,oxidada_visible,correctos,20_a_50,interior,anos_despues,normal,original,no,diferente_zonas,seco,24
tabique_cerramiento,diagonal_45,cerrada_fina,cabeza,multiples_distintos_planos,estable,no_hay,normal,normal,parcialmente,no_visible,correctos,20_a_50,industrial,durante_construccion,sobrecarga,reforzada,no,diferente_zonas,seco,66
viga,red_mapa,cerrada_fina,cara_inferior,multiples_distintos_planos,estable,no_hay,manchas_oxido,disgregado,no,manchas_oxido,correctos,menos_5,industrial,durante_construccion,normal,original,flecha_abajo,diferente_zonas,seco,50
voladizo,vertical,media,esquinas,multiples_paralelas,aparecio_de_golpe,no_hay,normal,normal,no,manchas_oxido,correctos,menos_5,interior,primeras_semanas,sobrecarga,original,flecha_abajo,hueco,seco,45
cimentacion_zapata,red_mapa,media,cabeza,multiples_distintos_planos,se_cierra_al_alejarse,desmoronandose,normal,poroso,no,no_visible,correctos,5_a_20,interior,subita_reciente,sobrecarga,original,aplastamiento,solido,humedo,58
forjado_unidireccional,diagonal_45,media,base,unica,se_abre_con_tiempo,recubrimiento_desprendido,normal,normal,completamente,manchas_oxido,ausentes,menos_5,sumergido,anos_despues,sobrecarga,original,no,hueco,seco,35
mensula,diagonal_45_75,media,base,periodica,estable,no_hay,normal,humedo_filtraciones,completamente,oxidada_visible,correctos,20_a_50,sumergido,subita_reciente,descarga,original,flecha_abajo,hueco,humedo,33
cimentacion_zapata,diagonal_45_75,media,ambas_caras,periodica,se_cierra_al_alejarse,no_hay,normal,normal,no,no_visible,correctos,5_a_20,sumergido,primeras_semanas,normal,reparada,flecha_abajo,diferente_zonas,filtracion_activa,96
pilar,horizontal,abierta,cabeza,periodica,aparecio_de_golpe,recubrimiento_desprendido,oscurecido,normal,parcialmente,oxidada_visible,correctos,menos_5,sumergido,primeras_semanas,impacto_sismo,reforzada,desplazamiento_lateral,diferente_zonas,humedo,9
mensula,diagonal_45,media,perimetro,multiples_distintos_planos,aparecio_de_golpe,recubrimiento_desprendido,manchas_blancas,normal,completamente,manchas_oxido,separados,mas_50,sumergido,primeras_semanas,normal,recien_desencofrada,desplazamiento_lateral,diferente_zonas,humedo,35
forjado_reticular,diagonal_45,abierta,cabeza,unica,aparecio_de_golpe,no_hay,oscurecido,normal,parcialmente,manchas_oxido,ausentes,5_a_20,interior,primeros_meses,normal,original,flecha_abajo,hueco,seco,51
viga,diagonal_45,grieta_separacion,cabeza,ramificada,aparecio_de_golpe,desmoronandose,normal,disgregado,completamente,manchas_oxido,ausentes,5_a_20,industrial,subita_reciente,impacto_sismo,original,giro_inclinacion,diferente_zonas,humedo,17
muro,diagonal_45_75,abierta,ambas_caras,multiples_paralelas,estable,perdida_seccion,normal,normal,parcialmente,perdida_seccion,separados,20_a_50,exterior_continental,durante_construccion,sobrecarga,original,flecha_abajo,diferente_zonas,humedo,51
muro,vertical,cerrada_fina,base,periodica,estable,no_hay,normal,normal,no,no_visible,correctos,menos_5,interior,primeros_meses,normal,original,no,solido,seco,76
viga,diagonal_45_75,grieta_separacion,ambas_caras,periodica,aparecio_de_golpe,recubrimiento_desprendido,oscurecido,normal,completamente,manchas_oxido,separados,mas_50,costero_marino,subita_reciente,sobrecarga,original,giro_inclinacion,solido,humedo,17
cimentacion_zapata,red_mapa,media,cabeza,periodica,se_cierra_al_descender,no_hay,normal,normal,no,no_visible,desplazados,mas_50,costero_marino,primeros_meses,normal,reparada,no,solido,seco,92
forjado_unidireccional,diagonal_45,abierta,union_otro_elemento,unica,se_cierra_al_alejarse,recubrimiento_desprendido,normal,normal,parcialmente,oxidada_visible,separados,mas_50,interior,durante_construccion,normal,reparada,desplazamiento_lateral,solido,seco,51
muro,vertical,cerrada_fina,esquinas,periodica,aparecio_de_golpe,recubrimiento_desprendido,manchas_blancas,humedo_filtraciones,no,no_visible,correctos,menos_5,industrial,subita_reciente,sobrecarga,original,no,diferente_zonas,humedo,79
viga,horizontal,media,cabeza,ramificada,se_cierra_al_alejarse,no_hay,normal,normal,no,no_visible,correctos,mas_50,costero_marino,durante_construccion,normal,original,no,hueco,seco,92
viga,vertical,abierta,cara_inferior,multiples_paralelas,se_cierra_al_descender,no_hay,manchas_oxido,normal,completamente,oxidada_visible,correctos,mas_50,interior,anos_despues,normal,original,no,solido,seco,30
forjado_unidireccional,vertical,cerrada_fina,centro,ramificada,se_cierra_al_alejarse,desmoronandose,normal,poroso,parcialmente,no_visible,correctos,5_a_20,costero_marino,primeros_meses,sobrecarga,reforzada,aplastamiento,solido,seco,60
forjado_reticular,diagonal_45_75,grieta_separacion,perimetro,ramificada,se_abre_con_tiempo,recubrimiento_desprendido,normal,normal,parcialmente,manchas_oxido,separados,5_a_20,sumergido,subita_reciente,sobrecarga,original,flecha_abajo,hueco,humedo,53
cimentacion_zapata,vertical,media,base,unica,se_cierra_al_descender,no_hay,normal,normal,no,no_visible,separados,mas_50,sumergido,primeras_semanas,normal,original,aplastamiento,diferente_zonas,seco,85
vigueta,horizontal,cerrada_fina,centro,multiples_distintos_planos,estable,no_hay,manchas_blancas,humedo_filtraciones,no,no_visible,correctos,5_a_20,costero_marino,durante_construccion,normal,recien_desencofrada,no,diferente_zonas,humedo,40
muro,diagonal_45_75,cerrada_fina,base,ramificada,aparecio_de_golpe,no_hay,normal,normal,no,no_visible,correctos,20_a_50,interior,durante_construccion,normal,original,no,solido,seco,76
forjado_unidireccional,diagonal_45_75,media,union_otro_elemento,periodica,se_cierra_al_descender,recubrimiento_desprendido,normal,normal,no,no_visible,ausentes,mas_50,industrial,anos_despues,sobrecarga,reparada,flecha_abajo,diferente_zonas,seco,55
forjado_unidireccional,horizontal,cerrada_fina,cara_inferior,multiples_paralelas,se_cierra_al_descender,recubrimiento_desprendido,oscurecido,poroso,no,no_visible,separados,mas_50,industrial,anos_despues,sobrecarga,original,flecha_abajo,diferente_zonas,seco,57
mensula,diagonal_45_75,grieta_separacion,cara_inferior,unica,se_cierra_al_descender,recubrimiento_desprendido,normal,normal,no,no_visible,correctos,mas_50,industrial,anos_despues,normal,original,flecha_abajo,diferente_zonas,seco,34
viga,diagonal_45,media,base,ramificada,aparecio_de_golpe,no_hay,normal,normal,parcialmente,oxidada_visible,separados,menos_5,industrial,subita_reciente,sobrecarga,original,flecha_abajo,diferente_zonas,seco,20
cimentacion_zapata,diagonal_45_75,abierta,esquinas,ramificada,se_abre_con_tiempo,no_hay,normal,humedo_filtraciones,no,no_visible,correctos,5_a_20,sumergido,durante_construccion,descarga,original,no,hueco,humedo,87
pilar,horizontal,abierta,cabeza,unica,se_cierra_al_descender,recubrimiento_desprendido,normal,normal,completamente,no_visible,correctos,20_a_50,exterior_continental,durante_construccion,normal,original,desplazamiento_lateral,diferente_zonas,humedo,4
viga,diagonal_45_75,abierta,cara_inferior,ramificada,se_abre_con_tiempo,no_hay,manchas_oxido,normal,parcialmente,oxidada_visible,desplazados,5_a_20,interior,subita_reciente,sobrecarga,recien_desencofrada,desplazamiento_lateral,diferente_zonas,seco,20
forjado_reticular,sin_fisura,cerrada_fina,union_otro_elemento,unica,estable,no_hay,normal,poroso,parcialmente,oxidada_visible,correctos,mas_50,interior,primeros_meses,impacto_sismo,original,flecha_abajo,hueco,seco,9
viga,diagonal_45,cerrada_fina,ambas_caras,multiples_distintos_planos,se_abre_con_tiempo,no_hay,normal,humedo_filtraciones,no,no_visible,correctos,menos_5,costero_marino,primeros_meses,sobrecarga,reparada,no,solido,filtracion_activa,65
viga,diagonal_45,abierta,cabeza,periodica,estable,recubrimiento_desprendido,normal,poroso,no,manchas_oxido,separados,mas_50,industrial,durante_construccion,normal,original,no,diferente_zonas,seco,18
forjado_reticular,diagonal_45,cerrada_fina,esquinas,periodica,estable,recubrimiento_desprendido,normal,poroso,no,no_visible,correctos,menos_5,sumergido,primeros_meses,impacto_sismo,original,flecha_abajo,diferente_zonas,filtracion_activa,77
cimentacion_zapata,diagonal_45_75,abierta,base,multiples_distintos_planos,estable,no_hay,normal,normal,no,no_visible,correctos,menos_5,costero_marino,anos_despues,normal,reforzada,desplazamiento_lateral,solido,humedo,86
cimentacion_zapata,diagonal_45,cerrada_fina,union_otro_elemento,multiples_distintos_planos,se_abre_con_tiempo,no_hay,normal,normal,no,no_visible,correctos,5_a_20,interior,durante_construccion,normal,reparada,flecha_abajo,solido,seco,89
forjado_unidireccional,diagonal_45_75,abierta,base,multiples_distintos_planos,se_cierra_al_alejarse,no_hay,normal,normal,no,no_visible,correctos,20_a_50,costero_marino,anos_despues,normal,original,desplazamiento_lateral,diferente_zonas,seco,88
muro,horizontal,media,centro,multiples_paralelas,estable,no_hay,normal,normal,parcialmente,manchas_oxido,separados,5_a_20,interior,anos_despues,normal,reforzada,flecha_abajo,hueco,seco,81
cimentacion_zapata,diagonal_45_75,abierta,union_otro_elemento,multiples_paralelas,se_cierra_al_alejarse,recubrimiento_desprendido,manchas_oxido,poroso,no,no_visible,correctos,menos_5,interior,anos_despues,sobrecarga,original,no,diferente_zonas,seco,85
muro,horizontal,abierta,base,multiples_distintos_planos,estable,no_hay,normal,normal,no,no_visible,separados,menos_5,exterior_continental,anos_despues,sobrecarga,original,no,solido,seco,16
pilar,horizontal,cerrada_fina,cabeza,unica,aparecio_de_golpe,no_hay,manchas_oxido,humedo_filtraciones,no,no_visible,correctos,menos_5,sumergido,anos_despues,sobrecarga,reparada,no,solido,humedo,11
muro,diagonal_45,media,cabeza,unica,estable,no_hay,normal,normal,no,manchas_oxido,correctos,20_a_50,industrial,primeras_semanas,normal,recien_desencofrada,flecha_abajo,solido,seco,75
forjado_reticular,diagonal_45,media,perimetro,multiples_paralelas,se_cierra_al_alejarse,no_hay,normal,poroso,no,no_visible,correctos,20_a_50,interior,subita_reciente,normal,original,no,diferente_zonas,humedo,54
forjado_unidireccional,red_mapa,abierta,perimetro,unica,estable,no_hay,normal,normal,no,manchas_oxido,correctos,menos_5,interior,durante_construccion,sobrecarga,recien_desencofrada,no,diferente_zonas,seco,49
voladizo,horizontal,cerrada_fina,base,multiples_distintos_planos,se_abre_con_tiempo,no_hay,normal,normal,no,no_visible,correctos,20_a_50,interior,anos_despues,normal,reforzada,no,solido,humedo,47
forjado_unidireccional,sin_fisura,cerrada_fina,base,unica,estable,recubrimiento_desprendido,normal,normal,no,no_visible,correctos,5_a_20,exterior_continental,primeros_meses,normal,recien_desencofrada,no,solido,humedo,59
pilar,red_mapa,abierta,cabeza,periodica,estable,no_hay,normal,normal,parcialmente,oxidada_visible,correctos,20_a_50,costero_marino,durante_construccion,sobrecarga,reforzada,flecha_abajo,hueco,seco,13
viga,red_mapa,cerrada_fina,centro,multiples_distintos_planos,estable,no_hay,normal,normal,parcialmente,no_visible,correctos,5_a_20,exterior_continental,anos_despues,normal,original,no,solido,humedo,68
pilar,horizontal,abierta,union_otro_elemento,ramificada,aparecio_de_golpe,no_hay,normal,poroso,parcialmente,oxidada_visible,correctos,20_a_50,costero_marino,durante_construccion,sobrecarga,recien_desencofrada,giro_inclinacion,hueco,salpicadura,9
forjado_unidireccional,diagonal_45,media,centro,periodica,se_abre_con_tiempo,no_hay,normal,normal,no,no_visible,correctos,5_a_20,costero_marino,primeras_semanas,normal,recien_desencofrada,no,solido,seco,62
pilar,vertical,media,cara_inferior,ramificada,se_cierra_al_alejarse,recubrimiento_desprendido,normal,normal,no,no_visible,correctos,menos_5,exterior_continental,subita_reciente,normal,original,no,solido,seco,73
viga,diagonal_45,abierta,esquinas,ramificada,aparecio_de_golpe,no_hay,normal,normal,parcialmente,oxidada_visible,desplazados,5_a_20,interior,subita_reciente,sobrecarga,original,no,diferente_zonas,seco,20
mensula,diagonal_45_75,abierta,ambas_caras,multiples_paralelas,se_abre_con_tiempo,perdida_seccion,normal,normal,parcialmente,no_visible,correctos,menos_5,costero_marino,subita_reciente,sobrecarga,original,no,diferente_zonas,seco,34
viga,red_mapa,cerrada_fina,cara_inferior,multiples_distintos_planos,estable,recubrimiento_desprendido,normal,normal,no,no_visible,correctos,5_a_20,industrial,anos_despues,normal,reparada,no,solido,seco,68
voladizo,vertical,abierta,centro,multiples_distintos_planos,se_abre_con_tiempo,recubrimiento_desprendido,normal,normal,no,manchas_oxido,correctos,mas_50,costero_marino,subita_reciente,normal,reparada,desplazamiento_lateral,solido,seco,46
pilar,diagonal_45,grieta_separacion,cabeza,unica,se_cierra_al_descender,recubrimiento_desprendido,manchas_oxido,normal,completamente,no_visible,separados,menos_5,interior,primeras_semanas,normal,recien_desencofrada,desplazamiento_lateral,diferente_zonas,seco,8
muro,vertical,cerrada_fina,perimetro,multiples_paralelas,aparecio_de_golpe,no_hay,manchas_blancas,humedo_filtraciones,completamente,oxidada_visible,correctos,mas_50,sumergido,subita_reciente,normal,reparada,no,solido,humedo,79
cimentacion_zapata,sin_fisura,cerrada_fina,centro,unica,estable,no_hay,normal,normal,parcialmente,manchas_oxido,correctos,menos_5,sumergido,primeras_semanas,normal,original,no,diferente_zonas,seco,92
vigueta,diagonal_45,grieta_separacion,perimetro,periodica,aparecio_de_golpe,recubrimiento_desprendido,normal,normal,no,manchas_oxido,separados,mas_50,costero_marino,subita_reciente,sobrecarga,reforzada,desplazamiento_lateral,hueco,seco,17
viga,horizontal,media,cara_inferior,periodica,se_cierra_al_descender,no_hay,normal,normal,completamente,oxidada_visible,correctos,mas_50,costero_marino,anos_despues,normal,original,desplazamiento_lateral,diferente_zonas,seco,30
viga,diagonal_45,media,cabeza,periodica,se_cierra_al_descender,desmoronandose,normal,poroso,completamente,manchas_oxido,correctos,mas_50,interior,anos_despues,normal,original,no,diferente_zonas,seco,32
viga,vertical,cerrada_fina,union_otro_elemento,multiples_paralelas,se_cierra_al_alejarse,no_hay,normal,normal,no,no_visible,separados,20_a_50,industrial,anos_despues,normal,reparada,giro_inclinacion,solido,seco,59
forjado_reticular,sin_fisura,cerrada_fina,base,unica,estable,recubrimiento_desprendido,normal,normal,parcialmente,no_visible,desplazados,5_a_20,sumergido,primeras_semanas,normal,original,no,hueco,seco,56
tabique_cerramiento,horizontal,cerrada_fina,esquinas,unica,estable,no_hay,normal,normal,no,no_visible,correctos,menos_5,interior,durante_construccion,normal,recien_desencofrada,no,solido,seco,73
muro,diagonal_45_75,abierta,union_otro_elemento,ramificada,estable,no_hay,normal,normal,no,no_visible,correctos,mas_50,interior,anos_despues,sobrecarga,reforzada,desplazamiento_lateral,solido,seco,86
viga,red_mapa,media,base,ramificada,estable,no_hay,normal,normal,no,no_visible,correctos,5_a_20,industrial,anos_despues,sobrecarga,reforzada,no,hueco,seco,81
pilar,vertical,abierta,ambas_caras,unica,se_abre_con_tiempo,recubrimiento_desprendido,normal,normal,parcialmente,manchas_oxido,separados,menos_5,exterior_continental,subita_reciente,impacto_sismo,original,no,diferente_zonas,seco,3
forjado_unidireccional,vertical,media,centro,ramificada,estable,no_hay,normal,normal,no,no_visible,correctos,menos_5,exterior_continental,anos_despues,sobrecarga,original,no,solido,humedo,71
viga,vertical,media,base,ramificada,se_cierra_al_alejarse,recubrimiento_desprendido,manchas_blancas,poroso,no,manchas_oxido,correctos,5_a_20,sumergido,subita_reciente,normal,original,no,diferente_zonas,humedo,24
muro,sin_fisura,cerrada_fina,cara_inferior,unica,estable,recubrimiento_desprendido,normal,humedo_filtraciones,parcialmente,no_visible,desplazados,menos_5,costero_marino,primeros_meses,normal,recien_desencofrada,no,solido,humedo,25
viga,red_mapa,media,cara_inferior,multiples_distintos_planos,aparecio_de_golpe,no_hay,normal,normal,completamente,oxidada_visible,desplazados,20_a_50,industrial,primeros_meses,sobrecarga,reforzada,flecha_abajo,solido,seco,22
forjado_reticular,red_mapa,abierta,perimetro,ramificada,se_abre_con_tiempo,recubrimiento_desprendido,normal,poroso,completamente,manchas_oxido,separados,menos_5,exterior_continental,subita_reciente,normal,reparada,flecha_abajo,solido,seco,53
vigueta,diagonal_45,cerrada_fina,base,ramificada,aparecio_de_golpe,no_hay,manchas_blancas,humedo_filtraciones,no,no_visible,correctos,20_a_50,interior,primeras_semanas,normal,reforzada,aplastamiento,solido,filtracion_activa,65
cimentacion_zapata,diagonal_45_75,abierta,base,multiples_distintos_planos,se_cierra_al_alejarse,no_hay,normal,normal,no,no_visible,ausentes,20_a_50,industrial,subita_reciente,sobrecarga,original,flecha_abajo,solido,seco,89
forjado_unidireccional,diagonal_45_75,media,base,multiples_paralelas,se_abre_con_tiempo,no_hay,manchas_oxido,normal,no,no_visible,correctos,20_a_50,industrial,anos_despues,sobrecarga,reforzada,no,solido,seco,62
voladizo,sin_fisura,cerrada_fina,centro,unica,estable,recubrimiento_desprendido,manchas_blancas,poroso,no,no_visible,correctos,mas_50,costero_marino,primeros_meses,sobrecarga,recien_desencofrada,no,solido,filtracion_activa,67
tabique_cerramiento,red_mapa,cerrada_fina,cara_inferior,multiples_distintos_planos,aparecio_de_golpe,no_hay,normal,normal,no,no_visible,correctos,20_a_50,costero_marino,subita_reciente,normal,original,no,solido,seco,68
pilar,horizontal,media,esquinas,multiples_distintos_planos,se_abre_con_tiempo,recubrimiento_desprendido,normal,normal,parcialmente,no_visible,desplazados,menos_5,sumergido,durante_construccion,sobrecarga,recien_desencofrada,desplazamiento_lateral,hueco,salpicadura,8
voladizo,horizontal,grieta_separacion,perimetro,ramificada,estable,recubrimiento_desprendido,normal,normal,parcialmente,oxidada_visible,correctos,20_a_50,interior,durante_construccion,normal,original,flecha_abajo,diferente_zonas,seco,46
cimentacion_zapata,horizontal,media,base,unica,estable,no_hay,manchas_blancas,normal,no,no_visible,correctos,menos_5,costero_marino,anos_despues,sobrecarga,original,flecha_abajo,diferente_zonas,seco,81
tabique_cerramiento,horizontal,media,base,periodica,aparecio_de_golpe,no_hay,manchas_blancas,humedo_filtraciones,no,no_visible,correctos,5_a_20,exterior_continental,subita_reciente,normal,original,no,diferente_zonas,humedo,79
pilar,horizontal,abierta,union_otro_elemento,ramificada,estable,no_hay,normal,poroso,no,no_visible,separados,menos_5,sumergido,anos_despues,normal,original,desplazamiento_lateral,solido,seco,81
muro,diagonal_45_75,media,base,ramificada,se_cierra_al_descender,no_hay,manchas_blancas,humedo_filtraciones,no,manchas_oxido,separados,20_a_50,interior,subita_reciente,normal,original,desplazamiento_lateral,diferente_zonas,humedo,87
viga,diagonal_45_75,media,centro,multiples_distintos_planos,estable,recubrimiento_desprendido,normal,normal,no,no_visible,ausentes,menos_5,exterior_continental,primeras_semanas,impacto_sismo,reparada,no,hueco,filtracion_activa,16
forjado_unidireccional,horizontal,cerrada_fina,base,unica,se_cierra_al_alejarse,no_hay,manchas_blancas,humedo_filtraciones,parcialmente,no_visible,correctos,mas_50,exterior_continental,primeras_semanas,normal,reparada,no,diferente_zonas,humedo,65
viga,diagonal_45,cerrada_fina,union_otro_elemento,multiples_paralelas,estable,desmoronandose,oscurecido,disgregado,no,no_visible,correctos,menos_5,exterior_continental,primeros_meses,sobrecarga,recien_desencofrada,no,solido,seco,23
viga,vertical,cerrada_fina,centro,ramificada,aparecio_de_golpe,desmoronandose,normal,poroso,no,no_visible,correctos,mas_50,industrial,durante_construccion,normal,original,aplastamiento,solido,humedo,60
voladizo,diagonal_45_75,cerrada_fina,union_otro_elemento,ramificada,estable,no_hay,normal,normal,parcialmente,no_visible,correctos,20_a_50,costero_marino,anos_despues,normal,original,desplazamiento_lateral,diferente_zonas,humedo,59
viga,diagonal_45_75,abierta,centro,multiples_paralelas,estable,no_hay,normal,normal,no,no_visible,correctos,20_a_50,interior,anos_despues,sobrecarga,original,no,diferente_zonas,seco,28
mensula,diagonal_45_75,media,base,multiples_paralelas,se_cierra_al_alejarse,no_hay,normal,normal,parcialmente,oxidada_visible,correctos,menos_5,interior,anos_despues,normal,original,no,solido,seco,28
forjado_reticular,diagonal_45,media,centro,multiples_distintos_planos,se_cierra_al_descender,no_hay,manchas_blancas,normal,parcialmente,no_visible,correctos,menos_5,sumergido,primeras_semanas,normal,original,flecha_abajo,solido,seco,93
tabique_cerramiento,vertical,media,union_otro_elemento,ramificada,se_cierra_al_alejarse,no_hay,manchas_blancas,poroso,no,no_visible,separados,5_a_20,exterior_continental,subita_reciente,sobrecarga,reparada,no,diferente_zonas,humedo,67
vigueta,diagonal_45,cerrada_fina,cabeza,unica,se_cierra_al_descender,recubrimiento_desprendido,normal,poroso,parcialmente,manchas_oxido,correctos,20_a_50,costero_marino,durante_construccion,descarga,recien_desencofrada,desplazamiento_lateral,diferente_zonas,seco,41
tabique_cerramiento,sin_fisura,cerrada_fina,ambas_caras,unica,estable,no_hay,normal,normal,no,no_visible,separados,20_a_50,industrial,anos_despues,normal,original,no,solido,humedo,61
viga,diagonal_45,abierta,ambas_caras,unica,aparecio_de_golpe,perdida_seccion,normal,normal,parcialmente,manchas_oxido,ausentes,menos_5,costero_marino,primeras_semanas,sobrecarga,original,giro_inclinacion,diferente_zonas,seco,21
forjado_unidireccional,vertical,media,centro,multiples_paralelas,se_cierra_al_alejarse,no_hay,normal,normal,no,no_visible,separados,5_a_20,industrial,primeras_semanas,normal,recien_desencofrada,no,diferente_zonas,seco,52
voladizo,vertical,media,centro,ramificada,se_cierra_al_descender,recubrimiento_desprendido,normal,poroso,no,no_visible,correctos,5_a_20,costero_marino,durante_construccion,sobrecarga,reparada,flecha_abajo,solido,seco,60
cimentacion_zapata,diagonal_45,media,cabeza,multiples_paralelas,se_cierra_al_descender,no_hay,normal,normal,completamente,no_visible,separados,menos_5,exterior_continental,anos_despues,normal,original,flecha_abajo,diferente_zonas,seco,91
tabique_cerramiento,diagonal_45_75,cerrada_fina,centro,multiples_paralelas,se_cierra_al_alejarse,perdida_seccion,manchas_blancas,normal,parcialmente,no_visible,correctos,5_a_20,exterior_continental,primeros_meses,impacto_sismo,original,no,solido,humedo,78
tabique_cerramiento,vertical,cerrada_fina,perimetro,unica,aparecio_de_golpe,no_hay,normal,humedo_filtraciones,no,manchas_oxido,correctos,20_a_50,costero_marino,subita_reciente,normal,original,no,diferente_zonas,filtracion_activa,79
mensula,horizontal,abierta,esquinas,multiples_paralelas,se_cierra_al_descender,no_hay,normal,normal,no,manchas_oxido,correctos,menos_5,sumergido,primeros_meses,normal,original,no,solido,filtracion_activa,33
viga,diagonal_45,cerrada_fina,perimetro,multiples_paralelas,se_cierra_al_descender,recubrimiento_desprendido,manchas_blancas,poroso,completamente,oxidada_visible,correctos,20_a_50,costero_marino,primeras_semanas,normal,original,desplazamiento_lateral,diferente_zonas,humedo,26
muro,red_mapa,cerrada_fina,centro,multiples_paralelas,se_abre_con_tiempo,no_hay,manchas_blancas,poroso,no,no_visible,correctos,menos_5,sumergido,subita_reciente,normal,reforzada,no,solido,humedo,79
cimentacion_zapata,diagonal_45_75,media,base,multiples_paralelas,aparecio_de_golpe,recubrimiento_desprendido,normal,poroso,parcialmente,no_visible,correctos,20_a_50,exterior_continental,durante_construccion,normal,original,desplazamiento_lateral,diferente_zonas,humedo,85
vigueta,red_mapa,abierta,cabeza,multiples_distintos_planos,aparecio_de_golpe,desmoronandose,normal,poroso,parcialmente,no_visible,separados,20_a_50,industrial,primeras_semanas,normal,original,aplastamiento,diferente_zonas,humedo,38
vigueta,sin_fisura,cerrada_fina,union_otro_elemento,unica,estable,recubrimiento_desprendido,oscurecido,humedo_filtraciones,completamente,oxidada_visible,correctos,5_a_20,exterior_continental,anos_despues,normal,original,no,diferente_zonas,humedo,37
pilar,sin_fisura,cerrada_fina,esquinas,unica,estable,recubrimiento_desprendido,manchas_oxido,normal,completamente,manchas_oxido,ausentes,5_a_20,interior,subita_reciente,normal,original,desplazamiento_lateral,diferente_zonas,seco,1
vigueta,red_mapa,abierta,cabeza,periodica,estable,perdida_seccion,normal,normal,no,manchas_oxido,correctos,5_a_20,exterior_continental,durante_construccion,normal,original,flecha_abajo,diferente_zonas,humedo,41
mensula,horizontal,media,esquinas,multiples_paralelas,aparecio_de_golpe,no_hay,normal,normal,no,no_visible,correctos,menos_5,costero_marino,subita_reciente,normal,original,flecha_abajo,solido,seco,42
pilar,red_mapa,media,union_otro_elemento,multiples_paralelas,se_cierra_al_alejarse,recubrimiento_desprendido,normal,normal,no,manchas_oxido,correctos,mas_50,exterior_continental,subita_reciente,normal,reparada,flecha_abajo,diferente_zonas,seco,13
viga,diagonal_45_75,cerrada_fina,union_otro_elemento,periodica,aparecio_de_golpe,no_hay,manchas_blancas,humedo_filtraciones,parcialmente,no_visible,desplazados,5_a_20,sumergido,subita_reciente,sobrecarga,original,no,diferente_zonas,humedo,29
mensula,vertical,abierta,cabeza,unica,estable,no_hay,normal,normal,no,no_visible,correctos,5_a_20,sumergido,subita_reciente,normal,original,desplazamiento_lateral,solido,humedo,36
muro,red_mapa,cerrada_fina,esquinas,multiples_distintos_planos,estable,no_hay,normal,normal,no,no_visible,correctos,menos_5,interior,primeros_meses,normal,original,no,solido,seco,75
forjado_unidireccional,vertical,cerrada_fina,perimetro,unica,se_cierra_al_alejarse,no_hay,manchas_blancas,poroso,completamente,perdida_seccion,separados,20_a_50,sumergido,anos_despues,normal,original,no,solido,humedo,65
forjado_unidireccional,diagonal_45,abierta,centro,multiples_distintos_planos,estable,recubrimiento_desprendido,oscurecido,normal,no,manchas_oxido,separados,menos_5,exterior_continental,durante_construccion,normal,recien_desencofrada,no,diferente_zonas,humedo,50
tabique_cerramiento,red_mapa,media,cara_inferior,multiples_distintos_planos,se_cierra_al_alejarse,no_hay,manchas_blancas,poroso,parcialmente,no_visible,correctos,20_a_50,sumergido,subita_reciente,sobrecarga,original,no,solido,humedo,67
muro,diagonal_45_75,cerrada_fina,cabeza,unica,aparecio_de_golpe,no_hay,manchas_blancas,humedo_filtraciones,parcialmente,no_visible,correctos,20_a_50,exterior_continental,subita_reciente,sobrecarga,original,flecha_abajo,solido,humedo,80
mensula,diagonal_45,grieta_separacion,base,ramificada,estable,recubrimiento_desprendido,normal,normal,parcialmente,oxidada_visible,correctos,menos_5,costero_marino,primeras_semanas,normal,recien_desencofrada,desplazamiento_lateral,diferente_zonas,seco,51
viga,diagonal_45_75,media,centro,unica,estable,no_hay,normal,normal,parcialmente,oxidada_visible,separados,menos_5,industrial,primeras_semanas,sobrecarga,recien_desencofrada,no,solido,seco,15
tabique_cerramiento,vertical,cerrada_fina,cara_inferior,ramificada,aparecio_de_golpe,no_hay,normal,normal,no,no_visible,correctos,menos_5,exterior_continental,primeros_meses,sobrecarga,original,flecha_abajo,solido,seco,57
viga,diagonal_45,media,base,periodica,se_abre_con_tiempo,perdida_seccion,manchas_blancas,normal,parcialmente,manchas_oxido,correctos,5_a_20,industrial,durante_construccion,sobrecarga,original,desplazamiento_lateral,hueco,seco,18
forjado_unidireccional,red_mapa,cerrada_fina,base,unica,se_cierra_al_alejarse,recubrimiento_desprendido,oscurecido,normal,completamente,no_visible,correctos,menos_5,industrial,primeros_meses,normal,original,no,solido,seco,59
tabique_cerramiento,diagonal_45,cerrada_fina,perimetro,periodica,estable,no_hay,normal,poroso,parcialmente,no_visible,separados,5_a_20,interior,primeras_semanas,normal,original,no,solido,seco,75
tabique_cerramiento,vertical,media,cara_inferior,ramificada,se_abre_con_tiempo,no_hay,oscurecido,normal,parcialmente,manchas_oxido,correctos,20_a_50,interior,primeras_semanas,sobrecarga,reforzada,flecha_abajo,diferente_zonas,seco,45
vigueta,sin_fisura,cerrada_fina,cabeza,unica,estable,perdida_seccion,normal,poroso,completamente,oxidada_visible,correctos,menos_5,sumergido,durante_construccion,sobrecarga,recien_desencofrada,no,hueco,seco,41
cimentacion_zapata,sin_fisura,cerrada_fina,union_otro_elemento,unica,estable,no_hay,normal,normal,no,manchas_oxido,correctos,20_a_50,interior,primeros_meses,normal,original,no,solido,humedo,92
cimentacion_zapata,diagonal_45_75,abierta,base,unica,se_abre_con_tiempo,no_hay,manchas_oxido,poroso,no,no_visible,correctos,20_a_50,exterior_continental,primeros_meses,normal,original,desplazamiento_lateral,hueco,filtracion_activa,82
cimentacion_zapata,sin_fisura,cerrada_fina,union_otro_elemento,unica,estable,no_hay,manchas_oxido,humedo_filtraciones,no,manchas_oxido,correctos,mas_50,costero_marino,primeras_semanas,sobrecarga,original,no,hueco,humedo,26
tabique_cerramiento,diagonal_45,media,esquinas,ramificada,estable,no_hay,manchas_oxido,humedo_filtraciones,no,no_visible,correctos,menos_5,costero_marino,primeras_semanas,normal,original,no,solido,humedo,77
forjado_unidireccional,horizontal,cerrada_fina,base,ramificada,aparecio_de_golpe,perdida_seccion,manchas_oxido,normal,completamente,no_visible,correctos,5_a_20,interior,subita_reciente,normal,reparada,no,solido,seco,56
pilar,red_mapa,cerrada_fina,perimetro,multiples_paralelas,estable,recubrimiento_desprendido,normal,humedo_filtraciones,no,manchas_oxido,correctos,20_a_50,exterior_continental,subita_reciente,normal,original,no,solido,humedo,10
mensula,diagonal_45,media,perimetro,periodica,se_cierra_al_descender,no_hay,manchas_oxido,humedo_filtraciones,no,no_visible,correctos,menos_5,sumergido,anos_despues,normal,original,desplazamiento_lateral,hueco,humedo,82
cimentacion_zapata,diagonal_45_75,media,centro,ramificada,aparecio_de_golpe,recubrimiento_desprendido,manchas_oxido,normal,no,no_visible,correctos,20_a_50,industrial,durante_construccion,normal,original,no,diferente_zonas,seco,94
tabique_cerramiento,red_mapa,cerrada_fina,perimetro,ramificada,se_cierra_al_alejarse,no_hay,normal,normal,no,no_visible,correctos,20_a_50,industrial,subita_reciente,normal,reforzada,no,diferente_zonas,seco,62
vigueta,horizontal,abierta,cabeza,unica,aparecio_de_golpe,no_hay,normal,humedo_filtraciones,no,manchas_oxido,separados,5_a_20,industrial,anos_despues,sobrecarga,original,no,diferente_zonas,seco,42
mensula,vertical,abierta,union_otro_elemento,multiples_distintos_planos,se_cierra_al_descender,no_hay,normal,disgregado,completamente,oxidada_visible,correctos,menos_5,costero_marino,durante_construccion,sobrecarga,original,giro_inclinacion,diferente_zonas,seco,33
forjado_unidireccional,horizontal,cerrada_fina,esquinas,multiples_distintos_planos,aparecio_de_golpe,no_hay,normal,normal,parcialmente,manchas_oxido,separados,20_a_50,costero_marino,anos_despues,normal,reforzada,no,diferente_zonas,seco,72
voladizo,diagonal_45,grieta_separacion,cara_inferior,periodica,estable,recubrimiento_desprendido,normal,poroso,no,manchas_oxido,correctos,5_a_20,costero_marino,anos_despues,normal,original,no,solido,humedo,46
forjado_reticular,vertical,cerrada_fina,perimetro,multiples_paralelas,aparecio_de_golpe,no_hay,normal,normal,no,no_visible,correctos,menos_5,interior,primeras_semanas,normal,recien_desencofrada,no,solido,seco,52
viga,vertical,cerrada_fina,cabeza,periodica,aparecio_de_golpe,desmoronandose,normal,disgregado,no,manchas_oxido,correctos,mas_50,industrial,primeras_semanas,normal,original,aplastamiento,diferente_zonas,seco,58
pilar,horizontal,abierta,ambas_caras,periodica,aparecio_de_golpe,recubrimiento_desprendido,manchas_blancas,normal,no,manchas_oxido,correctos,20_a_50,costero_marino,subita_reciente,impacto_sismo,original,flecha_abajo,diferente_zonas,seco,9
cimentacion_zapata,red_mapa,abierta,cara_inferior,ramificada,se_abre_con_tiempo,no_hay,manchas_oxido,humedo_filtraciones,completamente,no_visible,desplazados,20_a_50,sumergido,durante_construccion,sobrecarga,recien_desencofrada,no,solido,humedo,25
pilar,sin_fisura,cerrada_fina,base,unica,estable,no_hay,normal,normal,no,no_visible,correctos,20_a_50,exterior_continental,anos_despues,normal,reforzada,no,solido,humedo,61
viga,red_mapa,grieta_separacion,ambas_caras,multiples_distintos_planos,se_cierra_al_alejarse,recubrimiento_desprendido,normal,poroso,completamente,manchas_oxido,correctos,mas_50,exterior_continental,anos_despues,normal,original,desplazamiento_lateral,diferente_zonas,seco,19
tabique_cerramiento,diagonal_45,cerrada_fina,cara_inferior,multiples_paralelas,estable,no_hay,manchas_blancas,normal,no,no_visible,correctos,5_a_20,exterior_continental,anos_despues,normal,original,no,solido,humedo,71
vigueta,horizontal,media,esquinas,unica,aparecio_de_golpe,no_hay,normal,poroso,no,no_visible,correctos,menos_5,sumergido,primeros_meses,normal,original,desplazamiento_lateral,diferente_zonas,humedo,42
tabique_cerramiento,vertical,cerrada_fina,base,unica,estable,no_hay,oscurecido,normal,no,manchas_oxido,correctos,menos_5,industrial,subita_reciente,normal,original,no,solido,seco,59
voladizo,diagonal_45,cerrada_fina,base,unica,se_abre_con_tiempo,recubrimiento_desprendido,oscurecido,normal,parcialmente,no_visible,correctos,mas_50,exterior_continental,primeras_semanas,normal,original,no,diferente_zonas,seco,47
pilar,vertical,abierta,ambas_caras,unica,aparecio_de_golpe,recubrimiento_desprendido,normal,disgregado,completamente,oxidada_visible,separados,mas_50,interior,subita_reciente,sobrecarga,reparada,no,diferente_zonas,humedo,3
forjado_unidireccional,vertical,cerrada_fina,base,periodica,se_cierra_al_descender,no_hay,normal,normal,no,no_visible,separados,menos_5,industrial,primeros_meses,sobrecarga,reforzada,no,solido,seco,36
muro,diagonal_45,cerrada_fina,centro,multiples_distintos_planos,aparecio_de_golpe,recubrimiento_desprendido,manchas_oxido,normal,no,manchas_oxido,correctos,menos_5,exterior_continental,durante_construccion,sobrecarga,original,no,diferente_zonas,salpicadura,71
viga,red_mapa,abierta,centro,multiples_paralelas,aparecio_de_golpe,perdida_seccion,normal,normal,no,manchas_oxido,correctos,5_a_20,industrial,primeros_meses,sobrecarga,original,no,diferente_zonas,seco,32
viga,sin_fisura,cerrada_fina,centro,unica,estable,no_hay,normal,humedo_filtraciones,no,no_visible,correctos,mas_50,sumergido,durante_construccion,normal,original,no,solido,filtracion_activa,29
viga,sin_fisura,cerrada_fina,esquinas,unica,estable,perdida_seccion,normal,normal,parcialmente,no_visible,correctos,20_a_50,sumergido,primeros_meses,sobrecarga,original,aplastamiento,solido,seco,58
viga,diagonal_45_75,media,esquinas,periodica,estable,no_hay,normal,normal,parcialmente,no_visible,ausentes,menos_5,sumergido,anos_despues,normal,original,desplazamiento_lateral,diferente_zonas,seco,31
viga,horizontal,media,centro,multiples_paralelas,se_cierra_al_alejarse,no_hay,manchas_oxido,normal,parcialmente,perdida_seccion,correctos,20_a_50,costero_marino,anos_despues,sobrecarga,original,flecha_abajo,hueco,humedo,30
mensula,horizontal,abierta,ambas_caras,multiples_paralelas,aparecio_de_golpe,perdida_seccion,normal,normal,no,manchas_oxido,ausentes,5_a_20,costero_marino,subita_reciente,sobrecarga,original,no,diferente_zonas,seco,3
forjado_reticular,vertical,abierta,cabeza,ramificada,se_abre_con_tiempo,recubrimiento_desprendido,normal,normal,no,no_visible,correctos,20_a_50,sumergido,anos_despues,sobrecarga,reparada,aplastamiento,hueco,seco,38
viga,diagonal_45_75,cerrada_fina,centro,multiples_distintos_planos,se_cierra_al_descender,no_hay,normal,normal,no,no_visible,correctos,menos_5,sumergido,primeros_meses,sobrecarga,original,no,solido,seco,66
mensula,diagonal_45,grieta_separacion,base,multiples_distintos_planos,estable,recubrimiento_desprendido,normal,normal,no,manchas_oxido,ausentes,20_a_50,exterior_continental,primeras_semanas,normal,reforzada,no,diferente_zonas,seco,35
forjado_reticular,sin_fisura,cerrada_fina,perimetro,unica,estable,no_hay,manchas_blancas,normal,parcialmente,manchas_oxido,separados,5_a_20,exterior_continental,durante_construccion,normal,original,flecha_abajo,hueco,humedo,49
viga,sin_fisura,cerrada_fina,ambas_caras,unica,estable,perdida_seccion,manchas_oxido,normal,completamente,manchas_oxido,separados,menos_5,exterior_continental,subita_reciente,sobrecarga,reparada,giro_inclinacion,diferente_zonas,seco,17
viga,diagonal_45,abierta,perimetro,multiples_paralelas,estable,no_hay,manchas_blancas,humedo_filtraciones,parcialmente,perdida_seccion,correctos,menos_5,costero_marino,durante_construccion,normal,original,flecha_abajo,diferente_zonas,salpicadura,26
tabique_cerramiento,horizontal,abierta,cabeza,multiples_paralelas,se_cierra_al_descender,recubrimiento_desprendido,normal,normal,completamente,no_visible,correctos,20_a_50,exterior_continental,subita_reciente,impacto_sismo,original,desplazamiento_lateral,diferente_zonas,seco,4
mensula,diagonal_45,media,base,multiples_paralelas,aparecio_de_golpe,perdida_seccion,normal,normal,no,manchas_oxido,desplazados,menos_5,costero_marino,anos_despues,normal,recien_desencofrada,desplazamiento_lateral,diferente_zonas,seco,35
tabique_cerramiento,horizontal,cerrada_fina,union_otro_elemento,ramificada,se_cierra_al_descender,desmoronandose,normal,disgregado,no,no_visible,correctos,menos_5,sumergido,primeras_semanas,normal,original,flecha_abajo,solido,seco,76
voladizo,horizontal,media,base,multiples_paralelas,aparecio_de_golpe,no_hay,normal,poroso,no,no_visible,correctos,menos_5,interior,primeras_semanas,normal,original,aplastamiento,solido,humedo,47
viga,diagonal_45,cerrada_fina,union_otro_elemento,multiples_paralelas,se_cierra_al_alejarse,no_hay,normal,normal,parcialmente,oxidada_visible,correctos,menos_5,industrial,primeros_meses,sobrecarga,original,no,solido,seco,23
mensula,diagonal_45_75,media,ambas_caras,ramificada,estable,no_hay,manchas_oxido,normal,parcialmente,no_visible,correctos,5_a_20,exterior_continental,subita_reciente,normal,original,no,solido,filtracion_activa,62
mensula,diagonal_45,grieta_separacion,base,multiples_paralelas,se_cierra_al_descender,perdida_seccion,normal,normal,parcialmente,manchas_oxido,correctos,20_a_50,sumergido,anos_despues,sobrecarga,original,no,hueco,seco,34
pilar,diagonal_45,abierta,cabeza,unica,estable,recubrimiento_desprendido,normal,poroso,completamente,no_visible,desplazados,menos_5,industrial,durante_construccion,normal,recien_desencofrada,desplazamiento_lateral,hueco,seco,8
muro,red_mapa,media,cara_inferior,ramificada,se_cierra_al_alejarse,no_hay,normal,normal,no,no_visible,correctos,menos_5,interior,anos_despues,normal,original,no,diferente_zonas,seco,90
pilar,red_mapa,media,cara_inferior,periodica,se_cierra_al_descender,no_hay,manchas_oxido,humedo_filtraciones,parcialmente,no_visible,correctos,20_a_50,sumergido,durante_construccion,sobrecarga,original,no,solido,humedo,10
pilar,horizontal,abierta,cabeza,unica,estable,no_hay,normal,normal,no,no_visible,correctos,20_a_50,industrial,primeros_meses,descarga,original,flecha_abajo,diferente_zonas,seco,4
mensula,vertical,abierta,cabeza,periodica,se_cierra_al_descender,no_hay,normal,humedo_filtraciones,no,manchas_oxido,correctos,5_a_20,industrial,anos_despues,sobrecarga,original,no,diferente_zonas,seco,33
vigueta,horizontal,abierta,union_otro_elemento,multiples_paralelas,se_cierra_al_alejarse,no_hay,oscurecido,normal,parcialmente,oxidada_visible,correctos,5_a_20,sumergido,subita_reciente,sobrecarga,original,desplazamiento_lateral,diferente_zonas,humedo,37
voladizo,vertical,abierta,base,ramificada,se_abre_con_tiempo,no_hay,manchas_blancas,normal,no,no_visible,correctos,5_a_20,interior,primeros_meses,normal,reforzada,no,solido,seco,47
forjado_reticular,diagonal_45,cerrada_fina,esquinas,multiples_distintos_planos,se_cierra_al_alejarse,no_hay,normal,poroso,parcialmente,no_visible,correctos,menos_5,industrial,subita_reciente,normal,recien_desencofrada,no,solido,salpicadura,75
pilar,red_mapa,cerrada_fina,cabeza,unica,aparecio_de_golpe,desmoronandose,manchas_blancas,poroso,completamente,manchas_oxido,correctos,mas_50,sumergido,subita_reciente,sobrecarga,original,no,solido,humedo,11
pilar,diagonal_45,media,cabeza,ramificada,se_cierra_al_descender,no_hay,normal,normal,parcialmente,oxidada_visible,correctos,5_a_20,sumergido,primeras_semanas,sobrecarga,original,flecha_abajo,hueco,seco,13
viga,horizontal,abierta,esquinas,multiples_paralelas,se_cierra_al_alejarse,no_hay,manchas_oxido,normal,no,manchas_oxido,desplazados,5_a_20,industrial,anos_despues,normal,original,desplazamiento_lateral,hueco,seco,31
voladizo,diagonal_45,media,esquinas,multiples_distintos_planos,estable,no_hay,manchas_oxido,normal,no,no_visible,correctos,menos_5,interior,durante_construccion,normal,original,no,solido,seco,75
forjado_unidireccional,vertical,cerrada_fina,centro,periodica,se_cierra_al_alejarse,desmoronandose,oscurecido,disgregado,no,manchas_oxido,correctos,menos_5,costero_marino,anos_despues,normal,original,flecha_abajo,solido,seco,60
viga,diagonal_45,media,esquinas,multiples_paralelas,aparecio_de_golpe,no_hay,normal,normal,no,no_visible,separados,20_a_50,industrial,anos_despues,normal,original,desplazamiento_lateral,diferente_zonas,seco,31
forjado_reticular,red_mapa,cerrada_fina,esquinas,multiples_distintos_planos,se_cierra_al_alejarse,no_hay,normal,normal,no,no_visible,correctos,5_a_20,exterior_continental,primeras_semanas,normal,reparada,no,hueco,humedo,73
vigueta,diagonal_45,media,esquinas,ramificada,estable,no_hay,normal,normal,parcialmente,no_visible,ausentes,menos_5,exterior_continental,subita_reciente,normal,original,desplazamiento_lateral,diferente_zonas,humedo,78
forjado_unidireccional,diagonal_45,media,cara_inferior,multiples_paralelas,estable,recubrimiento_desprendido,normal,normal,parcialmente,no_visible,correctos,5_a_20,interior,durante_construccion,sobrecarga,original,no,solido,seco,71
voladizo,vertical,grieta_separacion,perimetro,ramificada,estable,recubrimiento_desprendido,normal,poroso,parcialmente,manchas_oxido,correctos,5_a_20,exterior_continental,subita_reciente,sobrecarga,original,no,hueco,seco,46
viga,diagonal_45,media,ambas_caras,ramificada,estable,no_hay,normal,normal,no,no_visible,separados,20_a_50,sumergido,subita_reciente,normal,reforzada,flecha_abajo,diferente_zonas,seco,31
cimentacion_zapata,vertical,media,ambas_caras,multiples_paralelas,estable,recubrimiento_desprendido,normal,poroso,no,manchas_oxido,correctos,20_a_50,exterior_continental,anos_despues,normal,reparada,aplastamiento,diferente_zonas,seco,95
voladizo,vertical,cerrada_fina,cara_inferior,ramificada,se_abre_con_tiempo,desmoronandose,normal,poroso,no,no_visible,correctos,5_a_20,exterior_continental,anos_despues,normal,reparada,desplazamiento_lateral,solido,humedo,60
pilar,vertical,media,ambas_caras,unica,aparecio_de_golpe,no_hay,normal,normal,no,manchas_oxido,correctos,mas_50,exterior_continental,subita_reciente,sobrecarga,original,flecha_abajo,diferente_zonas,seco,7
viga,horizontal,media,cabeza,ramificada,se_abre_con_tiempo,no_hay,normal,poroso,completamente,oxidada_visible,correctos,mas_50,interior,primeros_meses,normal,original,flecha_abajo,hueco,seco,13
forjado_reticular,red_mapa,abierta,perimetro,unica,aparecio_de_golpe,perdida_seccion,normal,disgregado,parcialmente,manchas_oxido,ausentes,mas_50,exterior_continental,durante_construccion,normal,original,giro_inclinacion,hueco,seco,53
viga,diagonal_45,media,cabeza,multiples_paralelas,se_cierra_al_descender,no_hay,normal,poroso,no,no_visible,separados,menos_5,sumergido,anos_despues,sobrecarga,original,desplazamiento_lateral,solido,seco,31
viga,diagonal_45_75,media,union_otro_elemento,multiples_distintos_planos,se_cierra_al_descender,recubrimiento_desprendido,normal,normal,parcialmente,manchas_oxido,correctos,menos_5,exterior_continental,durante_construccion,sobrecarga,original,flecha_abajo,hueco,seco,18
cimentacion_zapata,diagonal_45_75,media,base,unica,se_cierra_al_alejarse,no_hay,normal,normal,no,no_visible,correctos,5_a_20,sumergido,subita_reciente,normal,recien_desencofrada,desplazamiento_lateral,diferente_zonas,seco,85
viga,diagonal_45,media,centro,multiples_paralelas,se_cierra_al_descender,no_hay,normal,normal,no,no_visible,correctos,menos_5,exterior_continental,subita_reciente,impacto_sismo,reforzada,giro_inclinacion,solido,salpicadura,64
voladizo,diagonal_45_75,cerrada_fina,union_otro_elemento,multiples_distintos_planos,se_abre_con_tiempo,no_hay,normal,normal,no,no_visible,correctos,menos_5,industrial,subita_reciente,normal,original,no,diferente_zonas,seco,47
forjado_reticular,horizontal,media,base,multiples_paralelas,estable,no_hay,normal,normal,no,manchas_oxido,correctos,menos_5,industrial,durante_construccion,normal,recien_desencofrada,flecha_abajo,diferente_zonas,seco,49
voladizo,vertical,cerrada_fina,cara_inferior,multiples_paralelas,se_cierra_al_alejarse,no_hay,normal,normal,parcialmente,oxidada_visible,correctos,menos_5,costero_marino,subita_reciente,normal,reparada,flecha_abajo,diferente_zonas,humedo,45
mensula,vertical,cerrada_fina,union_otro_elemento,periodica,se_abre_con_tiempo,no_hay,oscurecido,normal,no,no_visible,correctos,menos_5,industrial,anos_despues,sobrecarga,original,no,diferente_zonas,seco,81
voladizo,vertical,cerrada_fina,perimetro,multiples_distintos_planos,se_cierra_al_alejarse,no_hay,normal,poroso,no,manchas_oxido,correctos,5_a_20,interior,anos_despues,sobrecarga,original,no,solido,humedo,67
viga,horizontal,cerrada_fina,base,unica,se_cierra_al_descender,no_hay,oscurecido,normal,no,no_visible,correctos,menos_5,interior,durante_construccion,normal,reparada,no,solido,salpicadura,27
pilar,vertical,abierta,ambas_caras,multiples_paralelas,aparecio_de_golpe,recubrimiento_desprendido,normal,humedo_filtraciones,parcialmente,manchas_oxido,ausentes,menos_5,industrial,subita_reciente,impacto_sismo,original,flecha_abajo,solido,seco,3
viga,horizontal,cerrada_fina,base,multiples_paralelas,se_cierra_al_descender,no_hay,manchas_blancas,normal,parcialmente,oxidada_visible,correctos,5_a_20,exterior_continental,primeros_meses,normal,recien_desencofrada,flecha_abajo,diferente_zonas,salpicadura,26
forjado_reticular,horizontal,cerrada_fina,cara_inferior,unica,estable,no_hay,normal,normal,no,no_visible,correctos,menos_5,exterior_continental,anos_despues,impacto_sismo,recien_desencofrada,aplastamiento,diferente_zonas,filtracion_activa,73
pilar,horizontal,abierta,esquinas,multiples_paralelas,aparecio_de_golpe,recubrimiento_desprendido,normal,normal,parcialmente,no_visible,separados,5_a_20,costero_marino,durante_construccion,descarga,recien_desencofrada,desplazamiento_lateral,diferente_zonas,seco,8
tabique_cerramiento,horizontal,cerrada_fina,cara_inferior,multiples_paralelas,se_cierra_al_alejarse,no_hay,normal,normal,no,no_visible,correctos,menos_5,interior,primeras_semanas,sobrecarga,reforzada,flecha_abajo,diferente_zonas,seco,57
mensula,vertical,abierta,base,periodica,estable,no_hay,normal,normal,parcialmente,oxidada_visible,correctos,20_a_50,interior,anos_despues,normal,original,flecha_abajo,hueco,seco,33
tabique_cerramiento,diagonal_45_75,cerrada_fina,cabeza,ramificada,se_cierra_al_alejarse,no_hay,manchas_blancas,normal,no,no_visible,ausentes,5_a_20,industrial,anos_despues,normal,reforzada,no,solido,seco,75
forjado_unidireccional,vertical,cerrada_fina,esquinas,unica,aparecio_de_golpe,no_hay,manchas_oxido,humedo_filtraciones,completamente,no_visible,separados,menos_5,sumergido,durante_construccion,normal,original,no,solido,humedo,25
vigueta,sin_fisura,cerrada_fina,base,unica,estable,no_hay,normal,poroso,no,no_visible,correctos,5_a_20,interior,primeras_semanas,sobrecarga,original,desplazamiento_lateral,diferente_zonas,seco,42
voladizo,diagonal_45,abierta,centro,periodica,se_cierra_al_alejarse,desmoronandose,oscurecido,disgregado,parcialmente,oxidada_visible,correctos,mas_50,interior,primeras_semanas,normal,original,no,solido,salpicadura,48
muro,horizontal,grieta_separacion,base,unica,se_cierra_al_alejarse,no_hay,normal,normal,no,no_visible,separados,menos_5,costero_marino,anos_despues,normal,reforzada,desplazamiento_lateral,solido,seco,81
vigueta,sin_fisura,cerrada_fina,perimetro,unica,estable,no_hay,normal,poroso,parcialmente,manchas_oxido,correctos,menos_5,exterior_continental,primeros_meses,normal,original,flecha_abajo,diferente_zonas,seco,78
viga,vertical,media,ambas_caras,multiples_distintos_planos,estable,no_hay,normal,normal,no,no_visible,separados,menos_5,exterior_continental,primeros_meses,sobrecarga,original,desplazamiento_lateral,diferente_zonas,humedo,16
vigueta,diagonal_45_75,abierta,centro,unica,aparecio_de_golpe,recubrimiento_desprendido,oscurecido,normal,parcialmente,manchas_oxido,separados,menos_5,exterior_continental,subita_reciente,sobrecarga,original,no,hueco,humedo,44
forjado_reticular,vertical,cerrada_fina,base,multiples_paralelas,aparecio_de_golpe,no_hay,manchas_blancas,humedo_filtraciones,no,manchas_oxido,correctos,5_a_20,costero_marino,subita_reciente,normal,original,no,solido,humedo,79
pilar,vertical,grieta_separacion,esquinas,unica,se_cierra_al_alejarse,recubrimiento_desprendido,normal,normal,parcialmente,no_visible,correctos,mas_50,sumergido,subita_reciente,sobrecarga,reforzada,flecha_abajo,diferente_zonas,seco,4
cimentacion_zapata,red_mapa,media,centro,ramificada,estable,perdida_seccion,normal,normal,no,no_visible,correctos,menos_5,interior,primeros_meses,descarga,original,no,diferente_zonas,seco,94
viga,vertical,cerrada_fina,union_otro_elemento,multiples_distintos_planos,aparecio_de_golpe,no_hay,normal,poroso,parcialmente,no_visible,correctos,5_a_20,exterior_continental,primeros_meses,descarga,original,no,diferente_zonas,humedo,42
cimentacion_zapata,diagonal_45_75,grieta_separacion,esquinas,unica,aparecio_de_golpe,recubrimiento_desprendido,manchas_oxido,normal,completamente,oxidada_visible,ausentes,5_a_20,exterior_continental,primeras_semanas,normal,original,desplazamiento_lateral,diferente_zonas,seco,84
pilar,diagonal_45_75,grieta_separacion,cabeza,periodica,estable,recubrimiento_desprendido,normal,normal,parcialmente,no_visible,desplazados,menos_5,exterior_continental,primeras_semanas,normal,original,desplazamiento_lateral,diferente_zonas,humedo,8
viga,diagonal_45_75,abierta,cara_inferior,unica,se_abre_con_tiempo,no_hay,oscurecido,normal,no,manchas_oxido,correctos,5_a_20,sumergido,subita_reciente,normal,original,no,solido,seco,64
cimentacion_zapata,vertical,abierta,cabeza,periodica,estable,desmoronandose,normal,disgregado,no,no_visible,separados,5_a_20,sumergido,primeros_meses,normal,original,aplastamiento,diferente_zonas,seco,95
forjado_unidireccional,diagonal_45_75,media,perimetro,multiples_paralelas,se_abre_con_tiempo,no_hay,normal,normal,no,no_visible,correctos,mas_50,exterior_continental,durante_construccion,descarga,original,desplazamiento_lateral,solido,humedo,54
muro,diagonal_45,cerrada_fina,cabeza,periodica,aparecio_de_golpe,no_hay,normal,poroso,no,no_visible,correctos,mas_50,exterior_continental,primeras_semanas,normal,original,giro_inclinacion,hueco,humedo,96
forjado_unidireccional,vertical,media,union_otro_elemento,ramificada,estable,no_hay,normal,normal,no,no_visible,ausentes,mas_50,costero_marino,primeras_semanas,normal,original,no,diferente_zonas,seco,72
mensula,vertical,media,cara_inferior,ramificada,se_cierra_al_descender,no_hay,normal,normal,no,manchas_oxido,correctos,5_a_20,exterior_continental,primeras_semanas,normal,reparada,no,solido,humedo,33
forjado_reticular,red_mapa,media,perimetro,ramificada,se_cierra_al_alejarse,no_hay,normal,normal,no,no_visible,correctos,20_a_50,interior,primeros_meses,sobrecarga,original,flecha_abajo,solido,seco,54
pilar,horizontal,media,cara_inferior,multiples_paralelas,se_cierra_al_alejarse,no_hay,manchas_oxido,normal,parcialmente,oxidada_visible,correctos,5_a_20,exterior_continental,durante_construccion,sobrecarga,reforzada,desplazamiento_lateral,diferente_zonas,salpicadura,15
viga,vertical,cerrada_fina,cara_inferior,ramificada,se_cierra_al_descender,no_hay,normal,normal,completamente,oxidada_visible,correctos,20_a_50,costero_marino,anos_despues,descarga,original,no,diferente_zonas,seco,63
cimentacion_zapata,vertical,media,base,ramificada,se_cierra_al_alejarse,no_hay,normal,normal,no,no_visible,separados,menos_5,industrial,anos_despues,normal,original,no,solido,humedo,83
forjado_unidireccional,diagonal_45,abierta,base,multiples_distintos_planos,se_abre_con_tiempo,perdida_seccion,oscurecido,normal,completamente,perdida_seccion,correctos,mas_50,exterior_continental,subita_reciente,normal,reparada,no,hueco,seco,84
forjado_reticular,diagonal_45_75,abierta,union_otro_elemento,periodica,se_abre_con_tiempo,no_hay,normal,humedo_filtraciones,parcialmente,oxidada_visible,correctos,5_a_20,costero_marino,durante_construccion,sobrecarga,original,no,diferente_zonas,humedo,43
forjado_unidireccional,diagonal_45_75,cerrada_fina,base,multiples_distintos_planos,se_cierra_al_alejarse,no_hay,normal,normal,no,no_visible,correctos,mas_50,industrial,primeros_meses,normal,original,no,solido,filtracion_activa,59
mensula,horizontal,media,base,unica,se_cierra_al_descender,recubrimiento_desprendido,oscurecido,normal,parcialmente,manchas_oxido,correctos,menos_5,industrial,durante_construccion,normal,original,desplazamiento_lateral,solido,seco,33
pilar,horizontal,grieta_separacion,cabeza,unica,se_cierra_al_descender,recubrimiento_desprendido,manchas_blancas,normal,no,no_visible,correctos,20_a_50,costero_marino,anos_despues,normal,reforzada,desplazamiento_lateral,hueco,seco,4
cimentacion_zapata,red_mapa,media,cabeza,ramificada,aparecio_de_golpe,no_hay,manchas_oxido,normal,no,no_visible,correctos,5_a_20,costero_marino,anos_despues,normal,original,desplazamiento_lateral,diferente_zonas,seco,89
tabique_cerramiento,diagonal_45_75,cerrada_fina,cara_inferior,periodica,estable,no_hay,normal,humedo_filtraciones,no,no_visible,correctos,5_a_20,exterior_continental,primeros_meses,normal,reforzada,no,solido,humedo,77
viga,vertical,cerrada_fina,cabeza,unica,aparecio_de_golpe,recubrimiento_desprendido,manchas_oxido,humedo_filtraciones,no,no_visible,correctos,menos_5,industrial,anos_despues,impacto_sismo,original,no,hueco,humedo,65
viga,red_mapa,media,union_otro_elemento,ramificada,aparecio_de_golpe,recubrimiento_desprendido,normal,poroso,parcialmente,oxidada_visible,separados,5_a_20,industrial,subita_reciente,normal,original,desplazamiento_lateral,diferente_zonas,seco,22
voladizo,vertical,media,centro,ramificada,se_abre_con_tiempo,perdida_seccion,normal,normal,parcialmente,manchas_oxido,correctos,20_a_50,interior,subita_reciente,normal,reparada,no,hueco,humedo,46
vigueta,horizontal,media,cabeza,multiples_paralelas,se_cierra_al_alejarse,recubrimiento_desprendido,normal,poroso,parcialmente,manchas_oxido,correctos,menos_5,sumergido,durante_construccion,descarga,recien_desencofrada,giro_inclinacion,hueco,humedo,41
forjado_reticular,vertical,media,ambas_caras,unica,estable,no_hay,manchas_blancas,poroso,no,no_visible,correctos,menos_5,exterior_continental,durante_construccion,normal,recien_desencofrada,no,solido,humedo,52
pilar,horizontal,media,base,ramificada,aparecio_de_golpe,no_hay,manchas_blancas,normal,completamente,manchas_oxido,correctos,5_a_20,costero_marino,durante_construccion,sobrecarga,original,desplazamiento_lateral,solido,seco,7
pilar,horizontal,media,base,multiples_paralelas,se_cierra_al_alejarse,no_hay,normal,poroso,no,no_visible,correctos,menos_5,interior,subita_reciente,impacto_sismo,original,no,diferente_zonas,humedo,16
vigueta,horizontal,media,ambas_caras,unica,aparecio_de_golpe,recubrimiento_desprendido,normal,normal,completamente,oxidada_visible,ausentes,20_a_50,exterior_continental,subita_reciente,sobrecarga,original,desplazamiento_lateral,diferente_zonas,seco,44
viga,sin_fisura,cerrada_fina,union_otro_elemento,unica,estable,no_hay,normal,humedo_filtraciones,no,manchas_oxido,correctos,menos_5,costero_marino,anos_despues,normal,original,desplazamiento_lateral,diferente_zonas,humedo,26
forjado_unidireccional,diagonal_45,cerrada_fina,esquinas,multiples_paralelas,se_cierra_al_alejarse,perdida_seccion,manchas_oxido,normal,completamente,no_visible,correctos,20_a_50,industrial,primeros_meses,sobrecarga,original,flecha_abajo,hueco,seco,56
pilar,diagonal_45_75,abierta,esquinas,ramificada,se_cierra_al_descender,recubrimiento_desprendido,normal,normal,no,no_visible,desplazados,menos_5,sumergido,primeras_semanas,normal,original,giro_inclinacion,solido,salpicadura,8
mensula,diagonal_45,grieta_separacion,cabeza,multiples_distintos_planos,se_cierra_al_descender,perdida_seccion,oscurecido,normal,no,no_visible,correctos,20_a_50,exterior_continental,durante_construccion,sobrecarga,original,flecha_abajo,diferente_zonas,seco,34
muro,red_mapa,media,base,ramificada,se_cierra_al_descender,no_hay,manchas_blancas,humedo_filtraciones,no,no_visible,correctos,20_a_50,costero_marino,primeros_meses,normal,recien_desencofrada,no,diferente_zonas,humedo,87
pilar,diagonal_45_75,abierta,esquinas,periodica,se_cierra_al_alejarse,recubrimiento_desprendido,normal,normal,completamente,no_visible,desplazados,menos_5,costero_marino,durante_construccion,normal,recien_desencofrada,desplazamiento_lateral,hueco,seco,8
tabique_cerramiento,diagonal_45_75,cerrada_fina,esquinas,unica,estable,no_hay,manchas_blancas,poroso,parcialmente,manchas_oxido,correctos,5_a_20,exterior_continental,primeros_meses,sobrecarga,original,no,solido,filtracion_activa,77
muro,diagonal_45,media,ambas_caras,unica,se_abre_con_tiempo,no_hay,normal,normal,no,no_visible,correctos,mas_50,costero_marino,anos_despues,sobrecarga,reparada,no,diferente_zonas,seco,96
vigueta,red_mapa,abierta,esquinas,multiples_distintos_planos,aparecio_de_golpe,no_hay,manchas_oxido,poroso,parcialmente,manchas_oxido,correctos,mas_50,sumergido,primeras_semanas,impacto_sismo,original,flecha_abajo,solido,humedo,37
vigueta,vertical,abierta,ambas_caras,multiples_distintos_planos,se_abre_con_tiempo,recubrimiento_desprendido,normal,humedo_filtraciones,parcialmente,manchas_oxido,separados,20_a_50,interior,primeras_semanas,normal,original,flecha_abajo,hueco,filtracion_activa,37
tabique_cerramiento,diagonal_45_75,media,perimetro,multiples_distintos_planos,aparecio_de_golpe,no_hay,oscurecido,poroso,no,no_visible,correctos,5_a_20,exterior_continental,anos_despues,normal,reparada,no,solido,seco,68
forjado_unidireccional,vertical,cerrada_fina,cara_inferior,periodica,se_cierra_al_descender,recubrimiento_desprendido,normal,normal,no,no_visible,correctos,5_a_20,exterior_continental,primeras_semanas,normal,reparada,aplastamiento,solido,seco,60
voladizo,vertical,media,cara_inferior,multiples_paralelas,se_cierra_al_descender,no_hay,manchas_oxido,normal,parcialmente,oxidada_visible,correctos,mas_50,sumergido,anos_despues,normal,original,flecha_abajo,diferente_zonas,seco,30
pilar,red_mapa,media,union_otro_elemento,unica,se_cierra_al_alejarse,recubrimiento_desprendido,normal,poroso,no,no_visible,correctos,20_a_50,industrial,primeras_semanas,normal,original,no,hueco,filtracion_activa,2
viga,diagonal_45,cerrada_fina,centro,ramificada,se_cierra_al_alejarse,no_hay,oscurecido,normal,parcialmente,no_visible,correctos,menos_5,industrial,primeras_semanas,normal,reforzada,flecha_abajo,diferente_zonas,seco,71
viga,sin_fisura,cerrada_fina,base,unica,estable,recubrimiento_desprendido,normal,normal,no,no_visible,correctos,menos_5,costero_marino,primeras_semanas,normal,original,no,solido,seco,23
cimentacion_zapata,horizontal,media,base,multiples_paralelas,se_cierra_al_alejarse,recubrimiento_desprendido,normal,normal,no,no_visible,correctos,20_a_50,exterior_continental,anos_despues,normal,original,aplastamiento,solido,seco,95
cimentacion_zapata,diagonal_45,grieta_separacion,cabeza,ramificada,aparecio_de_golpe,recubrimiento_desprendido,oscurecido,poroso,parcialmente,oxidada_visible,correctos,20_a_50,costero_marino,primeros_meses,normal,reforzada,desplazamiento_lateral,solido,seco,84
voladizo,vertical,media,cara_inferior,periodica,se_abre_con_tiempo,no_hay,normal,poroso,parcialmente,manchas_oxido,correctos,20_a_50,costero_marino,subita_reciente,sobrecarga,original,flecha_abajo,hueco,seco,45
viga,horizontal,cerrada_fina,ambas_caras,ramificada,se_cierra_al_descender,no_hay,normal,normal,parcialmente,no_visible,correctos,menos_5,costero_marino,primeras_semanas,impacto_sismo,original,flecha_abajo,solido,seco,61
forjado_reticular,vertical,abierta,centro,multiples_distintos_planos,se_abre_con_tiempo,no_hay,oscurecido,normal,no,manchas_oxido,separados,menos_5,sumergido,primeras_semanas,normal,original,desplazamiento_lateral,diferente_zonas,seco,50
mensula,diagonal_45_75,grieta_separacion,cara_inferior,multiples_distintos_planos,se_abre_con_tiempo,recubrimiento_desprendido,manchas_oxido,poroso,parcialmente,manchas_oxido,correctos,5_a_20,costero_marino,anos_despues,sobrecarga,original,flecha_abajo,diferente_zonas,salpicadura,6
pilar,horizontal,media,esquinas,multiples_paralelas,se_cierra_al_alejarse,no_hay,normal,normal,completamente,manchas_oxido,ausentes,menos_5,sumergido,primeras_semanas,normal,reforzada,desplazamiento_lateral,hueco,seco,13
forjado_reticular,red_mapa,abierta,perimetro,ramificada,aparecio_de_golpe,recubrimiento_desprendido,normal,normal,completamente,manchas_oxido,separados,5_a_20,costero_marino,subita_reciente,normal,original,flecha_abajo,diferente_zonas,seco,53
tabique_cerramiento,horizontal,cerrada_fina,base,ramificada,se_cierra_al_descender,no_hay,normal,humedo_filtraciones,parcialmente,oxidada_visible,correctos,menos_5,exterior_continental,anos_despues,sobrecarga,original,no,solido,humedo,67
pilar,red_mapa,cerrada_fina,esquinas,periodica,se_cierra_al_descender,no_hay,manchas_oxido,humedo_filtraciones,no,no_visible,separados,5_a_20,interior,durante_construccion,normal,recien_desencofrada,no,solido,humedo,10
tabique_cerramiento,diagonal_45_75,cerrada_fina,centro,multiples_distintos_planos,estable,recubrimiento_desprendido,manchas_oxido,humedo_filtraciones,no,no_visible,desplazados,5_a_20,exterior_continental,durante_construccion,sobrecarga,original,no,solido,humedo,67
muro,sin_fisura,cerrada_fina,cara_inferior,unica,estable,recubrimiento_desprendido,normal,normal,completamente,perdida_seccion,correctos,mas_50,exterior_continental,primeras_semanas,normal,original,aplastamiento,solido,seco,39
muro,diagonal_45_75,abierta,union_otro_elemento,unica,se_cierra_al_alejarse,recubrimiento_desprendido,normal,poroso,no,no_visible,separados,5_a_20,industrial,durante_construccion,normal,original,no,solido,seco,86
forjado_reticular,diagonal_45_75,abierta,base,multiples_distintos_planos,se_cierra_al_alejarse,recubrimiento_desprendido,normal,normal,parcialmente,no_visible,separados,20_a_50,sumergido,anos_despues,normal,original,flecha_abajo,diferente_zonas,seco,51
viga,sin_fisura,cerrada_fina,ambas_caras,unica,estable,no_hay,manchas_oxido,humedo_filtraciones,parcialmente,manchas_oxido,correctos,5_a_20,costero_marino,subita_reciente,normal,original,flecha_abajo,diferente_zonas,salpicadura,26
viga,diagonal_45,media,ambas_caras,periodica,aparecio_de_golpe,perdida_seccion,normal,normal,no,manchas_oxido,desplazados,menos_5,exterior_continental,durante_construccion,sobrecarga,recien_desencofrada,giro_inclinacion,hueco,seco,21
vigueta,sin_fisura,cerrada_fina,cabeza,unica,estable,recubrimiento_desprendido,manchas_oxido,normal,no,no_visible,correctos,20_a_50,industrial,primeros_meses,sobrecarga,original,aplastamiento,solido,humedo,58
pilar,diagonal_45_75,cerrada_fina,perimetro,periodica,aparecio_de_golpe,no_hay,manchas_blancas,poroso,no,no_visible,correctos,5_a_20,sumergido,primeras_semanas,normal,original,no,diferente_zonas,humedo,10
forjado_unidireccional,red_mapa,cerrada_fina,perimetro,unica,se_cierra_al_alejarse,recubrimiento_desprendido,normal,normal,no,no_visible,separados,menos_5,costero_marino,durante_construccion,normal,recien_desencofrada,no,solido,humedo,52
muro,diagonal_45,media,base,multiples_paralelas,se_cierra_al_descender,no_hay,normal,normal,no,no_visible,correctos,mas_50,costero_marino,primeros_meses,normal,original,no,diferente_zonas,seco,88
muro,diagonal_45,cerrada_fina,centro,multiples_distintos_planos,estable,no_hay,normal,normal,completamente,oxidada_visible,correctos,menos_5,exterior_continental,primeras_semanas,normal,original,no,solido,salpicadura,71
viga,sin_fisura,cerrada_fina,centro,unica,estable,no_hay,normal,normal,no,manchas_oxido,correctos,menos_5,costero_marino,primeros_meses,normal,recien_desencofrada,no,diferente_zonas,seco,24
viga,sin_fisura,cerrada_fina,perimetro,unica,estable,recubrimiento_desprendido,normal,normal,parcialmente,manchas_oxido,correctos,mas_50,interior,anos_despues,sobrecarga,original,desplazamiento_lateral,diferente_zonas,seco,34
viga,horizontal,media,ambas_caras,periodica,se_cierra_al_descender,no_hay,manchas_oxido,poroso,no,no_visible,correctos,mas_50,costero_marino,anos_despues,normal,original,no,solido,seco,61
tabique_cerramiento,vertical,cerrada_fina,centro,multiples_distintos_planos,se_abre_con_tiempo,no_hay,oscurecido,normal,parcialmente,perdida_seccion,desplazados,mas_50,costero_marino,primeros_meses,sobrecarga,original,no,solido,seco,66
viga,diagonal_45,grieta_separacion,cara_inferior,multiples_distintos_planos,se_abre_con_tiempo,recubrimiento_desprendido,manchas_oxido,normal,completamente,manchas_oxido,correctos,menos_5,costero_marino,subita_reciente,sobrecarga,original,no,hueco,seco,19
pilar,red_mapa,grieta_separacion,esquinas,ramificada,aparecio_de_golpe,desmoronandose,normal,poroso,completamente,manchas_oxido,ausentes,5_a_20,sumergido,subita_reciente,impacto_sismo,original,no,solido,seco,3
vigueta,red_mapa,cerrada_fina,base,multiples_distintos_planos,estable,no_hay,normal,normal,no,no_visible,correctos,20_a_50,costero_marino,primeras_semanas,normal,original,no,solido,seco,39
mensula,diagonal_45,cerrada_fina,union_otro_elemento,unica,se_abre_con_tiempo,no_hay,normal,disgregado,no,no_visible,correctos,menos_5,sumergido,primeros_meses,normal,original,flecha_abajo,solido,seco,61
viga,diagonal_45_75,abierta,cabeza,periodica,aparecio_de_golpe,perdida_seccion,oscurecido,normal,parcialmente,manchas_oxido,separados,5_a_20,industrial,subita_reciente,normal,original,flecha_abajo,hueco,seco,22
voladizo,horizontal,abierta,cara_inferior,periodica,aparecio_de_golpe,no_hay,normal,normal,completamente,perdida_seccion,correctos,mas_50,exterior_continental,durante_construccion,sobrecarga,original,flecha_abajo,hueco,humedo,45
viga,diagonal_45,cerrada_fina,union_otro_elemento,multiples_paralelas,aparecio_de_golpe,no_hay,normal,normal,no,no_visible,correctos,5_a_20,interior,primeras_semanas,normal,original,no,diferente_zonas,seco,23
forjado_unidireccional,horizontal,media,base,multiples_distintos_planos,se_abre_con_tiempo,no_hay,oscurecido,normal,no,no_visible,correctos,mas_50,sumergido,primeras_semanas,sobrecarga,original,no,diferente_zonas,filtracion_activa,72
vigueta,sin_fisura,cerrada_fina,base,unica,estable,no_hay,manchas_blancas,poroso,no,no_visible,correctos,menos_5,sumergido,durante_construccion,normal,recien_desencofrada,no,solido,filtracion_activa,40
pilar,sin_fisura,cerrada_fina,cabeza,unica,estable,recubrimiento_desprendido,normal,normal,parcialmente,no_visible,correctos,5_a_20,exterior_continental,primeras_semanas,descarga,recien_desencofrada,no,solido,humedo,14
viga,vertical,media,perimetro,periodica,se_abre_con_tiempo,no_hay,normal,normal,no,manchas_oxido,correctos,5_a_20,sumergido,anos_despues,normal,original,flecha_abajo,hueco,seco,32
tabique_cerramiento,vertical,cerrada_fina,cabeza,multiples_distintos_planos,estable,no_hay,normal,humedo_filtraciones,parcialmente,no_visible,correctos,5_a_20,costero_marino,primeras_semanas,normal,reforzada,no,diferente_zonas,seco,76
forjado_reticular,vertical,media,base,unica,se_cierra_al_alejarse,recubrimiento_desprendido,normal,normal,parcialmente,manchas_oxido,correctos,5_a_20,costero_marino,anos_despues,normal,original,no,diferente_zonas,seco,59
tabique_cerramiento,horizontal,media,cara_inferior,ramificada,estable,no_hay,normal,poroso,no,manchas_oxido,correctos,5_a_20,interior,primeros_meses,impacto_sismo,original,desplazamiento_lateral,diferente_zonas,seco,16
viga,red_mapa,cerrada_fina,cara_inferior,multiples_paralelas,se_cierra_al_alejarse,no_hay,normal,normal,no,manchas_oxido,correctos,5_a_20,sumergido,subita_reciente,sobrecarga,original,desplazamiento_lateral,hueco,seco,32
pilar,vertical,abierta,cara_inferior,multiples_paralelas,aparecio_de_golpe,perdida_seccion,oscurecido,normal,completamente,no_visible,ausentes,menos_5,industrial,subita_reciente,normal,original,giro_inclinacion,hueco,humedo,5
voladizo,diagonal_45,abierta,union_otro_elemento,periodica,se_abre_con_tiempo,no_hay,normal,normal,parcialmente,no_visible,correctos,20_a_50,interior,primeras_semanas,normal,original,no,solido,seco,61
viga,diagonal_45_75,cerrada_fina,centro,multiples_distintos_planos,se_cierra_al_descender,no_hay,normal,normal,no,no_visible,correctos,5_a_20,interior,primeras_semanas,normal,original,no,solido,seco,68
cimentacion_zapata,diagonal_45,media,esquinas,unica,aparecio_de_golpe,no_hay,normal,humedo_filtraciones,no,no_visible,correctos,20_a_50,sumergido,subita_reciente,sobrecarga,original,desplazamiento_lateral,solido,seco,96
cimentacion_zapata,horizontal,media,centro,multiples_paralelas,se_cierra_al_alejarse,no_hay,normal,normal,completamente,oxidada_visible,correctos,5_a_20,sumergido,primeros_meses,sobrecarga,reforzada,flecha_abajo,diferente_zonas,humedo,45
viga,vertical,abierta,cara_inferior,unica,se_cierra_al_alejarse,no_hay,normal,normal,parcialmente,oxidada_visible,correctos,menos_5,costero_marino,durante_construccion,normal,original,no,diferente_zonas,seco,24
viga,diagonal_45_75,abierta,base,multiples_distintos_planos,se_abre_con_tiempo,no_hay,oscurecido,humedo_filtraciones,no,manchas_oxido,correctos,mas_50,sumergido,durante_construccion,sobrecarga,original,no,diferente_zonas,humedo,37
forjado_reticular,sin_fisura,cerrada_fina,base,unica,estable,no_hay,normal,disgregado,no,no_visible,correctos,mas_50,interior,durante_construccion,normal,original,no,diferente_zonas,seco,59
mensula,diagonal_45_75,cerrada_fina,union_otro_elemento,multiples_paralelas,se_cierra_al_alejarse,recubrimiento_desprendido,normal,normal,parcialmente,no_visible,correctos,menos_5,exterior_continental,durante_construccion,normal,reparada,no,solido,seco,78
forjado_reticular,red_mapa,abierta,perimetro,ramificada,aparecio_de_golpe,desmoronandose,normal,disgregado,parcialmente,manchas_oxido,separados,20_a_50,sumergido,subita_reciente,normal,reparada,desplazamiento_lateral,solido,seco,53
vigueta,horizontal,abierta,centro,multiples_paralelas,se_cierra_al_alejarse,no_hay,normal,poroso,no,no_visible,correctos,20_a_50,exterior_continental,durante_construccion,normal,original,no,diferente_zonas,salpicadura,39
pilar,red_mapa,grieta_separacion,base,ramificada,aparecio_de_golpe,recubrimiento_desprendido,normal,normal,no,manchas_oxido,separados,20_a_50,interior,subita_reciente,normal,reforzada,no,diferente_zonas,seco,22
cimentacion_zapata,diagonal_45,media,cabeza,multiples_paralelas,se_cierra_al_descender,no_hay,manchas_blancas,humedo_filtraciones,no,no_visible,correctos,mas_50,costero_marino,durante_construccion,descarga,original,desplazamiento_lateral,diferente_zonas,filtracion_activa,82
forjado_unidireccional,red_mapa,media,centro,multiples_paralelas,se_cierra_al_alejarse,no_hay,normal,normal,no,manchas_oxido,correctos,5_a_20,interior,primeras_semanas,normal,original,desplazamiento_lateral,hueco,humedo,32
forjado_unidireccional,vertical,cerrada_fina,perimetro,ramificada,estable,recubrimiento_desprendido,manchas_blancas,normal,parcialmente,no_visible,correctos,mas_50,interior,subita_reciente,normal,original,no,solido,seco,66
forjado_unidireccional,diagonal_45,abierta,union_otro_elemento,ramificada,estable,recubrimiento_desprendido,normal,normal,parcialmente,no_visible,correctos,menos_5,costero_marino,primeras_semanas,sobrecarga,original,desplazamiento_lateral,hueco,humedo,56
viga,horizontal,media,esquinas,multiples_paralelas,estable,no_hay,normal,normal,no,no_visible,ausentes,menos_5,industrial,subita_reciente,impacto_sismo,original,desplazamiento_lateral,solido,seco,16
tabique_cerramiento,horizontal,abierta,ambas_caras,multiples_distintos_planos,se_abre_con_tiempo,recubrimiento_desprendido,normal,normal,no,manchas_oxido,correctos,menos_5,costero_marino,primeras_semanas,descarga,reparada,no,solido,seco,63
vigueta,sin_fisura,cerrada_fina,ambas_caras,unica,estable,no_hay,normal,humedo_filtraciones,parcialmente,oxidada_visible,correctos,20_a_50,costero_marino,durante_construccion,sobrecarga,original,aplastamiento,diferente_zonas,salpicadura,43
muro,red_mapa,cerrada_fina,union_otro_elemento,periodica,se_cierra_al_descender,no_hay,normal,normal,parcialmente,no_visible,correctos,menos_5,exterior_continental,durante_construccion,normal,reforzada,no,diferente_zonas,humedo,94
pilar,horizontal,media,esquinas,unica,estable,recubrimiento_desprendido,normal,normal,parcialmente,manchas_oxido,correctos,mas_50,industrial,primeras_semanas,normal,original,no,solido,seco,4
cimentacion_zapata,diagonal_45,media,perimetro,unica,aparecio_de_golpe,no_hay,normal,normal,no,no_visible,correctos,mas_50,interior,primeros_meses,normal,recien_desencofrada,flecha_abajo,hueco,seco,96
cimentacion_zapata,horizontal,media,ambas_caras,ramificada,estable,recubrimiento_desprendido,normal,normal,no,no_visible,separados,20_a_50,industrial,anos_despues,sobrecarga,original,no,diferente_zonas,seco,91
vigueta,vertical,cerrada_fina,union_otro_elemento,unica,se_cierra_al_descender,no_hay,normal,normal,completamente,no_visible,separados,menos_5,industrial,primeros_meses,normal,reparada,flecha_abajo,solido,seco,36
viga,sin_fisura,cerrada_fina,centro,unica,estable,no_hay,manchas_oxido,humedo_filtraciones,no,no_visible,correctos,menos_5,costero_marino,anos_despues,sobrecarga,reforzada,no,solido,humedo,67
viga,sin_fisura,cerrada_fina,perimetro,unica,estable,recubrimiento_desprendido,normal,poroso,parcialmente,manchas_oxido,separados,menos_5,costero_marino,primeros_meses,normal,original,flecha_abajo,diferente_zonas,seco,19
forjado_unidireccional,horizontal,media,ambas_caras,ramificada,se_cierra_al_alejarse,recubrimiento_desprendido,normal,poroso,no,manchas_oxido,separados,menos_5,interior,anos_despues,normal,recien_desencofrada,no,hueco,seco,54
cimentacion_zapata,vertical,abierta,base,periodica,estable,desmoronandose,normal,disgregado,no,no_visible,correctos,5_a_20,exterior_continental,primeros_meses,normal,reparada,aplastamiento,hueco,seco,95
vigueta,diagonal_45_75,media,base,ramificada,se_cierra_al_descender,no_hay,normal,poroso,no,no_visible,separados,mas_50,industrial,durante_construccion,sobrecarga,original,flecha_abajo,hueco,seco,88
pilar,diagonal_45,grieta_separacion,esquinas,periodica,aparecio_de_golpe,perdida_seccion,normal,poroso,completamente,manchas_oxido,separados,menos_5,interior,durante_construccion,sobrecarga,original,desplazamiento_lateral,diferente_zonas,seco,1
cimentacion_zapata,vertical,media,base,periodica,se_cierra_al_alejarse,no_hay,normal,normal,no,manchas_oxido,correctos,5_a_20,industrial,primeros_meses,descarga,original,no,hueco,seco,81
pilar,horizontal,media,cabeza,unica,aparecio_de_golpe,recubrimiento_desprendido,normal,normal,no,no_visible,correctos,20_a_50,industrial,anos_despues,impacto_sismo,reforzada,flecha_abajo,diferente_zonas,seco,4
vigueta,sin_fisura,cerrada_fina,cabeza,unica,estable,recubrimiento_desprendido,manchas_oxido,normal,no,manchas_oxido,separados,20_a_50,costero_marino,durante_construccion,sobrecarga,original,flecha_abajo,hueco,seco,44
forjado_unidireccional,red_mapa,media,esquinas,periodica,aparecio_de_golpe,recubrimiento_desprendido,normal,normal,no,manchas_oxido,desplazados,5_a_20,interior,subita_reciente,normal,original,no,diferente_zonas,seco,22
voladizo,diagonal_45_75,cerrada_fina,base,multiples_paralelas,se_cierra_al_alejarse,no_hay,manchas_oxido,normal,no,no_visible,correctos,5_a_20,industrial,subita_reciente,normal,recien_desencofrada,flecha_abajo,solido,humedo,47
forjado_reticular,horizontal,grieta_separacion,base,multiples_paralelas,estable,perdida_seccion,normal,normal,parcialmente,manchas_oxido,correctos,20_a_50,costero_marino,anos_despues,sobrecarga,original,flecha_abajo,hueco,seco,56
viga,diagonal_45,cerrada_fina,union_otro_elemento,multiples_paralelas,estable,no_hay,normal,normal,no,no_visible,correctos,menos_5,interior,primeros_meses,normal,original,flecha_abajo,solido,seco,23
pilar,horizontal,media,union_otro_elemento,periodica,se_abre_con_tiempo,recubrimiento_desprendido,normal,normal,completamente,oxidada_visible,correctos,20_a_50,costero_marino,anos_despues,impacto_sismo,original,no,diferente_zonas,seco,9
viga,diagonal_45,media,esquinas,unica,se_cierra_al_descender,no_hay,normal,normal,no,no_visible,separados,mas_50,costero_marino,anos_despues,normal,original,giro_inclinacion,diferente_zonas,seco,31
muro,diagonal_45_75,cerrada_fina,centro,ramificada,se_cierra_al_descender,recubrimiento_desprendido,normal,normal,parcialmente,no_visible,correctos,menos_5,exterior_continental,anos_despues,sobrecarga,original,aplastamiento,solido,humedo,93
pilar,diagonal_45,media,union_otro_elemento,multiples_distintos_planos,estable,recubrimiento_desprendido,normal,poroso,parcialmente,manchas_oxido,correctos,5_a_20,industrial,primeras_semanas,normal,original,no,solido,seco,12
tabique_cerramiento,red_mapa,media,perimetro,ramificada,estable,no_hay,normal,normal,parcialmente,no_visible,correctos,menos_5,sumergido,primeras_semanas,descarga,original,no,diferente_zonas,seco,94
tabique_cerramiento,vertical,abierta,union_otro_elemento,ramificada,estable,recubrimiento_desprendido,normal,normal,parcialmente,oxidada_visible,correctos,menos_5,industrial,primeros_meses,sobrecarga,original,no,diferente_zonas,seco,19
vigueta,red_mapa,grieta_separacion,perimetro,ramificada,aparecio_de_golpe,recubrimiento_desprendido,manchas_oxido,normal,no,manchas_oxido,separados,20_a_50,interior,durante_construccion,sobrecarga,reparada,no,hueco,humedo,44
viga,diagonal_45_75,media,cara_inferior,unica,se_cierra_al_alejarse,no_hay,manchas_blancas,poroso,no,manchas_oxido,correctos,mas_50,sumergido,subita_reciente,normal,original,no,diferente_zonas,seco,24
vigueta,horizontal,cerrada_fina,cabeza,periodica,aparecio_de_golpe,no_hay,normal,normal,no,no_visible,separados,menos_5,industrial,anos_despues,normal,recien_desencofrada,no,solido,seco,42
cimentacion_zapata,horizontal,media,perimetro,multiples_paralelas,se_cierra_al_alejarse,recubrimiento_desprendido,oscurecido,normal,no,no_visible,correctos,mas_50,industrial,primeros_meses,normal,original,aplastamiento,solido,seco,95
tabique_cerramiento,red_mapa,media,centro,ramificada,se_cierra_al_descender,no_hay,normal,poroso,no,no_visible,correctos,5_a_20,costero_marino,primeros_meses,normal,original,no,solido,humedo,68
pilar,horizontal,grieta_separacion,centro,unica,se_abre_con_tiempo,recubrimiento_desprendido,normal,normal,completamente,no_visible,desplazados,menos_5,costero_marino,durante_construccion,sobrecarga,recien_desencofrada,giro_inclinacion,diferente_zonas,humedo,8
mensula,diagonal_45_75,grieta_separacion,union_otro_elemento,multiples_distintos_planos,se_cierra_al_descender,perdida_seccion,normal,normal,parcialmente,oxidada_visible,ausentes,mas_50,industrial,subita_reciente,sobrecarga,original,desplazamiento_lateral,solido,humedo,35
pilar,horizontal,abierta,esquinas,multiples_distintos_planos,aparecio_de_golpe,no_hay,oscurecido,normal,completamente,no_visible,separados,menos_5,exterior_continental,primeras_semanas,descarga,recien_desencofrada,flecha_abajo,diferente_zonas,seco,14
voladizo,diagonal_45,media,cara_inferior,ramificada,aparecio_de_golpe,recubrimiento_desprendido,normal,normal,parcialmente,no_visible,correctos,mas_50,sumergido,primeras_semanas,sobrecarga,original,no,solido,seco,64
vigueta,diagonal_45_75,abierta,esquinas,periodica,aparecio_de_golpe,recubrimiento_desprendido,normal,normal,no,manchas_oxido,separados,mas_50,interior,subita_reciente,sobrecarga,reforzada,no,diferente_zonas,seco,44
forjado_unidireccional,diagonal_45_75,media,cabeza,multiples_paralelas,estable,recubrimiento_desprendido,normal,normal,no,no_visible,correctos,menos_5,exterior_continental,primeros_meses,normal,recien_desencofrada,no,solido,seco,78
muro,vertical,cerrada_fina,base,periodica,aparecio_de_golpe,no_hay,normal,normal,no,no_visible,separados,mas_50,interior,durante_construccion,sobrecarga,reforzada,no,solido,seco,76
voladizo,vertical,grieta_separacion,cara_inferior,periodica,se_cierra_al_alejarse,recubrimiento_desprendido,normal,normal,completamente,manchas_oxido,correctos,menos_5,costero_marino,durante_construccion,normal,original,desplazamiento_lateral,diferente_zonas,seco,46
vigueta,red_mapa,abierta,esquinas,unica,se_cierra_al_descender,recubrimiento_desprendido,oscurecido,normal,parcialmente,no_visible,ausentes,menos_5,exterior_continental,durante_construccion,normal,recien_desencofrada,desplazamiento_lateral,diferente_zonas,seco,8
pilar,sin_fisura,cerrada_fina,cabeza,unica,estable,perdida_seccion,normal,normal,completamente,no_visible,separados,menos_5,industrial,durante_construccion,sobrecarga,recien_desencofrada,giro_inclinacion,diferente_zonas,seco,8
viga,diagonal_45_75,abierta,centro,multiples_distintos_planos,se_abre_con_tiempo,recubrimiento_desprendido,normal,normal,no,manchas_oxido,correctos,20_a_50,sumergido,durante_construccion,normal,reparada,no,diferente_zonas,seco,18
forjado_reticular,diagonal_45_75,grieta_separacion,union_otro_elemento,unica,se_cierra_al_alejarse,perdida_seccion,oscurecido,poroso,completamente,no_visible,desplazados,menos_5,exterior_continental,primeras_semanas,normal,recien_desencofrada,desplazamiento_lateral,diferente_zonas,seco,8
mensula,diagonal_45_75,cerrada_fina,centro,multiples_paralelas,se_cierra_al_alejarse,no_hay,normal,normal,parcialmente,no_visible,correctos,5_a_20,interior,subita_reciente,sobrecarga,original,no,diferente_zonas,seco,71
vigueta,sin_fisura,cerrada_fina,ambas_caras,unica,estable,perdida_seccion,normal,normal,parcialmente,manchas_oxido,separados,menos_5,exterior_continental,subita_reciente,sobrecarga,original,flecha_abajo,solido,seco,44
forjado_unidireccional,red_mapa,media,ambas_caras,multiples_paralelas,estable,perdida_seccion,normal,normal,completamente,oxidada_visible,correctos,5_a_20,interior,durante_construccion,normal,recien_desencofrada,flecha_abajo,solido,seco,49
muro,vertical,media,centro,ramificada,estable,recubrimiento_desprendido,normal,normal,no,manchas_oxido,correctos,menos_5,costero_marino,primeros_meses,normal,recien_desencofrada,desplazamiento_lateral,diferente_zonas,seco,74
forjado_unidireccional,horizontal,cerrada_fina,cara_inferior,periodica,se_cierra_al_descender,no_hay,normal,normal,no,no_visible,correctos,menos_5,interior,subita_reciente,normal,original,no,diferente_zonas,seco,61
viga,diagonal_45,grieta_separacion,ambas_caras,unica,aparecio_de_golpe,recubrimiento_desprendido,normal,normal,completamente,manchas_oxido,separados,5_a_20,exterior_continental,anos_despues,normal,original,no,diferente_zonas,seco,19
tabique_cerramiento,horizontal,cerrada_fina,base,periodica,se_cierra_al_alejarse,recubrimiento_desprendido,manchas_blancas,normal,no,no_visible,correctos,menos_5,sumergido,durante_construccion,normal,recien_desencofrada,no,solido,humedo,40
viga,red_mapa,media,union_otro_elemento,ramificada,aparecio_de_golpe,no_hay,manchas_oxido,normal,completamente,manchas_oxido,correctos,mas_50,costero_marino,subita_reciente,normal,original,desplazamiento_lateral,solido,seco,30
muro,diagonal_45,media,union_otro_elemento,ramificada,estable,no_hay,normal,poroso,no,no_visible,separados,5_a_20,costero_marino,primeros_meses,normal,original,no,diferente_zonas,seco,93
viga,red_mapa,media,ambas_caras,multiples_paralelas,se_cierra_al_descender,recubrimiento_desprendido,normal,poroso,parcialmente,manchas_oxido,correctos,menos_5,industrial,subita_reciente,normal,original,no,diferente_zonas,humedo,32
forjado_unidireccional,horizontal,cerrada_fina,perimetro,ramificada,estable,no_hay,manchas_blancas,normal,no,no_visible,correctos,5_a_20,costero_marino,primeras_semanas,normal,recien_desencofrada,no,solido,seco,52
forjado_reticular,sin_fisura,cerrada_fina,base,unica,estable,recubrimiento_desprendido,normal,normal,completamente,manchas_oxido,correctos,20_a_50,interior,durante_construccion,impacto_sismo,original,no,diferente_zonas,humedo,56
vigueta,diagonal_45,cerrada_fina,union_otro_elemento,multiples_paralelas,estable,no_hay,normal,normal,parcialmente,oxidada_visible,correctos,menos_5,interior,primeras_semanas,normal,recien_desencofrada,no,solido,seco,23
forjado_reticular,red_mapa,grieta_separacion,base,periodica,estable,recubrimiento_desprendido,normal,normal,parcialmente,no_visible,separados,menos_5,exterior_continental,primeras_semanas,impacto_sismo,reforzada,desplazamiento_lateral,hueco,seco,55
pilar,horizontal,grieta_separacion,ambas_caras,ramificada,se_abre_con_tiempo,recubrimiento_desprendido,normal,normal,completamente,manchas_oxido,separados,20_a_50,industrial,subita_reciente,impacto_sismo,original,no,diferente_zonas,seco,3
tabique_cerramiento,vertical,media,base,multiples_paralelas,se_abre_con_tiempo,no_hay,normal,normal,parcialmente,no_visible,correctos,menos_5,sumergido,durante_construccion,normal,recien_desencofrada,no,solido,seco,76
forjado_reticular,diagonal_45,media,cara_inferior,multiples_paralelas,se_cierra_al_alejarse,no_hay,oscurecido,normal,no,no_visible,separados,mas_50,sumergido,primeros_meses,sobrecarga,original,no,solido,seco,64
forjado_reticular,vertical,media,ambas_caras,multiples_distintos_planos,aparecio_de_golpe,no_hay,normal,humedo_filtraciones,parcialmente,no_visible,correctos,mas_50,costero_marino,subita_reciente,normal,reforzada,no,solido,filtracion_activa,80
viga,vertical,cerrada_fina,cara_inferior,unica,se_abre_con_tiempo,no_hay,oscurecido,poroso,parcialmente,no_visible,desplazados,20_a_50,exterior_continental,durante_construccion,sobrecarga,recien_desencofrada,no,solido,humedo,25
pilar,horizontal,media,esquinas,multiples_paralelas,se_abre_con_tiempo,recubrimiento_desprendido,oscurecido,normal,completamente,manchas_oxido,separados,20_a_50,costero_marino,subita_reciente,sobrecarga,recien_desencofrada,flecha_abajo,hueco,humedo,1
viga,red_mapa,abierta,union_otro_elemento,multiples_paralelas,estable,recubrimiento_desprendido,normal,normal,no,manchas_oxido,separados,menos_5,industrial,subita_reciente,impacto_sismo,reparada,flecha_abajo,diferente_zonas,seco,22
vigueta,diagonal_45,abierta,cara_inferior,ramificada,aparecio_de_golpe,recubrimiento_desprendido,normal,normal,no,manchas_oxido,separados,menos_5,exterior_continental,subita_reciente,sobrecarga,original,no,diferente_zonas,humedo,44
mensula,diagonal_45_75,media,esquinas,ramificada,aparecio_de_golpe,perdida_seccion,normal,normal,completamente,manchas_oxido,separados,menos_5,industrial,durante_construccion,sobrecarga,recien_desencofrada,giro_inclinacion,hueco,seco,21
muro,vertical,abierta,base,unica,estable,no_hay,normal,poroso,no,no_visible,correctos,menos_5,interior,subita_reciente,normal,original,no,solido,humedo,83
muro,horizontal,abierta,cabeza,ramificada,estable,no_hay,normal,normal,parcialmente,manchas_oxido,separados,5_a_20,costero_marino,subita_reciente,normal,original,flecha_abajo,diferente_zonas,humedo,13
muro,diagonal_45_75,cerrada_fina,esquinas,ramificada,estable,recubrimiento_desprendido,manchas_blancas,humedo_filtraciones,no,no_visible,correctos,5_a_20,costero_marino,primeras_semanas,sobrecarga,original,no,solido,humedo,77
pilar,red_mapa,cerrada_fina,perimetro,unica,aparecio_de_golpe,no_hay,manchas_oxido,poroso,parcialmente,manchas_oxido,correctos,20_a_50,sumergido,durante_construccion,normal,reforzada,no,solido,humedo,11
tabique_cerramiento,diagonal_45_75,cerrada_fina,centro,multiples_distintos_planos,se_cierra_al_descender,no_hay,normal,normal,parcialmente,oxidada_visible,correctos,mas_50,interior,primeras_semanas,normal,original,desplazamiento_lateral,solido,seco,63
mensula,diagonal_45_75,grieta_separacion,ambas_caras,ramificada,se_cierra_al_alejarse,perdida_seccion,normal,normal,no,no_visible,correctos,mas_50,interior,primeras_semanas,sobrecarga,original,desplazamiento_lateral,diferente_zonas,seco,34
mensula,horizontal,cerrada_fina,cabeza,multiples_distintos_planos,se_cierra_al_descender,no_hay,normal,normal,no,no_visible,correctos,5_a_20,industrial,subita_reciente,normal,original,no,solido,humedo,36
tabique_cerramiento,horizontal,cerrada_fina,cabeza,periodica,aparecio_de_golpe,no_hay,normal,disgregado,no,no_visible,separados,menos_5,exterior_continental,subita_reciente,normal,reforzada,desplazamiento_lateral,solido,seco,73
pilar,red_mapa,abierta,cara_inferior,ramificada,estable,perdida_seccion,manchas_oxido,poroso,parcialmente,manchas_oxido,correctos,20_a_50,costero_marino,anos_despues,normal,original,no,solido,humedo,6
tabique_cerramiento,diagonal_45_75,cerrada_fina,centro,unica,se_cierra_al_alejarse,perdida_seccion,normal,poroso,no,no_visible,separados,5_a_20,exterior_continental,primeras_semanas,normal,original,desplazamiento_lateral,solido,seco,71
pilar,diagonal_45_75,media,cabeza,multiples_paralelas,estable,no_hay,normal,normal,no,no_visible,separados,mas_50,sumergido,subita_reciente,normal,original,no,solido,seco,12
viga,horizontal,abierta,esquinas,multiples_paralelas,se_abre_con_tiempo,recubrimiento_desprendido,manchas_oxido,normal,completamente,oxidada_visible,separados,mas_50,industrial,anos_despues,sobrecarga,original,no,solido,seco,1
mensula,red_mapa,media,esquinas,multiples_paralelas,estable,no_hay,manchas_blancas,poroso,parcialmente,no_visible,separados,mas_50,costero_marino,anos_despues,normal,reparada,no,diferente_zonas,humedo,10
voladizo,vertical,cerrada_fina,cabeza,periodica,aparecio_de_golpe,desmoronandose,normal,disgregado,no,no_visible,correctos,20_a_50,exterior_continental,primeros_meses,sobrecarga,original,aplastamiento,diferente_zonas,seco,58
cimentacion_zapata,diagonal_45,media,cabeza,unica,estable,no_hay,manchas_blancas,normal,no,no_visible,correctos,20_a_50,sumergido,subita_reciente,normal,original,flecha_abajo,diferente_zonas,humedo,92
tabique_cerramiento,sin_fisura,cerrada_fina,cabeza,unica,estable,no_hay,oscurecido,poroso,no,manchas_oxido,separados,20_a_50,costero_marino,primeros_meses,normal,reparada,no,solido,seco,62
forjado_unidireccional,diagonal_45,cerrada_fina,cara_inferior,periodica,aparecio_de_golpe,no_hay,normal,poroso,no,no_visible,correctos,5_a_20,sumergido,anos_despues,sobrecarga,original,no,diferente_zonas,seco,64
viga,red_mapa,cerrada_fina,base,multiples_distintos_planos,se_cierra_al_alejarse,no_hay,normal,normal,parcialmente,no_visible,correctos,menos_5,sumergido,subita_reciente,sobrecarga,original,no,solido,seco,59
voladizo,diagonal_45,grieta_separacion,centro,unica,se_cierra_al_descender,recubrimiento_desprendido,normal,normal,completamente,manchas_oxido,separados,20_a_50,industrial,anos_despues,impacto_sismo,original,no,solido,humedo,48
vigueta,diagonal_45_75,media,centro,multiples_distintos_planos,estable,no_hay,normal,disgregado,no,manchas_oxido,correctos,mas_50,costero_marino,durante_construccion,normal,original,desplazamiento_lateral,diferente_zonas,salpicadura,43
vigueta,diagonal_45,media,perimetro,ramificada,estable,no_hay,manchas_blancas,humedo_filtraciones,no,no_visible,correctos,menos_5,interior,durante_construccion,normal,original,no,solido,humedo,65
viga,red_mapa,cerrada_fina,centro,ramificada,se_abre_con_tiempo,no_hay,manchas_oxido,normal,completamente,oxidada_visible,separados,menos_5,exterior_continental,anos_despues,descarga,original,no,solido,humedo,63
forjado_reticular,vertical,media,perimetro,unica,estable,no_hay,oscurecido,poroso,completamente,oxidada_visible,correctos,menos_5,interior,primeros_meses,normal,reforzada,desplazamiento_lateral,diferente_zonas,seco,54
mensula,diagonal_45,abierta,centro,multiples_distintos_planos,aparecio_de_golpe,recubrimiento_desprendido,normal,normal,parcialmente,oxidada_visible,separados,5_a_20,exterior_continental,primeras_semanas,normal,original,no,diferente_zonas,seco,35
pilar,diagonal_45,cerrada_fina,cabeza,unica,aparecio_de_golpe,recubrimiento_desprendido,normal,normal,completamente,no_visible,ausentes,menos_5,industrial,durante_construccion,descarga,recien_desencofrada,no,solido,seco,14
muro,diagonal_45,abierta,cara_inferior,ramificada,aparecio_de_golpe,no_hay,manchas_oxido,normal,no,no_visible,correctos,20_a_50,sumergido,durante_construccion,sobrecarga,original,no,solido,seco,93
pilar,red_mapa,media,centro,ramificada,aparecio_de_golpe,recubrimiento_desprendido,normal,poroso,parcialmente,perdida_seccion,correctos,mas_50,exterior_continental,subita_reciente,normal,reparada,no,diferente_zonas,humedo,6
mensula,diagonal_45,media,ambas_caras,multiples_paralelas,se_abre_con_tiempo,perdida_seccion,normal,normal,completamente,manchas_oxido,ausentes,5_a_20,exterior_continental,durante_construccion,sobrecarga,reforzada,aplastamiento,hueco,humedo,35
viga,vertical,media,cabeza,multiples_paralelas,se_cierra_al_alejarse,no_hay,normal,normal,no,no_visible,correctos,menos_5,sumergido,primeras_semanas,normal,original,no,solido,seco,28
muro,horizontal,media,base,multiples_distintos_planos,estable,no_hay,normal,normal,parcialmente,no_visible,correctos,5_a_20,interior,subita_reciente,normal,recien_desencofrada,no,solido,seco,83
pilar,diagonal_45_75,grieta_separacion,esquinas,multiples_distintos_planos,estable,recubrimiento_desprendido,manchas_blancas,poroso,completamente,manchas_oxido,separados,20_a_50,industrial,subita_reciente,sobrecarga,original,no,solido,humedo,1
forjado_unidireccional,diagonal_45_75,media,cara_inferior,multiples_distintos_planos,se_cierra_al_descender,no_hay,normal,normal,no,manchas_oxido,correctos,5_a_20,costero_marino,durante_construccion,normal,recien_desencofrada,flecha_abajo,solido,seco,49
pilar,vertical,media,esquinas,multiples_paralelas,se_abre_con_tiempo,no_hay,manchas_blancas,normal,no,no_visible,correctos,menos_5,costero_marino,anos_despues,impacto_sismo,original,desplazamiento_lateral,hueco,seco,16
cimentacion_zapata,vertical,media,union_otro_elemento,ramificada,se_abre_con_tiempo,no_hay,normal,normal,no,no_visible,correctos,5_a_20,exterior_continental,primeras_semanas,descarga,original,desplazamiento_lateral,solido,seco,89
viga,diagonal_45,abierta,cabeza,ramificada,se_cierra_al_alejarse,perdida_seccion,normal,normal,completamente,manchas_oxido,ausentes,menos_5,exterior_continental,durante_construccion,normal,recien_desencofrada,giro_inclinacion,diferente_zonas,seco,8
mensula,red_mapa,cerrada_fina,base,multiples_distintos_planos,se_cierra_al_alejarse,no_hay,manchas_blancas,normal,no,no_visible,separados,20_a_50,exterior_continental,anos_despues,normal,original,flecha_abajo,diferente_zonas,seco,68
cimentacion_zapata,sin_fisura,cerrada_fina,base,unica,estable,no_hay,normal,normal,no,no_visible,correctos,mas_50,industrial,anos_despues,normal,recien_desencofrada,desplazamiento_lateral,diferente_zonas,seco,85
mensula,vertical,grieta_separacion,esquinas,periodica,aparecio_de_golpe,perdida_seccion,normal,normal,parcialmente,oxidada_visible,separados,menos_5,exterior_continental,primeros_meses,sobrecarga,reparada,desplazamiento_lateral,diferente_zonas,seco,34
cimentacion_zapata,diagonal_45,cerrada_fina,cabeza,ramificada,estable,no_hay,manchas_blancas,poroso,no,no_visible,correctos,5_a_20,exterior_continental,durante_construccion,sobrecarga,original,flecha_abajo,solido,humedo,11
forjado_unidireccional,red_mapa,media,ambas_caras,multiples_paralelas,aparecio_de_golpe,no_hay,manchas_oxido,humedo_filtraciones,no,no_visible,separados,5_a_20,interior,subita_reciente,normal,original,no,hueco,seco,54
pilar,horizontal,abierta,base,unica,aparecio_de_golpe,perdida_seccion,normal,normal,parcialmente,oxidada_visible,separados,menos_5,sumergido,durante_construccion,impacto_sismo,original,desplazamiento_lateral,hueco,seco,3
cimentacion_zapata,horizontal,cerrada_fina,base,multiples_paralelas,estable,no_hay,normal,normal,no,no_visible,correctos,20_a_50,exterior_continental,anos_despues,impacto_sismo,original,no,solido,seco,70
pilar,vertical,media,union_otro_elemento,unica,se_cierra_al_alejarse,no_hay,normal,poroso,parcialmente,no_visible,correctos,20_a_50,costero_marino,primeras_semanas,normal,reforzada,no,hueco,seco,4
pilar,horizontal,abierta,esquinas,unica,aparecio_de_golpe,perdida_seccion,manchas_oxido,normal,no,no_visible,correctos,20_a_50,interior,primeras_semanas,impacto_sismo,original,flecha_abajo,hueco,seco,4
muro,diagonal_45,abierta,centro,multiples_paralelas,estable,recubrimiento_desprendido,normal,normal,completamente,manchas_oxido,correctos,5_a_20,costero_marino,primeras_semanas,normal,original,desplazamiento_lateral,hueco,humedo,84
muro,horizontal,cerrada_fina,cabeza,multiples_distintos_planos,estable,no_hay,normal,poroso,parcialmente,no_visible,correctos,20_a_50,industrial,primeros_meses,sobrecarga,original,no,solido,humedo,76
muro,red_mapa,cerrada_fina,cabeza,unica,aparecio_de_golpe,no_hay,normal,normal,no,no_visible,correctos,mas_50,costero_marino,primeras_semanas,normal,original,flecha_abajo,hueco,seco,92
viga,horizontal,cerrada_fina,cara_inferior,multiples_paralelas,se_cierra_al_descender,no_hay,manchas_oxido,poroso,parcialmente,oxidada_visible,correctos,20_a_50,industrial,anos_despues,normal,original,desplazamiento_lateral,hueco,seco,30
pilar,vertical,cerrada_fina,centro,multiples_paralelas,se_abre_con_tiempo,no_hay,normal,normal,parcialmente,oxidada_visible,correctos,menos_5,costero_marino,subita_reciente,descarga,reparada,no,solido,seco,63
cimentacion_zapata,sin_fisura,cerrada_fina,base,unica,estable,no_hay,normal,normal,parcialmente,no_visible,correctos,menos_5,sumergido,primeras_semanas,sobrecarga,reparada,no,solido,seco,83
tabique_cerramiento,horizontal,cerrada_fina,base,unica,estable,no_hay,manchas_oxido,normal,no,manchas_oxido,correctos,menos_5,exterior_continental,primeros_meses,sobrecarga,original,no,solido,seco,73
vigueta,sin_fisura,cerrada_fina,ambas_caras,unica,estable,recubrimiento_desprendido,normal,poroso,parcialmente,oxidada_visible,correctos,mas_50,exterior_continental,primeras_semanas,normal,original,no,diferente_zonas,humedo,43
pilar,vertical,abierta,ambas_caras,periodica,se_abre_con_tiempo,perdida_seccion,normal,normal,parcialmente,oxidada_visible,correctos,5_a_20,sumergido,subita_reciente,impacto_sismo,original,no,hueco,humedo,3
forjado_reticular,red_mapa,grieta_separacion,base,periodica,estable,recubrimiento_desprendido,normal,normal,completamente,no_visible,ausentes,mas_50,sumergido,primeras_semanas,impacto_sismo,reparada,desplazamiento_lateral,solido,salpicadura,55
forjado_reticular,vertical,media,cabeza,unica,se_cierra_al_alejarse,recubrimiento_desprendido,normal,normal,completamente,perdida_seccion,correctos,mas_50,sumergido,durante_construccion,sobrecarga,recien_desencofrada,flecha_abajo,diferente_zonas,humedo,49
forjado_unidireccional,horizontal,abierta,union_otro_elemento,ramificada,se_cierra_al_descender,no_hay,normal,poroso,no,manchas_oxido,correctos,menos_5,industrial,primeras_semanas,sobrecarga,recien_desencofrada,no,diferente_zonas,seco,49
cimentacion_zapata,diagonal_45_75,media,union_otro_elemento,periodica,se_cierra_al_alejarse,no_hay,normal,normal,parcialmente,no_visible,correctos,20_a_50,costero_marino,durante_construccion,sobrecarga,original,no,solido,seco,96
cimentacion_zapata,diagonal_45_75,media,base,multiples_distintos_planos,estable,no_hay,manchas_blancas,normal,no,no_visible,separados,5_a_20,costero_marino,subita_reciente,sobrecarga,original,desplazamiento_lateral,diferente_zonas,seco,86
viga,diagonal_45,abierta,union_otro_elemento,periodica,aparecio_de_golpe,recubrimiento_desprendido,manchas_blancas,disgregado,parcialmente,manchas_oxido,ausentes,menos_5,industrial,durante_construccion,sobrecarga,recien_desencofrada,giro_inclinacion,diferente_zonas,seco,21
forjado_unidireccional,horizontal,cerrada_fina,base,multiples_distintos_planos,estable,no_hay,normal,normal,no,no_visible,correctos,mas_50,sumergido,subita_reciente,normal,original,no,diferente_zonas,seco,69
pilar,red_mapa,abierta,union_otro_elemento,unica,se_cierra_al_alejarse,no_hay,manchas_blancas,humedo_filtraciones,no,no_visible,correctos,mas_50,costero_marino,subita_reciente,normal,original,flecha_abajo,hueco,seco,90
voladizo,red_mapa,cerrada_fina,union_otro_elemento,multiples_distintos_planos,se_cierra_al_alejarse,no_hay,normal,disgregado,no,no_visible,correctos,mas_50,interior,primeras_semanas,normal,original,flecha_abajo,solido,filtracion_activa,67
voladizo,vertical,media,perimetro,multiples_paralelas,se_cierra_al_descender,desmoronandose,normal,disgregado,no,manchas_oxido,correctos,20_a_50,costero_marino,anos_despues,impacto_sismo,original,no,hueco,seco,95
muro,horizontal,abierta,ambas_caras,ramificada,se_cierra_al_alejarse,recubrimiento_desprendido,normal,poroso,no,no_visible,correctos,5_a_20,sumergido,primeros_meses,sobrecarga,reparada,aplastamiento,solido,humedo,95
forjado_unidireccional,vertical,cerrada_fina,cara_inferior,periodica,se_cierra_al_alejarse,no_hay,normal,poroso,no,manchas_oxido,correctos,menos_5,sumergido,primeras_semanas,sobrecarga,recien_desencofrada,no,diferente_zonas,humedo,49
viga,vertical,cerrada_fina,esquinas,periodica,se_cierra_al_alejarse,no_hay,manchas_blancas,humedo_filtraciones,parcialmente,no_visible,correctos,menos_5,interior,subita_reciente,sobrecarga,original,no,diferente_zonas,humedo,65
forjado_unidireccional,diagonal_45,media,centro,multiples_distintos_planos,se_cierra_al_alejarse,no_hay,normal,normal,no,no_visible,separados,menos_5,interior,durante_construccion,normal,reparada,no,diferente_zonas,seco,71
viga,diagonal_45_75,media,esquinas,ramificada,se_abre_con_tiempo,no_hay,normal,normal,no,no_visible,correctos,menos_5,sumergido,primeros_meses,normal,original,no,diferente_zonas,humedo,28
viga,horizontal,cerrada_fina,cara_inferior,multiples_distintos_planos,aparecio_de_golpe,no_hay,normal,normal,parcialmente,perdida_seccion,correctos,mas_50,costero_marino,durante_construccion,sobrecarga,original,flecha_abajo,solido,seco,57
pilar,diagonal_45,abierta,cara_inferior,multiples_distintos_planos,se_abre_con_tiempo,no_hay,normal,normal,completamente,oxidada_visible,correctos,5_a_20,exterior_continental,durante_construccion,sobrecarga,recien_desencofrada,flecha_abajo,diferente_zonas,seco,15
cimentacion_zapata,red_mapa,media,centro,ramificada,se_cierra_al_alejarse,recubrimiento_desprendido,normal,normal,parcialmente,no_visible,ausentes,20_a_50,sumergido,durante_construccion,normal,original,desplazamiento_lateral,solido,seco,90
vigueta,sin_fisura,cerrada_fina,centro,unica,estable,no_hay,manchas_blancas,humedo_filtraciones,no,no_visible,correctos,menos_5,costero_marino,durante_construccion,normal,recien_desencofrada,no,solido,humedo,40
cimentacion_zapata,diagonal_45_75,cerrada_fina,cara_inferior,multiples_distintos_planos,estable,no_hay,normal,normal,parcialmente,manchas_oxido,desplazados,mas_50,costero_marino,primeras_semanas,normal,original,no,solido,humedo,63
pilar,red_mapa,abierta,cabeza,ramificada,se_abre_con_tiempo,perdida_seccion,manchas_oxido,poroso,completamente,oxidada_visible,correctos,mas_50,costero_marino,anos_despues,normal,reparada,desplazamiento_lateral,diferente_zonas,humedo,6
viga,diagonal_45,abierta,esquinas,multiples_distintos_planos,aparecio_de_golpe,no_hay,normal,normal,parcialmente,oxidada_visible,desplazados,20_a_50,exterior_continental,subita_reciente,sobrecarga,original,desplazamiento_lateral,hueco,humedo,20
forjado_unidireccional,sin_fisura,cerrada_fina,base,unica,estable,no_hay,manchas_blancas,humedo_filtraciones,no,no_visible,correctos,20_a_50,exterior_continental,subita_reciente,normal,recien_desencofrada,no,diferente_zonas,humedo,80
voladizo,vertical,abierta,centro,ramificada,se_cierra_al_alejarse,desmoronandose,normal,poroso,no,no_visible,correctos,5_a_20,costero_marino,primeras_semanas,normal,original,aplastamiento,solido,seco,60
forjado_unidireccional,horizontal,media,cara_inferior,multiples_paralelas,estable,no_hay,normal,normal,no,no_visible,correctos,menos_5,costero_marino,durante_construccion,normal,original,no,solido,seco,52
forjado_reticular,red_mapa,cerrada_fina,union_otro_elemento,ramificada,se_abre_con_tiempo,no_hay,manchas_blancas,humedo_filtraciones,no,no_visible,correctos,menos_5,costero_marino,subita_reciente,normal,original,no,solido,seco,80
forjado_reticular,diagonal_45,abierta,base,multiples_distintos_planos,se_cierra_al_descender,perdida_seccion,normal,poroso,parcialmente,no_visible,correctos,5_a_20,sumergido,primeros_meses,normal,original,no,hueco,seco,56
voladizo,vertical,cerrada_fina,perimetro,ramificada,aparecio_de_golpe,no_hay,normal,normal,no,no_visible,correctos,mas_50,exterior_continental,primeros_meses,normal,reparada,no,solido,seco,61
vigueta,diagonal_45,cerrada_fina,centro,unica,estable,no_hay,manchas_oxido,poroso,no,no_visible,correctos,menos_5,sumergido,durante_construccion,sobrecarga,recien_desencofrada,no,diferente_zonas,humedo,40
tabique_cerramiento,red_mapa,cerrada_fina,centro,multiples_paralelas,estable,no_hay,normal,normal,no,no_visible,correctos,5_a_20,costero_marino,durante_construccion,normal,original,no,solido,seco,73
cimentacion_zapata,vertical,media,union_otro_elemento,periodica,estable,no_hay,normal,normal,no,no_visible,correctos,20_a_50,interior,anos_despues,normal,original,no,diferente_zonas,seco,86
mensula,sin_fisura,cerrada_fina,ambas_caras,unica,estable,recubrimiento_desprendido,normal,humedo_filtraciones,no,no_visible,correctos,20_a_50,exterior_continental,subita_reciente,sobrecarga,original,flecha_abajo,solido,seco,57
cimentacion_zapata,horizontal,media,base,multiples_distintos_planos,se_abre_con_tiempo,no_hay,manchas_blancas,poroso,no,manchas_oxido,separados,5_a_20,exterior_continental,subita_reciente,normal,original,no,diferente_zonas,filtracion_activa,87
voladizo,diagonal_45,abierta,centro,periodica,aparecio_de_golpe,recubrimiento_desprendido,normal,normal,parcialmente,no_visible,correctos,mas_50,sumergido,primeras_semanas,sobrecarga,reforzada,flecha_abajo,solido,seco,34
forjado_unidireccional,diagonal_45,grieta_separacion,cara_inferior,multiples_paralelas,se_cierra_al_alejarse,perdida_seccion,normal,poroso,parcialmente,manchas_oxido,ausentes,20_a_50,exterior_continental,subita_reciente,descarga,original,flecha_abajo,diferente_zonas,seco,51
pilar,vertical,media,centro,periodica,aparecio_de_golpe,no_hay,manchas_oxido,normal,no,manchas_oxido,correctos,20_a_50,interior,subita_reciente,normal,original,desplazamiento_lateral,solido,humedo,7
pilar,red_mapa,media,base,periodica,estable,perdida_seccion,manchas_blancas,poroso,no,no_visible,correctos,mas_50,industrial,primeras_semanas,normal,reparada,no,diferente_zonas,seco,2
viga,red_mapa,cerrada_fina,ambas_caras,ramificada,estable,no_hay,normal,normal,no,no_visible,correctos,menos_5,sumergido,primeros_meses,normal,original,no,solido,seco,28
pilar,diagonal_45_75,cerrada_fina,cabeza,periodica,estable,no_hay,manchas_oxido,humedo_filtraciones,no,no_visible,correctos,menos_5,exterior_continental,primeras_semanas,normal,original,flecha_abajo,solido,salpicadura,10
viga,diagonal_45_75,abierta,cara_inferior,ramificada,se_cierra_al_descender,recubrimiento_desprendido,manchas_oxido,normal,completamente,manchas_oxido,correctos,menos_5,interior,primeras_semanas,sobrecarga,recien_desencofrada,flecha_abajo,hueco,seco,15
cimentacion_zapata,diagonal_45_75,media,esquinas,ramificada,se_cierra_al_alejarse,perdida_seccion,normal,normal,no,no_visible,separados,menos_5,industrial,primeros_meses,normal,original,no,solido,seco,93
forjado_unidireccional,red_mapa,cerrada_fina,cara_inferior,periodica,se_abre_con_tiempo,no_hay,manchas_oxido,humedo_filtraciones,no,manchas_oxido,correctos,20_a_50,exterior_continental,anos_despues,sobrecarga,original,flecha_abajo,solido,humedo,65
forjado_unidireccional,horizontal,cerrada_fina,ambas_caras,periodica,se_cierra_al_descender,no_hay,manchas_oxido,humedo_filtraciones,no,no_visible,correctos,menos_5,sumergido,anos_despues,sobrecarga,reforzada,no,solido,humedo,65
muro,diagonal_45,media,union_otro_elemento,periodica,aparecio_de_golpe,no_hay,normal,normal,no,no_visible,ausentes,mas_50,exterior_continental,primeros_meses,normal,original,no,solido,humedo,88
tabique_cerramiento,red_mapa,cerrada_fina,centro,unica,se_cierra_al_descender,no_hay,normal,normal,no,manchas_oxido,correctos,5_a_20,costero_marino,durante_construccion,normal,original,giro_inclinacion,solido,seco,63
forjado_unidireccional,sin_fisura,cerrada_fina,base,unica,estable,recubrimiento_desprendido,normal,normal,parcialmente,no_visible,correctos,5_a_20,costero_marino,durante_construccion,sobrecarga,original,flecha_abajo,hueco,seco,56
tabique_cerramiento,horizontal,cerrada_fina,centro,multiples_distintos_planos,estable,no_hay,manchas_blancas,poroso,no,manchas_oxido,correctos,mas_50,interior,primeras_semanas,sobrecarga,recien_desencofrada,flecha_abajo,diferente_zonas,seco,45
tabique_cerramiento,vertical,cerrada_fina,cara_inferior,multiples_paralelas,se_cierra_al_alejarse,no_hay,normal,normal,parcialmente,perdida_seccion,correctos,menos_5,interior,primeros_meses,normal,original,no,diferente_zonas,seco,73
viga,red_mapa,abierta,cara_inferior,periodica,se_cierra_al_descender,no_hay,normal,normal,no,manchas_oxido,separados,mas_50,costero_marino,primeras_semanas,normal,original,flecha_abajo,diferente_zonas,seco,32
forjado_reticular,sin_fisura,cerrada_fina,cabeza,unica,estable,no_hay,normal,poroso,completamente,no_visible,correctos,5_a_20,interior,durante_construccion,normal,recien_desencofrada,aplastamiento,solido,seco,14
pilar,red_mapa,cerrada_fina,cabeza,periodica,se_cierra_al_descender,no_hay,manchas_oxido,humedo_filtraciones,parcialmente,no_visible,separados,mas_50,industrial,subita_reciente,sobrecarga,reparada,no,solido,filtracion_activa,10
vigueta,red_mapa,media,cara_inferior,periodica,se_cierra_al_descender,no_hay,normal,poroso,no,no_visible,separados,menos_5,sumergido,primeras_semanas,normal,original,no,diferente_zonas,seco,39
forjado_unidireccional,horizontal,media,esquinas,periodica,aparecio_de_golpe,no_hay,normal,normal,parcialmente,no_visible,correctos,mas_50,exterior_continental,subita_reciente,normal,reparada,no,solido,humedo,61
forjado_unidireccional,diagonal_45_75,abierta,centro,unica,aparecio_de_golpe,no_hay,manchas_blancas,normal,completamente,perdida_seccion,correctos,menos_5,industrial,durante_construccion,normal,recien_desencofrada,no,hueco,salpicadura,50
muro,vertical,cerrada_fina,union_otro_elemento,multiples_distintos_planos,estable,recubrimiento_desprendido,normal,normal,no,manchas_oxido,correctos,menos_5,costero_marino,primeras_semanas,normal,original,flecha_abajo,diferente_zonas,humedo,86
pilar,vertical,cerrada_fina,union_otro_elemento,ramificada,estable,no_hay,normal,normal,parcialmente,manchas_oxido,correctos,20_a_50,exterior_continental,anos_despues,impacto_sismo,original,flecha_abajo,hueco,seco,9
cimentacion_zapata,diagonal_45,media,union_otro_elemento,multiples_distintos_planos,se_cierra_al_descender,no_hay,normal,normal,parcialmente,no_visible,correctos,menos_5,industrial,subita_reciente,normal,reforzada,no,solido,seco,93
vigueta,diagonal_45,media,union_otro_elemento,periodica,se_abre_con_tiempo,no_hay,manchas_oxido,humedo_filtraciones,no,manchas_oxido,correctos,mas_50,costero_marino,subita_reciente,normal,reforzada,flecha_abajo,solido,seco,43
viga,horizontal,cerrada_fina,centro,unica,se_cierra_al_alejarse,no_hay,normal,normal,no,no_visible,separados,menos_5,industrial,durante_construccion,sobrecarga,recien_desencofrada,flecha_abajo,solido,seco,27
pilar,vertical,abierta,cara_inferior,multiples_distintos_planos,se_cierra_al_descender,no_hay,normal,poroso,completamente,manchas_oxido,correctos,menos_5,costero_marino,primeras_semanas,sobrecarga,recien_desencofrada,no,diferente_zonas,seco,15
viga,vertical,media,esquinas,unica,se_cierra_al_descender,no_hay,normal,normal,parcialmente,manchas_oxido,correctos,20_a_50,interior,durante_construccion,normal,recien_desencofrada,no,diferente_zonas,seco,13
muro,diagonal_45,cerrada_fina,base,multiples_paralelas,aparecio_de_golpe,recubrimiento_desprendido,manchas_blancas,humedo_filtraciones,no,no_visible,separados,5_a_20,sumergido,subita_reciente,normal,original,flecha_abajo,hueco,humedo,79
viga,horizontal,media,cabeza,ramificada,aparecio_de_golpe,no_hay,manchas_oxido,humedo_filtraciones,no,no_visible,correctos,mas_50,exterior_continental,primeras_semanas,impacto_sismo,original,no,solido,humedo,65
viga,diagonal_45,cerrada_fina,cara_inferior,unica,aparecio_de_golpe,no_hay,normal,normal,no,no_visible,correctos,mas_50,industrial,anos_despues,normal,original,no,diferente_zonas,seco,28
tabique_cerramiento,horizontal,cerrada_fina,cabeza,multiples_distintos_planos,se_cierra_al_descender,recubrimiento_desprendido,normal,poroso,no,no_visible,correctos,menos_5,exterior_continental,anos_despues,sobrecarga,original,no,solido,seco,72
cimentacion_zapata,diagonal_45_75,media,cabeza,unica,se_cierra_al_descender,no_hay,manchas_blancas,normal,no,no_visible,correctos,5_a_20,interior,primeros_meses,normal,reparada,no,diferente_zonas,seco,96
mensula,diagonal_45,media,perimetro,multiples_distintos_planos,se_cierra_al_descender,recubrimiento_desprendido,oscurecido,normal,parcialmente,oxidada_visible,correctos,mas_50,interior,primeras_semanas,sobrecarga,reforzada,desplazamiento_lateral,hueco,salpicadura,46
cimentacion_zapata,red_mapa,cerrada_fina,cara_inferior,ramificada,se_cierra_al_descender,no_hay,normal,normal,no,no_visible,separados,5_a_20,sumergido,anos_despues,descarga,reforzada,desplazamiento_lateral,solido,seco,94
viga,diagonal_45,media,base,ramificada,aparecio_de_golpe,no_hay,normal,poroso,parcialmente,perdida_seccion,desplazados,menos_5,sumergido,subita_reciente,sobrecarga,original,no,solido,seco,20
viga,red_mapa,cerrada_fina,centro,multiples_distintos_planos,estable,perdida_seccion,normal,normal,no,no_visible,correctos,5_a_20,costero_marino,anos_despues,normal,reforzada,no,diferente_zonas,seco,68
forjado_reticular,horizontal,abierta,centro,multiples_paralelas,aparecio_de_golpe,no_hay,normal,poroso,no,manchas_oxido,correctos,menos_5,sumergido,durante_construccion,normal,recien_desencofrada,flecha_abajo,diferente_zonas,humedo,50
tabique_cerramiento,sin_fisura,cerrada_fina,esquinas,unica,estable,recubrimiento_desprendido,normal,normal,no,no_visible,correctos,menos_5,costero_marino,durante_construccion,normal,original,flecha_abajo,solido,humedo,62
forjado_reticular,red_mapa,media,ambas_caras,multiples_distintos_planos,se_cierra_al_descender,no_hay,normal,normal,no,no_visible,correctos,20_a_50,sumergido,anos_despues,normal,original,desplazamiento_lateral,solido,seco,54
viga,sin_fisura,cerrada_fina,perimetro,unica,estable,no_hay,normal,normal,no,no_visible,correctos,5_a_20,costero_marino,subita_reciente,normal,original,no,solido,filtracion_activa,39
mensula,horizontal,media,union_otro_elemento,periodica,se_cierra_al_descender,no_hay,normal,normal,no,no_visible,correctos,5_a_20,sumergido,durante_construccion,normal,reforzada,flecha_abajo,solido,seco,36
pilar,diagonal_45_75,cerrada_fina,centro,multiples_paralelas,se_cierra_al_alejarse,recubrimiento_desprendido,normal,normal,no,no_visible,correctos,5_a_20,exterior_continental,primeras_semanas,sobrecarga,reparada,no,solido,humedo,71
tabique_cerramiento,diagonal_45,cerrada_fina,esquinas,multiples_paralelas,estable,no_hay,manchas_blancas,poroso,no,manchas_oxido,correctos,menos_5,exterior_continental,primeros_meses,normal,original,no,solido,humedo,77
pilar,horizontal,abierta,esquinas,multiples_distintos_planos,aparecio_de_golpe,perdida_seccion,normal,humedo_filtraciones,parcialmente,no_visible,separados,5_a_20,interior,subita_reciente,impacto_sismo,reforzada,no,solido,seco,3
muro,vertical,cerrada_fina,cabeza,multiples_paralelas,se_abre_con_tiempo,no_hay,normal,disgregado,no,no_visible,separados,mas_50,sumergido,durante_construccion,impacto_sismo,reparada,desplazamiento_lateral,diferente_zonas,seco,76
pilar,red_mapa,grieta_separacion,cabeza,unica,aparecio_de_golpe,recubrimiento_desprendido,normal,poroso,completamente,perdida_seccion,desplazados,5_a_20,interior,subita_reciente,sobrecarga,original,desplazamiento_lateral,solido,seco,1
forjado_unidireccional,diagonal_45,media,ambas_caras,ramificada,se_cierra_al_descender,recubrimiento_desprendido,normal,poroso,no,no_visible,separados,menos_5,exterior_continental,subita_reciente,normal,original,no,diferente_zonas,seco,54
vigueta,horizontal,cerrada_fina,base,multiples_distintos_planos,estable,no_hay,normal,humedo_filtraciones,no,no_visible,correctos,menos_5,costero_marino,primeras_semanas,normal,recien_desencofrada,no,solido,humedo,40
viga,sin_fisura,cerrada_fina,ambas_caras,unica,estable,no_hay,normal,humedo_filtraciones,parcialmente,no_visible,desplazados,menos_5,sumergido,primeras_semanas,normal,recien_desencofrada,flecha_abajo,solido,filtracion_activa,25
vigueta,diagonal_45_75,media,cabeza,multiples_distintos_planos,se_abre_con_tiempo,no_hay,normal,humedo_filtraciones,no,manchas_oxido,correctos,menos_5,costero_marino,primeros_meses,normal,reparada,no,diferente_zonas,humedo,43
forjado_unidireccional,vertical,cerrada_fina,cara_inferior,unica,aparecio_de_golpe,no_hay,manchas_oxido,normal,no,manchas_oxido,correctos,5_a_20,exterior_continental,primeros_meses,descarga,original,desplazamiento_lateral,solido,seco,63
viga,diagonal_45,cerrada_fina,cara_inferior,unica,se_abre_con_tiempo,recubrimiento_desprendido,normal,normal,no,no_visible,correctos,menos_5,interior,anos_despues,normal,reparada,no,diferente_zonas,humedo,28
viga,diagonal_45_75,media,union_otro_elemento,periodica,estable,no_hay,normal,normal,no,manchas_oxido,correctos,5_a_20,exterior_continental,primeras_semanas,normal,recien_desencofrada,desplazamiento_lateral,solido,seco,23
voladizo,red_mapa,cerrada_fina,cabeza,unica,estable,recubrimiento_desprendido,normal,normal,parcialmente,no_visible,correctos,mas_50,sumergido,subita_reciente,sobrecarga,original,no,diferente_zonas,seco,58
muro,diagonal_45,cerrada_fina,esquinas,periodica,estable,no_hay,normal,normal,no,no_visible,ausentes,5_a_20,exterior_continental,subita_reciente,normal,original,no,solido,seco,75
cimentacion_zapata,vertical,media,base,ramificada,estable,no_hay,normal,normal,completamente,oxidada_visible,correctos,menos_5,costero_marino,anos_despues,normal,original,flecha_abajo,diferente_zonas,seco,81
viga,red_mapa,abierta,base,multiples_distintos_planos,aparecio_de_golpe,recubrimiento_desprendido,normal,normal,no,manchas_oxido,separados,mas_50,interior,primeros_meses,impacto_sismo,original,no,diferente_zonas,seco,19
vigueta,diagonal_45_75,media,base,unica,aparecio_de_golpe,recubrimiento_desprendido,oscurecido,poroso,parcialmente,manchas_oxido,correctos,5_a_20,exterior_continental,primeros_meses,normal,original,desplazamiento_lateral,hueco,humedo,37
muro,diagonal_45_75,media,esquinas,ramificada,se_cierra_al_alejarse,no_hay,normal,disgregado,no,no_visible,correctos,5_a_20,interior,subita_reciente,sobrecarga,original,no,solido,seco,78
cimentacion_zapata,diagonal_45,grieta_separacion,ambas_caras,unica,aparecio_de_golpe,no_hay,normal,normal,no,no_visible,correctos,menos_5,costero_marino,anos_despues,normal,reparada,flecha_abajo,solido,seco,96
muro,horizontal,cerrada_fina,perimetro,periodica,se_abre_con_tiempo,recubrimiento_desprendido,normal,normal,no,no_visible,correctos,20_a_50,costero_marino,primeras_semanas,normal,original,flecha_abajo,diferente_zonas,seco,54
viga,diagonal_45,cerrada_fina,base,multiples_distintos_planos,estable,no_hay,normal,normal,no,manchas_oxido,separados,5_a_20,sumergido,primeras_semanas,normal,reforzada,no,solido,humedo,23
viga,sin_fisura,cerrada_fina,base,unica,estable,desmoronandose,normal,poroso,no,no_visible,correctos,20_a_50,sumergido,durante_construccion,sobrecarga,original,aplastamiento,diferente_zonas,seco,58
muro,diagonal_45_75,grieta_separacion,cara_inferior,multiples_paralelas,estable,no_hay,normal,normal,no,no_visible,separados,menos_5,exterior_continental,primeros_meses,sobrecarga,reforzada,no,solido,seco,71
cimentacion_zapata,vertical,media,esquinas,multiples_distintos_planos,aparecio_de_golpe,no_hay,normal,normal,no,manchas_oxido,correctos,mas_50,industrial,primeros_meses,normal,original,flecha_abajo,diferente_zonas,seco,24
forjado_unidireccional,horizontal,cerrada_fina,esquinas,ramificada,se_abre_con_tiempo,recubrimiento_desprendido,manchas_blancas,normal,no,no_visible,correctos,5_a_20,interior,durante_construccion,normal,recien_desencofrada,aplastamiento,diferente_zonas,seco,60
cimentacion_zapata,diagonal_45_75,abierta,base,ramificada,se_cierra_al_descender,recubrimiento_desprendido,normal,humedo_filtraciones,no,no_visible,correctos,mas_50,exterior_continental,anos_despues,normal,reparada,flecha_abajo,diferente_zonas,humedo,87
viga,diagonal_45,grieta_separacion,base,multiples_paralelas,se_cierra_al_alejarse,recubrimiento_desprendido,normal,normal,parcialmente,oxidada_visible,correctos,menos_5,sumergido,durante_construccion,normal,original,no,diferente_zonas,humedo,18
cimentacion_zapata,horizontal,media,union_otro_elemento,unica,estable,no_hay,normal,normal,no,no_visible,correctos,menos_5,industrial,anos_despues,normal,original,flecha_abajo,diferente_zonas,seco,81
viga,diagonal_45_75,grieta_separacion,union_otro_elemento,multiples_distintos_planos,se_cierra_al_alejarse,recubrimiento_desprendido,oscurecido,normal,no,manchas_oxido,correctos,5_a_20,costero_marino,anos_despues,normal,original,no,solido,seco,18
muro,diagonal_45_75,abierta,perimetro,multiples_paralelas,aparecio_de_golpe,no_hay,manchas_blancas,poroso,no,no_visible,correctos,5_a_20,costero_marino,primeras_semanas,normal,original,desplazamiento_lateral,solido,filtracion_activa,82
forjado_unidireccional,diagonal_45_75,cerrada_fina,ambas_caras,multiples_paralelas,estable,no_hay,normal,normal,no,no_visible,correctos,20_a_50,costero_marino,durante_construccion,normal,original,no,solido,humedo,71
muro,diagonal_45_75,abierta,cabeza,multiples_distintos_planos,aparecio_de_golpe,no_hay,normal,poroso,no,no_visible,desplazados,menos_5,industrial,primeros_meses,normal,original,no,hueco,humedo,96
viga,diagonal_45,cerrada_fina,cabeza,ramificada,estable,no_hay,normal,normal,no,no_visible,correctos,menos_5,industrial,primeros_meses,sobrecarga,original,no,solido,seco,23
forjado_unidireccional,diagonal_45_75,cerrada_fina,union_otro_elemento,ramificada,estable,no_hay,normal,poroso,no,no_visible,separados,mas_50,exterior_continental,primeras_semanas,sobrecarga,recien_desencofrada,no,solido,seco,23
muro,diagonal_45,abierta,perimetro,unica,se_cierra_al_descender,no_hay,manchas_blancas,normal,no,no_visible,correctos,20_a_50,interior,subita_reciente,normal,original,no,solido,seco,96
tabique_cerramiento,diagonal_45,cerrada_fina,union_otro_elemento,ramificada,se_cierra_al_descender,no_hay,normal,poroso,no,no_visible,correctos,menos_5,interior,primeras_semanas,normal,original,no,solido,seco,61
viga,diagonal_45_75,media,cara_inferior,multiples_paralelas,se_cierra_al_descender,no_hay,normal,normal,no,manchas_oxido,correctos,menos_5,exterior_continental,durante_construccion,normal,original,no,hueco,humedo,32
pilar,horizontal,media,cabeza,ramificada,estable,recubrimiento_desprendido,normal,normal,parcialmente,oxidada_visible,correctos,20_a_50,sumergido,primeras_semanas,normal,original,desplazamiento_lateral,solido,humedo,13
muro,horizontal,cerrada_fina,union_otro_elemento,multiples_distintos_planos,se_cierra_al_alejarse,no_hay,manchas_oxido,humedo_filtraciones,no,no_visible,separados,mas_50,costero_marino,primeras_semanas,normal,original,no,solido,humedo,72
cimentacion_zapata,vertical,cerrada_fina,perimetro,periodica,estable,no_hay,normal,normal,no,no_visible,correctos,menos_5,sumergido,subita_reciente,sobrecarga,original,no,solido,seco,83
pilar,horizontal,media,cara_inferior,multiples_distintos_planos,se_abre_con_tiempo,no_hay,normal,normal,no,manchas_oxido,correctos,mas_50,exterior_continental,subita_reciente,sobrecarga,original,flecha_abajo,diferente_zonas,humedo,7
viga,diagonal_45,abierta,perimetro,multiples_paralelas,aparecio_de_golpe,no_hay,normal,humedo_filtraciones,parcialmente,no_visible,desplazados,mas_50,sumergido,primeras_semanas,normal,recien_desencofrada,no,solido,humedo,25
vigueta,red_mapa,media,ambas_caras,ramificada,se_abre_con_tiempo,desmoronandose,manchas_oxido,disgregado,parcialmente,oxidada_visible,separados,20_a_50,exterior_continental,primeros_meses,normal,original,desplazamiento_lateral,diferente_zonas,seco,53
pilar,vertical,cerrada_fina,centro,multiples_paralelas,aparecio_de_golpe,no_hay,oscurecido,normal,parcialmente,manchas_oxido,correctos,mas_50,interior,primeros_meses,sobrecarga,original,flecha_abajo,diferente_zonas,salpicadura,32
vigueta,vertical,abierta,centro,unica,se_cierra_al_descender,no_hay,oscurecido,humedo_filtraciones,completamente,manchas_oxido,correctos,menos_5,sumergido,primeras_semanas,sobrecarga,recien_desencofrada,no,diferente_zonas,filtracion_activa,15
mensula,vertical,cerrada_fina,centro,multiples_paralelas,estable,no_hay,normal,poroso,no,no_visible,correctos,5_a_20,costero_marino,subita_reciente,normal,original,no,solido,humedo,36
viga,vertical,media,union_otro_elemento,ramificada,se_abre_con_tiempo,no_hay,manchas_blancas,humedo_filtraciones,completamente,no_visible,ausentes,menos_5,exterior_continental,durante_construccion,normal,recien_desencofrada,no,solido,filtracion_activa,25
cimentacion_zapata,diagonal_45,abierta,cara_inferior,multiples_paralelas,se_cierra_al_descender,recubrimiento_desprendido,normal,poroso,no,no_visible,correctos,20_a_50,interior,anos_despues,normal,original,aplastamiento,diferente_zonas,seco,95
cimentacion_zapata,diagonal_45,cerrada_fina,ambas_caras,ramificada,se_cierra_al_alejarse,no_hay,normal,normal,no,no_visible,correctos,menos_5,costero_marino,durante_construccion,normal,original,desplazamiento_lateral,hueco,seco,96
pilar,vertical,media,centro,multiples_distintos_planos,aparecio_de_golpe,no_hay,normal,normal,completamente,manchas_oxido,separados,menos_5,interior,primeras_semanas,sobrecarga,recien_desencofrada,no,solido,seco,15
vigueta,horizontal,grieta_separacion,esquinas,unica,estable,recubrimiento_desprendido,normal,disgregado,parcialmente,no_visible,correctos,20_a_50,industrial,primeras_semanas,sobrecarga,original,desplazamiento_lateral,hueco,humedo,34
pilar,sin_fisura,cerrada_fina,esquinas,unica,estable,no_hay,manchas_oxido,humedo_filtraciones,no,manchas_oxido,correctos,20_a_50,costero_marino,subita_reciente,normal,original,no,diferente_zonas,salpicadura,26
vigueta,diagonal_45,abierta,ambas_caras,unica,aparecio_de_golpe,recubrimiento_desprendido,manchas_oxido,poroso,parcialmente,manchas_oxido,ausentes,mas_50,industrial,durante_construccion,sobrecarga,original,giro_inclinacion,solido,seco,17
pilar,diagonal_45,cerrada_fina,cabeza,unica,estable,no_hay,normal,poroso,no,no_visible,correctos,5_a_20,interior,primeras_semanas,normal,original,no,solido,seco,12
forjado_unidireccional,vertical,cerrada_fina,cabeza,multiples_paralelas,estable,no_hay,normal,normal,no,no_visible,desplazados,mas_50,exterior_continental,primeros_meses,normal,original,aplastamiento,solido,humedo,69
cimentacion_zapata,vertical,media,cara_inferior,multiples_paralelas,estable,recubrimiento_desprendido,normal,normal,no,manchas_oxido,separados,5_a_20,sumergido,anos_despues,normal,recien_desencofrada,aplastamiento,diferente_zonas,humedo,95
forjado_reticular,vertical,media,centro,multiples_paralelas,estable,no_hay,oscurecido,normal,no,no_visible,correctos,5_a_20,costero_marino,durante_construccion,normal,recien_desencofrada,no,solido,humedo,52
muro,diagonal_45,grieta_separacion,base,multiples_distintos_planos,se_cierra_al_descender,recubrimiento_desprendido,oscurecido,normal,no,manchas_oxido,separados,menos_5,interior,primeras_semanas,normal,original,aplastamiento,diferente_zonas,seco,84
viga,horizontal,media,union_otro_elemento,ramificada,aparecio_de_golpe,no_hay,normal,poroso,no,no_visible,correctos,5_a_20,interior,subita_reciente,impacto_sismo,reforzada,no,solido,seco,61
vigueta,red_mapa,abierta,cabeza,ramificada,estable,no_hay,normal,humedo_filtraciones,no,manchas_oxido,correctos,5_a_20,costero_marino,anos_despues,sobrecarga,original,flecha_abajo,diferente_zonas,salpicadura,43
cimentacion_zapata,diagonal_45_75,cerrada_fina,base,periodica,aparecio_de_golpe,recubrimiento_desprendido,manchas_oxido,normal,no,no_visible,correctos,5_a_20,sumergido,anos_despues,sobrecarga,original,desplazamiento_lateral,hueco,seco,86
cimentacion_zapata,horizontal,media,union_otro_elemento,periodica,se_cierra_al_alejarse,no_hay,normal,normal,parcialmente,oxidada_visible,correctos,menos_5,costero_marino,subita_reciente,normal,reparada,no,solido,seco,32
forjado_reticular,horizontal,media,cara_inferior,unica,se_cierra_al_alejarse,no_hay,normal,disgregado,parcialmente,oxidada_visible,correctos,5_a_20,sumergido,durante_construccion,normal,recien_desencofrada,no,diferente_zonas,humedo,50
viga,diagonal_45,abierta,cabeza,multiples_paralelas,aparecio_de_golpe,perdida_seccion,normal,humedo_filtraciones,completamente,no_visible,separados,menos_5,interior,primeros_meses,sobrecarga,reforzada,desplazamiento_lateral,diferente_zonas,humedo,8
vigueta,red_mapa,cerrada_fina,centro,ramificada,se_cierra_al_alejarse,no_hay,normal,normal,no,no_visible,correctos,mas_50,sumergido,durante_construccion,normal,original,no,solido,seco,39
forjado_reticular,diagonal_45,grieta_separacion,cara_inferior,multiples_paralelas,estable,recubrimiento_desprendido,normal,normal,parcialmente,manchas_oxido,ausentes,20_a_50,industrial,durante_construccion,normal,original,desplazamiento_lateral,diferente_zonas,humedo,51
viga,diagonal_45,abierta,cara_inferior,multiples_distintos_planos,se_cierra_al_descender,no_hay,normal,poroso,completamente,manchas_oxido,correctos,menos_5,costero_marino,durante_construccion,sobrecarga,recien_desencofrada,no,solido,seco,15
forjado_reticular,sin_fisura,cerrada_fina,perimetro,unica,estable,no_hay,oscurecido,normal,no,no_visible,correctos,20_a_50,sumergido,primeras_semanas,sobrecarga,original,flecha_abajo,solido,seco,54
muro,red_mapa,abierta,ambas_caras,multiples_distintos_planos,se_cierra_al_alejarse,recubrimiento_desprendido,normal,normal,no,manchas_oxido,separados,menos_5,exterior_continental,primeras_semanas,normal,original,no,hueco,seco,74
pilar,diagonal_45_75,media,cabeza,ramificada,aparecio_de_golpe,no_hay,manchas_oxido,humedo_filtraciones,parcialmente,perdida_seccion,correctos,5_a_20,sumergido,primeros_meses,normal,original,no,diferente_zonas,humedo,11
viga,diagonal_45,cerrada_fina,ambas_caras,unica,se_cierra_al_alejarse,no_hay,normal,normal,no,no_visible,ausentes,menos_5,exterior_continental,durante_construccion,normal,recien_desencofrada,flecha_abajo,solido,seco,27
tabique_cerramiento,vertical,cerrada_fina,ambas_caras,ramificada,aparecio_de_golpe,recubrimiento_desprendido,normal,poroso,no,manchas_oxido,correctos,20_a_50,costero_marino,subita_reciente,normal,original,no,solido,humedo,80
cimentacion_zapata,sin_fisura,cerrada_fina,cabeza,unica,estable,recubrimiento_desprendido,normal,poroso,parcialmente,no_visible,correctos,menos_5,costero_marino,durante_construccion,normal,original,no,solido,seco,14
tabique_cerramiento,red_mapa,media,esquinas,ramificada,se_cierra_al_alejarse,no_hay,normal,normal,no,manchas_oxido,correctos,5_a_20,costero_marino,primeros_meses,normal,original,flecha_abajo,diferente_zonas,seco,74
voladizo,red_mapa,media,perimetro,periodica,se_cierra_al_descender,no_hay,normal,normal,no,no_visible,correctos,menos_5,sumergido,durante_construccion,sobrecarga,reparada,no,diferente_zonas,seco,62
pilar,diagonal_45_75,media,base,multiples_distintos_planos,se_abre_con_tiempo,no_hay,normal,normal,no,manchas_oxido,correctos,menos_5,interior,subita_reciente,normal,reforzada,flecha_abajo,diferente_zonas,filtracion_activa,86
cimentacion_zapata,horizontal,abierta,union_otro_elemento,multiples_distintos_planos,estable,recubrimiento_desprendido,normal,normal,no,no_visible,correctos,5_a_20,interior,subita_reciente,normal,reparada,no,diferente_zonas,seco,89
tabique_cerramiento,horizontal,cerrada_fina,union_otro_elemento,multiples_distintos_planos,aparecio_de_golpe,recubrimiento_desprendido,normal,normal,parcialmente,no_visible,separados,5_a_20,exterior_continental,subita_reciente,normal,original,no,solido,seco,72
viga,horizontal,abierta,perimetro,multiples_paralelas,se_cierra_al_alejarse,no_hay,manchas_oxido,normal,completamente,oxidada_visible,correctos,mas_50,interior,anos_despues,sobrecarga,original,flecha_abajo,diferente_zonas,seco,30
vigueta,diagonal_45,media,base,multiples_paralelas,estable,no_hay,manchas_blancas,humedo_filtraciones,parcialmente,manchas_oxido,correctos,mas_50,costero_marino,anos_despues,normal,original,desplazamiento_lateral,diferente_zonas,salpicadura,43
tabique_cerramiento,diagonal_45,cerrada_fina,cara_inferior,periodica,estable,no_hay,manchas_blancas,normal,parcialmente,no_visible,separados,menos_5,costero_marino,primeros_meses,sobrecarga,original,no,solido,seco,66
cimentacion_zapata,red_mapa,abierta,union_otro_elemento,multiples_distintos_planos,estable,no_hay,normal,humedo_filtraciones,no,no_visible,correctos,menos_5,costero_marino,subita_reciente,normal,original,no,diferente_zonas,filtracion_activa,87
pilar,horizontal,abierta,base,multiples_distintos_planos,se_cierra_al_alejarse,desmoronandose,normal,poroso,no,no_visible,correctos,20_a_50,sumergido,primeros_meses,normal,original,no,solido,seco,95
forjado_unidireccional,diagonal_45_75,cerrada_fina,union_otro_elemento,multiples_distintos_planos,se_cierra_al_alejarse,no_hay,normal,poroso,no,manchas_oxido,correctos,mas_50,industrial,subita_reciente,normal,reparada,no,solido,seco,59
mensula,horizontal,media,cara_inferior,periodica,se_cierra_al_descender,recubrimiento_desprendido,normal,normal,no,no_visible,correctos,mas_50,interior,durante_construccion,sobrecarga,reforzada,no,hueco,seco,33
viga,vertical,cerrada_fina,centro,multiples_paralelas,se_cierra_al_alejarse,perdida_seccion,normal,normal,no,no_visible,separados,menos_5,costero_marino,anos_despues,normal,reparada,aplastamiento,diferente_zonas,seco,60
viga,horizontal,media,cabeza,multiples_distintos_planos,se_cierra_al_alejarse,no_hay,oscurecido,normal,no,no_visible,correctos,menos_5,costero_marino,durante_construccion,normal,recien_desencofrada,no,diferente_zonas,humedo,61
tabique_cerramiento,sin_fisura,cerrada_fina,union_otro_elemento,unica,estable,no_hay,manchas_oxido,poroso,parcialmente,no_visible,correctos,5_a_20,exterior_continental,durante_construccion,sobrecarga,reparada,no,solido,humedo,80
forjado_unidireccional,red_mapa,grieta_separacion,perimetro,multiples_distintos_planos,aparecio_de_golpe,recubrimiento_desprendido,oscurecido,normal,no,manchas_oxido,separados,mas_50,industrial,subita_reciente,normal,original,flecha_abajo,diferente_zonas,seco,53
muro,diagonal_45,grieta_separacion,cara_inferior,periodica,se_cierra_al_descender,recubrimiento_desprendido,manchas_blancas,poroso,no,no_visible,correctos,menos_5,interior,durante_construccion,normal,original,no,diferente_zonas,seco,48
vigueta,diagonal_45,cerrada_fina,cabeza,ramificada,se_abre_con_tiempo,no_hay,manchas_blancas,humedo_filtraciones,no,no_visible,correctos,menos_5,exterior_continental,durante_construccion,normal,recien_desencofrada,no,diferente_zonas,humedo,40
forjado_unidireccional,diagonal_45,media,union_otro_elemento,ramificada,se_cierra_al_alejarse,no_hay,manchas_blancas,poroso,no,no_visible,desplazados,5_a_20,industrial,subita_reciente,normal,reforzada,desplazamiento_lateral,diferente_zonas,seco,85
forjado_unidireccional,red_mapa,grieta_separacion,cara_inferior,unica,se_abre_con_tiempo,perdida_seccion,manchas_oxido,normal,parcialmente,no_visible,separados,mas_50,industrial,primeros_meses,normal,reforzada,flecha_abajo,solido,seco,55
voladizo,vertical,cerrada_fina,cabeza,periodica,aparecio_de_golpe,recubrimiento_desprendido,normal,normal,no,no_visible,correctos,menos_5,exterior_continental,durante_construccion,impacto_sismo,original,no,diferente_zonas,seco,58
tabique_cerramiento,diagonal_45_75,cerrada_fina,cara_inferior,ramificada,estable,no_hay,normal,normal,no,no_visible,correctos,menos_5,exterior_continental,anos_despues,sobrecarga,reparada,no,hueco,seco,78
pilar,red_mapa,cerrada_fina,ambas_caras,periodica,se_abre_con_tiempo,no_hay,manchas_oxido,humedo_filtraciones,no,no_visible,correctos,menos_5,exterior_continental,durante_construccion,normal,original,flecha_abajo,solido,humedo,29
pilar,diagonal_45_75,cerrada_fina,base,multiples_distintos_planos,estable,no_hay,normal,normal,no,no_visible,correctos,menos_5,exterior_continental,primeros_meses,normal,original,flecha_abajo,solido,humedo,62
vigueta,diagonal_45_75,media,esquinas,multiples_distintos_planos,se_cierra_al_descender,no_hay,normal,normal,no,no_visible,correctos,20_a_50,industrial,anos_despues,normal,original,flecha_abajo,diferente_zonas,seco,91
cimentacion_zapata,diagonal_45_75,cerrada_fina,centro,unica,se_cierra_al_descender,no_hay,normal,normal,no,no_visible,correctos,menos_5,sumergido,anos_despues,sobrecarga,original,desplazamiento_lateral,hueco,seco,91
vigueta,red_mapa,abierta,cara_inferior,periodica,se_cierra_al_alejarse,no_hay,manchas_oxido,humedo_filtraciones,no,manchas_oxido,separados,5_a_20,exterior_continental,anos_despues,normal,original,desplazamiento_lateral,hueco,salpicadura,43
cimentacion_zapata,diagonal_45,media,base,ramificada,estable,perdida_seccion,normal,poroso,no,no_visible,correctos,menos_5,costero_marino,anos_despues,normal,original,desplazamiento_lateral,diferente_zonas,humedo,82
pilar,sin_fisura,cerrada_fina,cabeza,unica,estable,no_hay,oscurecido,normal,no,no_visible,correctos,mas_50,costero_marino,anos_despues,sobrecarga,recien_desencofrada,flecha_abajo,solido,seco,12
viga,diagonal_45,media,union_otro_elemento,multiples_paralelas,se_cierra_al_alejarse,no_hay,manchas_oxido,normal,parcialmente,manchas_oxido,correctos,menos_5,costero_marino,primeras_semanas,normal,original,no,solido,seco,23
voladizo,vertical,cerrada_fina,esquinas,multiples_paralelas,estable,no_hay,normal,humedo_filtraciones,no,manchas_oxido,correctos,5_a_20,sumergido,durante_construccion,normal,original,no,solido,filtracion_activa,65
viga,red_mapa,abierta,cara_inferior,multiples_paralelas,se_abre_con_tiempo,no_hay,manchas_oxido,normal,completamente,perdida_seccion,correctos,20_a_50,interior,primeras_semanas,normal,recien_desencofrada,no,diferente_zonas,seco,30
vigueta,horizontal,media,cabeza,multiples_paralelas,se_abre_con_tiempo,perdida_seccion,oscurecido,normal,no,manchas_oxido,separados,20_a_50,costero_marino,anos_despues,sobrecarga,original,no,diferente_zonas,humedo,32
pilar,vertical,media,esquinas,periodica,aparecio_de_golpe,recubrimiento_desprendido,normal,normal,parcialmente,oxidada_visible,separados,mas_50,sumergido,durante_construccion,sobrecarga,reforzada,desplazamiento_lateral,hueco,seco,1
viga,vertical,media,ambas_caras,ramificada,aparecio_de_golpe,no_hay,normal,humedo_filtraciones,parcialmente,no_visible,desplazados,menos_5,exterior_continental,durante_construccion,sobrecarga,recien_desencofrada,flecha_abajo,solido,humedo,25
mensula,diagonal_45_75,cerrada_fina,esquinas,periodica,aparecio_de_golpe,no_hay,manchas_oxido,poroso,completamente,manchas_oxido,ausentes,5_a_20,costero_marino,primeras_semanas,normal,recien_desencofrada,no,solido,humedo,25
muro,diagonal_45_75,abierta,cara_inferior,periodica,aparecio_de_golpe,recubrimiento_desprendido,normal,normal,parcialmente,oxidada_visible,correctos,menos_5,industrial,durante_construccion,normal,original,desplazamiento_lateral,solido,seco,84
mensula,diagonal_45_75,cerrada_fina,cabeza,periodica,se_cierra_al_descender,no_hay,normal,normal,parcialmente,oxidada_visible,correctos,menos_5,industrial,subita_reciente,normal,reforzada,no,solido,seco,36
vigueta,diagonal_45,cerrada_fina,cabeza,periodica,se_abre_con_tiempo,no_hay,manchas_blancas,poroso,no,no_visible,correctos,menos_5,exterior_continental,durante_construccion,normal,original,flecha_abajo,diferente_zonas,filtracion_activa,40
pilar,diagonal_45,grieta_separacion,esquinas,multiples_distintos_planos,aparecio_de_golpe,recubrimiento_desprendido,manchas_blancas,normal,parcialmente,oxidada_visible,separados,20_a_50,costero_marino,subita_reciente,sobrecarga,original,no,solido,humedo,1
vigueta,vertical,abierta,esquinas,multiples_paralelas,aparecio_de_golpe,recubrimiento_desprendido,normal,normal,no,no_visible,correctos,5_a_20,industrial,anos_despues,normal,original,no,diferente_zonas,humedo,38
forjado_reticular,red_mapa,cerrada_fina,ambas_caras,ramificada,se_cierra_al_descender,no_hay,manchas_blancas,poroso,no,no_visible,ausentes,20_a_50,costero_marino,primeros_meses,sobrecarga,reforzada,no,hueco,humedo,65
pilar,vertical,media,centro,multiples_distintos_planos,estable,recubrimiento_desprendido,normal,normal,completamente,no_visible,desplazados,5_a_20,exterior_continental,durante_construccion,normal,recien_desencofrada,desplazamiento_lateral,hueco,humedo,5
mensula,sin_fisura,cerrada_fina,cara_inferior,unica,estable,recubrimiento_desprendido,normal,poroso,parcialmente,no_visible,correctos,20_a_50,costero_marino,primeros_meses,normal,reparada,desplazamiento_lateral,diferente_zonas,seco,34
muro,sin_fisura,cerrada_fina,esquinas,unica,estable,recubrimiento_desprendido,normal,normal,no,no_visible,correctos,20_a_50,exterior_continental,subita_reciente,sobrecarga,original,aplastamiento,diferente_zonas,seco,58
cimentacion_zapata,vertical,media,base,multiples_distintos_planos,se_cierra_al_alejarse,no_hay,manchas_oxido,poroso,no,no_visible,correctos,5_a_20,sumergido,durante_construccion,normal,original,desplazamiento_lateral,hueco,humedo,87
forjado_unidireccional,red_mapa,cerrada_fina,centro,unica,se_cierra_al_alejarse,no_hay,normal,normal,no,manchas_oxido,correctos,mas_50,costero_marino,primeros_meses,descarga,original,flecha_abajo,solido,seco,63
cimentacion_zapata,diagonal_45_75,media,base,ramificada,se_cierra_al_alejarse,no_hay,normal,normal,no,no_visible,separados,20_a_50,costero_marino,primeros_meses,normal,original,giro_inclinacion,solido,seco,86
viga,horizontal,media,union_otro_elemento,unica,aparecio_de_golpe,no_hay,normal,normal,no,no_visible,correctos,menos_5,costero_marino,durante_construccion,sobrecarga,original,no,diferente_zonas,filtracion_activa,42
mensula,horizontal,media,ambas_caras,multiples_paralelas,se_cierra_al_descender,recubrimiento_desprendido,normal,poroso,parcialmente,perdida_seccion,correctos,20_a_50,sumergido,subita_reciente,sobrecarga,original,flecha_abajo,hueco,seco,33
mensula,diagonal_45,media,cabeza,periodica,se_cierra_al_alejarse,perdida_seccion,manchas_oxido,poroso,completamente,oxidada_visible,separados,menos_5,sumergido,primeros_meses,normal,original,flecha_abajo,diferente_zonas,seco,35
mensula,sin_fisura,cerrada_fina,ambas_caras,unica,estable,recubrimiento_desprendido,manchas_oxido,normal,no,manchas_oxido,correctos,5_a_20,costero_marino,durante_construccion,normal,recien_desencofrada,no,hueco,seco,49
vigueta,sin_fisura,cerrada_fina,ambas_caras,unica,estable,no_hay,manchas_oxido,normal,parcialmente,manchas_oxido,correctos,menos_5,sumergido,primeras_semanas,sobrecarga,original,no,hueco,seco,15
forjado_reticular,diagonal_45,grieta_separacion,ambas_caras,multiples_distintos_planos,aparecio_de_golpe,perdida_seccion,normal,normal,parcialmente,manchas_oxido,separados,5_a_20,costero_marino,primeros_meses,normal,reforzada,desplazamiento_lateral,diferente_zonas,seco,51
viga,horizontal,cerrada_fina,base,unica,se_cierra_al_alejarse,no_hay,normal,normal,no,no_visible,separados,5_a_20,interior,primeras_semanas,normal,recien_desencofrada,desplazamiento_lateral,solido,seco,23
viga,diagonal_45,abierta,union_otro_elemento,multiples_paralelas,aparecio_de_golpe,no_hay,normal,disgregado,parcialmente,oxidada_visible,separados,20_a_50,sumergido,subita_reciente,sobrecarga,original,no,hueco,humedo,20
pilar,horizontal,abierta,esquinas,unica,se_cierra_al_alejarse,perdida_seccion,normal,normal,parcialmente,no_visible,correctos,mas_50,sumergido,primeras_semanas,sobrecarga,reforzada,no,solido,seco,4
pilar,sin_fisura,cerrada_fina,esquinas,unica,estable,recubrimiento_desprendido,normal,disgregado,completamente,oxidada_visible,ausentes,20_a_50,industrial,durante_construccion,sobrecarga,original,no,hueco,seco,1
tabique_cerramiento,diagonal_45_75,media,union_otro_elemento,multiples_paralelas,aparecio_de_golpe,no_hay,manchas_oxido,humedo_filtraciones,no,no_visible,correctos,5_a_20,exterior_continental,subita_reciente,sobrecarga,original,no,diferente_zonas,humedo,80
viga,red_mapa,grieta_separacion,centro,ramificada,se_abre_con_tiempo,recubrimiento_desprendido,normal,normal,parcialmente,manchas_oxido,separados,mas_50,exterior_continental,subita_reciente,normal,original,no,solido,humedo,22
viga,sin_fisura,cerrada_fina,cabeza,unica,estable,recubrimiento_desprendido,normal,normal,no,no_visible,correctos,menos_5,exterior_continental,subita_reciente,sobrecarga,original,no,solido,seco,58
vigueta,horizontal,cerrada_fina,cara_inferior,ramificada,se_cierra_al_alejarse,recubrimiento_desprendido,normal,humedo_filtraciones,no,no_visible,correctos,5_a_20,industrial,primeras_semanas,normal,recien_desencofrada,no,solido,filtracion_activa,40
voladizo,horizontal,media,cara_inferior,ramificada,aparecio_de_golpe,no_hay,normal,normal,parcialmente,manchas_oxido,separados,5_a_20,exterior_continental,primeras_semanas,sobrecarga,recien_desencofrada,giro_inclinacion,diferente_zonas,seco,45
forjado_reticular,horizontal,media,cara_inferior,multiples_paralelas,estable,perdida_seccion,normal,normal,no,no_visible,correctos,mas_50,sumergido,durante_construccion,sobrecarga,original,flecha_abajo,solido,seco,48
viga,horizontal,cerrada_fina,cabeza,multiples_paralelas,estable,no_hay,manchas_blancas,normal,parcialmente,perdida_seccion,correctos,menos_5,costero_marino,primeros_meses,descarga,recien_desencofrada,no,solido,humedo,27
vigueta,sin_fisura,cerrada_fina,esquinas,unica,estable,no_hay,manchas_oxido,normal,parcialmente,no_visible,correctos,5_a_20,interior,primeros_meses,normal,reparada,no,solido,seco,39
viga,vertical,cerrada_fina,union_otro_elemento,multiples_paralelas,se_cierra_al_alejarse,no_hay,normal,poroso,parcialmente,no_visible,separados,20_a_50,industrial,subita_reciente,normal,original,flecha_abajo,solido,seco,59
tabique_cerramiento,red_mapa,grieta_separacion,cabeza,periodica,se_cierra_al_alejarse,perdida_seccion,normal,disgregado,parcialmente,no_visible,correctos,menos_5,industrial,primeros_meses,normal,original,no,diferente_zonas,seco,2
voladizo,diagonal_45_75,abierta,cabeza,ramificada,se_cierra_al_descender,no_hay,normal,normal,no,no_visible,correctos,20_a_50,industrial,subita_reciente,normal,reparada,no,solido,seco,93
voladizo,diagonal_45,grieta_separacion,cara_inferior,unica,aparecio_de_golpe,recubrimiento_desprendido,manchas_oxido,normal,parcialmente,no_visible,correctos,5_a_20,costero_marino,durante_construccion,sobrecarga,reparada,flecha_abajo,diferente_zonas,seco,48
forjado_unidireccional,horizontal,cerrada_fina,centro,multiples_distintos_planos,se_cierra_al_alejarse,no_hay,oscurecido,humedo_filtraciones,no,no_visible,correctos,mas_50,costero_marino,primeros_meses,normal,original,no,solido,filtracion_activa,65
viga,diagonal_45_75,grieta_separacion,perimetro,multiples_distintos_planos,aparecio_de_golpe,recubrimiento_desprendido,normal,poroso,parcialmente,oxidada_visible,separados,menos_5,industrial,durante_construccion,sobrecarga,recien_desencofrada,giro_inclinacion,solido,seco,21
cimentacion_zapata,red_mapa,abierta,union_otro_elemento,multiples_paralelas,aparecio_de_golpe,recubrimiento_desprendido,normal,poroso,no,no_visible,correctos,5_a_20,sumergido,subita_reciente,sobrecarga,recien_desencofrada,desplazamiento_lateral,hueco,seco,91
mensula,diagonal_45_75,media,cabeza,ramificada,se_cierra_al_descender,no_hay,manchas_oxido,poroso,parcialmente,oxidada_visible,separados,5_a_20,sumergido,anos_despues,normal,original,no,diferente_zonas,seco,35
tabique_cerramiento,diagonal_45,media,ambas_caras,periodica,aparecio_de_golpe,recubrimiento_desprendido,manchas_blancas,humedo_filtraciones,no,manchas_oxido,correctos,menos_5,interior,durante_construccion,sobrecarga,reparada,no,solido,humedo,79
forjado_unidireccional,diagonal_45_75,cerrada_fina,cara_inferior,ramificada,se_cierra_al_descender,recubrimiento_desprendido,manchas_oxido,poroso,no,no_visible,correctos,mas_50,interior,primeras_semanas,sobrecarga,original,aplastamiento,solido,seco,60
vigueta,sin_fisura,cerrada_fina,esquinas,unica,estable,perdida_seccion,normal,normal,parcialmente,manchas_oxido,correctos,menos_5,costero_marino,durante_construccion,descarga,recien_desencofrada,no,hueco,seco,41
vigueta,diagonal_45,cerrada_fina,cabeza,unica,se_cierra_al_alejarse,desmoronandose,manchas_blancas,disgregado,no,no_visible,correctos,menos_5,exterior_continental,durante_construccion,sobrecarga,recien_desencofrada,no,solido,humedo,40
viga,diagonal_45,abierta,base,ramificada,se_cierra_al_descender,recubrimiento_desprendido,normal,normal,no,manchas_oxido,separados,5_a_20,costero_marino,subita_reciente,sobrecarga,original,flecha_abajo,hueco,filtracion_activa,20
voladizo,diagonal_45,media,base,periodica,estable,no_hay,manchas_oxido,normal,no,no_visible,correctos,menos_5,exterior_continental,anos_despues,sobrecarga,original,no,solido,seco,47
viga,vertical,cerrada_fina,perimetro,unica,se_cierra_al_descender,no_hay,normal,normal,no,no_visible,correctos,20_a_50,industrial,primeras_semanas,sobrecarga,reforzada,no,solido,seco,28
tabique_cerramiento,diagonal_45,cerrada_fina,cabeza,multiples_distintos_planos,se_cierra_al_alejarse,no_hay,normal,normal,no,no_visible,correctos,mas_50,exterior_continental,durante_construccion,sobrecarga,reforzada,no,solido,seco,66
mensula,sin_fisura,cerrada_fina,cabeza,unica,estable,recubrimiento_desprendido,normal,normal,parcialmente,oxidada_visible,correctos,20_a_50,industrial,primeras_semanas,sobrecarga,original,desplazamiento_lateral,hueco,seco,34
vigueta,sin_fisura,cerrada_fina,cabeza,unica,estable,no_hay,normal,humedo_filtraciones,no,manchas_oxido,separados,mas_50,exterior_continental,subita_reciente,normal,original,desplazamiento_lateral,hueco,humedo,37
viga,diagonal_45_75,media,union_otro_elemento,multiples_distintos_planos,aparecio_de_golpe,perdida_seccion,manchas_oxido,normal,no,manchas_oxido,desplazados,menos_5,costero_marino,durante_construccion,sobrecarga,recien_desencofrada,desplazamiento_lateral,diferente_zonas,seco,21
forjado_unidireccional,sin_fisura,cerrada_fina,base,unica,estable,no_hay,manchas_blancas,normal,no,no_visible,separados,5_a_20,exterior_continental,primeras_semanas,normal,original,flecha_abajo,solido,humedo,59
muro,diagonal_45_75,abierta,perimetro,ramificada,se_cierra_al_descender,perdida_seccion,normal,poroso,completamente,manchas_oxido,separados,20_a_50,industrial,durante_construccion,sobrecarga,original,flecha_abajo,diferente_zonas,humedo,84
forjado_unidireccional,diagonal_45_75,abierta,perimetro,ramificada,se_abre_con_tiempo,recubrimiento_desprendido,oscurecido,normal,completamente,oxidada_visible,ausentes,20_a_50,sumergido,durante_construccion,normal,reparada,desplazamiento_lateral,diferente_zonas,humedo,53
forjado_unidireccional,diagonal_45_75,cerrada_fina,cara_inferior,ramificada,se_cierra_al_descender,recubrimiento_desprendido,oscurecido,normal,no,no_visible,correctos,5_a_20,sumergido,durante_construccion,normal,original,no,diferente_zonas,seco,69
cimentacion_zapata,vertical,cerrada_fina,union_otro_elemento,periodica,se_abre_con_tiempo,desmoronandose,manchas_blancas,poroso,no,manchas_oxido,correctos,20_a_50,exterior_continental,anos_despues,normal,original,flecha_abajo,hueco,seco,95
forjado_reticular,diagonal_45,media,base,multiples_paralelas,se_abre_con_tiempo,recubrimiento_desprendido,normal,normal,parcialmente,no_visible,separados,mas_50,exterior_continental,primeras_semanas,sobrecarga,original,desplazamiento_lateral,hueco,seco,56
viga,horizontal,grieta_separacion,cara_inferior,multiples_distintos_planos,aparecio_de_golpe,no_hay,normal,poroso,completamente,manchas_oxido,correctos,menos_5,exterior_continental,durante_construccion,normal,recien_desencofrada,no,solido,humedo,25
muro,sin_fisura,cerrada_fina,esquinas,unica,estable,no_hay,manchas_blancas,humedo_filtraciones,no,no_visible,correctos,menos_5,exterior_continental,durante_construccion,normal,original,flecha_abajo,solido,humedo,10
muro,red_mapa,abierta,cara_inferior,multiples_distintos_planos,se_cierra_al_alejarse,no_hay,normal,disgregado,no,manchas_oxido,correctos,menos_5,interior,anos_despues,normal,original,desplazamiento_lateral,solido,seco,90
viga,diagonal_45_75,abierta,centro,periodica,se_abre_con_tiempo,desmoronandose,normal,disgregado,completamente,manchas_oxido,separados,5_a_20,sumergido,primeras_semanas,normal,original,desplazamiento_lateral,diferente_zonas,humedo,18
pilar,diagonal_45_75,cerrada_fina,union_otro_elemento,unica,se_cierra_al_descender,no_hay,manchas_oxido,humedo_filtraciones,no,no_visible,separados,mas_50,costero_marino,primeras_semanas,normal,original,no,solido,humedo,11
pilar,diagonal_45,grieta_separacion,union_otro_elemento,multiples_paralelas,se_cierra_al_descender,perdida_seccion,manchas_blancas,disgregado,completamente,no_visible,desplazados,menos_5,exterior_continental,durante_construccion,normal,recien_desencofrada,giro_inclinacion,hueco,seco,8
pilar,diagonal_45,abierta,union_otro_elemento,multiples_distintos_planos,se_cierra_al_descender,recubrimiento_desprendido,manchas_oxido,normal,no,no_visible,correctos,20_a_50,exterior_continental,durante_construccion,normal,original,no,diferente_zonas,seco,92
pilar,vertical,grieta_separacion,cabeza,multiples_paralelas,se_cierra_al_descender,perdida_seccion,normal,normal,no,no_visible,correctos,mas_50,industrial,primeras_semanas,sobrecarga,reparada,flecha_abajo,hueco,seco,4
forjado_reticular,vertical,abierta,ambas_caras,unica,estable,desmoronandose,normal,disgregado,parcialmente,manchas_oxido,ausentes,menos_5,costero_marino,subita_reciente,normal,original,flecha_abajo,diferente_zonas,seco,51
cimentacion_zapata,horizontal,media,cabeza,periodica,se_cierra_al_alejarse,no_hay,oscurecido,normal,no,no_visible,correctos,menos_5,exterior_continental,subita_reciente,normal,reparada,desplazamiento_lateral,diferente_zonas,seco,92
viga,sin_fisura,cerrada_fina,centro,unica,estable,no_hay,manchas_oxido,disgregado,completamente,oxidada_visible,correctos,mas_50,interior,anos_despues,descarga,reparada,desplazamiento_lateral,diferente_zonas,seco,30
forjado_reticular,horizontal,media,ambas_caras,ramificada,estable,no_hay,normal,normal,parcialmente,perdida_seccion,desplazados,menos_5,costero_marino,durante_construccion,normal,original,no,solido,seco,52
cimentacion_zapata,vertical,media,base,multiples_distintos_planos,aparecio_de_golpe,no_hay,normal,poroso,no,manchas_oxido,correctos,menos_5,exterior_continental,anos_despues,normal,original,aplastamiento,solido,seco,83
pilar,horizontal,abierta,esquinas,multiples_distintos_planos,estable,recubrimiento_desprendido,normal,normal,parcialmente,oxidada_visible,correctos,5_a_20,sumergido,durante_construccion,sobrecarga,original,flecha_abajo,diferente_zonas,humedo,9
cimentacion_zapata,sin_fisura,cerrada_fina,esquinas,unica,estable,no_hay,manchas_oxido,normal,parcialmente,no_visible,correctos,menos_5,interior,primeras_semanas,normal,original,no,diferente_zonas,seco,91
pilar,horizontal,media,cabeza,periodica,aparecio_de_golpe,perdida_seccion,manchas_blancas,normal,no,manchas_oxido,separados,menos_5,interior,subita_reciente,normal,original,flecha_abajo,hueco,seco,7
muro,vertical,media,base,periodica,estable,desmoronandose,normal,poroso,parcialmente,manchas_oxido,separados,5_a_20,industrial,subita_reciente,normal,recien_desencofrada,no,solido,seco,83
muro,vertical,media,cara_inferior,multiples_distintos_planos,aparecio_de_golpe,no_hay,normal,poroso,no,manchas_oxido,separados,mas_50,interior,anos_despues,sobrecarga,reparada,flecha_abajo,solido,seco,45
pilar,vertical,media,base,periodica,aparecio_de_golpe,no_hay,normal,normal,parcialmente,oxidada_visible,separados,mas_50,interior,subita_reciente,normal,reforzada,no,diferente_zonas,seco,7
viga,diagonal_45,grieta_separacion,ambas_caras,multiples_distintos_planos,se_cierra_al_descender,recubrimiento_desprendido,normal,poroso,parcialmente,manchas_oxido,correctos,mas_50,costero_marino,subita_reciente,normal,original,flecha_abajo,diferente_zonas,seco,18
muro,diagonal_45,cerrada_fina,perimetro,multiples_distintos_planos,estable,no_hay,normal,poroso,no,no_visible,correctos,20_a_50,industrial,anos_despues,sobrecarga,reforzada,no,hueco,seco,96
pilar,horizontal,abierta,cabeza,ramificada,aparecio_de_golpe,no_hay,normal,normal,parcialmente,oxidada_visible,separados,5_a_20,sumergido,subita_reciente,impacto_sismo,original,flecha_abajo,hueco,filtracion_activa,7
muro,red_mapa,abierta,esquinas,multiples_distintos_planos,se_cierra_al_descender,no_hay,normal,normal,no,no_visible,separados,mas_50,industrial,anos_despues,normal,original,flecha_abajo,solido,seco,91
pilar,diagonal_45,media,esquinas,ramificada,se_cierra_al_descender,no_hay,normal,normal,no,no_visible,correctos,5_a_20,exterior_continental,primeras_semanas,sobrecarga,original,giro_inclinacion,solido,seco,12
voladizo,diagonal_45,abierta,cabeza,periodica,se_cierra_al_descender,recubrimiento_desprendido,normal,normal,completamente,manchas_oxido,ausentes,mas_50,industrial,anos_despues,normal,original,flecha_abajo,hueco,humedo,51
muro,vertical,abierta,cabeza,ramificada,se_cierra_al_alejarse,no_hay,manchas_oxido,poroso,parcialmente,no_visible,correctos,5_a_20,costero_marino,anos_despues,normal,original,desplazamiento_lateral,solido,filtracion_activa,82
forjado_unidireccional,diagonal_45,cerrada_fina,centro,multiples_distintos_planos,aparecio_de_golpe,no_hay,normal,normal,parcialmente,no_visible,separados,20_a_50,interior,durante_construccion,normal,original,no,solido,seco,61
tabique_cerramiento,diagonal_45,abierta,perimetro,multiples_paralelas,aparecio_de_golpe,perdida_seccion,normal,normal,no,manchas_oxido,separados,menos_5,sumergido,primeras_semanas,sobrecarga,recien_desencofrada,desplazamiento_lateral,diferente_zonas,seco,21
voladizo,diagonal_45_75,abierta,centro,ramificada,aparecio_de_golpe,recubrimiento_desprendido,normal,normal,parcialmente,no_visible,correctos,mas_50,exterior_continental,primeros_meses,normal,original,no,diferente_zonas,seco,48
viga,horizontal,media,base,multiples_paralelas,estable,no_hay,normal,normal,no,no_visible,separados,menos_5,sumergido,anos_despues,normal,original,desplazamiento_lateral,hueco,seco,81
mensula,vertical,abierta,esquinas,multiples_paralelas,se_cierra_al_descender,recubrimiento_desprendido,normal,normal,no,no_visible,desplazados,20_a_50,interior,anos_despues,normal,reparada,aplastamiento,diferente_zonas,seco,95
tabique_cerramiento,vertical,grieta_separacion,cabeza,multiples_paralelas,se_cierra_al_alejarse,perdida_seccion,oscurecido,poroso,parcialmente,oxidada_visible,correctos,20_a_50,industrial,durante_construccion,normal,original,no,hueco,seco,46
forjado_unidireccional,vertical,cerrada_fina,esquinas,multiples_distintos_planos,se_cierra_al_descender,no_hay,normal,disgregado,no,no_visible,correctos,5_a_20,exterior_continental,primeras_semanas,impacto_sismo,original,no,solido,seco,70
pilar,horizontal,abierta,cabeza,unica,aparecio_de_golpe,no_hay,normal,normal,no,manchas_oxido,correctos,5_a_20,sumergido,primeras_semanas,sobrecarga,original,aplastamiento,diferente_zonas,humedo,7
viga,red_mapa,cerrada_fina,cabeza,unica,aparecio_de_golpe,recubrimiento_desprendido,normal,humedo_filtraciones,parcialmente,manchas_oxido,separados,menos_5,industrial,durante_construccion,descarga,recien_desencofrada,no,solido,seco,14
viga,horizontal,abierta,cara_inferior,multiples_distintos_planos,estable,recubrimiento_desprendido,normal,normal,completamente,manchas_oxido,correctos,5_a_20,industrial,primeros_meses,sobrecarga,original,no,diferente_zonas,seco,19
muro,diagonal_45,abierta,cabeza,multiples_paralelas,se_cierra_al_descender,no_hay,normal,poroso,completamente,perdida_seccion,desplazados,menos_5,interior,durante_construccion,normal,recien_desencofrada,giro_inclinacion,diferente_zonas,seco,8
viga,vertical,cerrada_fina,base,periodica,estable,no_hay,manchas_oxido,humedo_filtraciones,no,no_visible,correctos,5_a_20,costero_marino,anos_despues,normal,reparada,no,solido,humedo,29
vigueta,sin_fisura,cerrada_fina,esquinas,unica,estable,no_hay,oscurecido,normal,no,manchas_oxido,correctos,5_a_20,exterior_continental,durante_construccion,normal,original,desplazamiento_lateral,solido,filtracion_activa,37
viga,diagonal_45,media,base,ramificada,se_cierra_al_descender,no_hay,normal,normal,parcialmente,no_visible,correctos,mas_50,costero_marino,anos_despues,normal,original,no,solido,salpicadura,93
pilar,horizontal,media,cabeza,unica,aparecio_de_golpe,perdida_seccion,normal,normal,completamente,manchas_oxido,separados,5_a_20,exterior_continental,subita_reciente,sobrecarga,original,no,diferente_zonas,seco,1
cimentacion_zapata,diagonal_45_75,media,base,multiples_paralelas,se_cierra_al_descender,no_hay,oscurecido,normal,no,no_visible,correctos,mas_50,industrial,primeras_semanas,normal,original,desplazamiento_lateral,hueco,seco,85
voladizo,red_mapa,media,centro,multiples_distintos_planos,aparecio_de_golpe,no_hay,oscurecido,poroso,no,no_visible,separados,5_a_20,sumergido,anos_despues,normal,original,no,solido,seco,68
tabique_cerramiento,diagonal_45,cerrada_fina,cabeza,multiples_paralelas,estable,no_hay,normal,normal,no,no_visible,correctos,menos_5,exterior_continental,primeras_semanas,normal,recien_desencofrada,no,solido,seco,78
pilar,red_mapa,cerrada_fina,cabeza,ramificada,se_cierra_al_alejarse,no_hay,normal,humedo_filtraciones,no,no_visible,correctos,20_a_50,costero_marino,anos_despues,normal,original,no,solido,humedo,10
pilar,diagonal_45_75,cerrada_fina,cabeza,multiples_distintos_planos,se_abre_con_tiempo,perdida_seccion,normal,normal,parcialmente,no_visible,desplazados,menos_5,exterior_continental,durante_construccion,normal,original,desplazamiento_lateral,solido,seco,5
viga,vertical,media,cara_inferior,multiples_paralelas,estable,no_hay,manchas_oxido,normal,parcialmente,perdida_seccion,correctos,mas_50,industrial,anos_despues,normal,original,desplazamiento_lateral,hueco,seco,30
cimentacion_zapata,diagonal_45,cerrada_fina,perimetro,ramificada,se_cierra_al_descender,no_hay,normal,normal,no,no_visible,ausentes,mas_50,industrial,primeras_semanas,sobrecarga,original,flecha_abajo,solido,seco,93
viga,sin_fisura,cerrada_fina,base,unica,estable,recubrimiento_desprendido,manchas_blancas,disgregado,parcialmente,no_visible,correctos,mas_50,costero_marino,durante_construccion,normal,original,no,solido,humedo,29
viga,red_mapa,media,centro,ramificada,se_abre_con_tiempo,no_hay,normal,normal,parcialmente,oxidada_visible,correctos,mas_50,industrial,primeros_meses,descarga,original,no,solido,humedo,94
viga,sin_fisura,cerrada_fina,esquinas,unica,estable,no_hay,manchas_oxido,normal,completamente,perdida_seccion,correctos,mas_50,sumergido,anos_despues,normal,original,desplazamiento_lateral,diferente_zonas,seco,30
tabique_cerramiento,diagonal_45_75,abierta,centro,multiples_distintos_planos,aparecio_de_golpe,no_hay,normal,normal,no,manchas_oxido,correctos,menos_5,interior,anos_despues,normal,original,no,solido,seco,71
viga,vertical,media,esquinas,multiples_distintos_planos,estable,no_hay,normal,normal,no,no_visible,correctos,menos_5,sumergido,anos_despues,impacto_sismo,original,desplazamiento_lateral,diferente_zonas,humedo,16
muro,red_mapa,media,esquinas,multiples_paralelas,estable,no_hay,oscurecido,humedo_filtraciones,parcialmente,oxidada_visible,separados,20_a_50,costero_marino,primeros_meses,normal,original,flecha_abajo,solido,humedo,37
pilar,horizontal,cerrada_fina,esquinas,multiples_distintos_planos,aparecio_de_golpe,no_hay,manchas_oxido,poroso,no,no_visible,correctos,menos_5,exterior_continental,anos_despues,normal,reparada,no,diferente_zonas,humedo,11
viga,vertical,abierta,perimetro,multiples_paralelas,se_abre_con_tiempo,recubrimiento_desprendido,manchas_oxido,normal,no,manchas_oxido,correctos,20_a_50,interior,subita_reciente,sobrecarga,original,desplazamiento_lateral,diferente_zonas,seco,24
cimentacion_zapata,diagonal_45_75,cerrada_fina,cara_inferior,periodica,estable,no_hay,normal,humedo_filtraciones,no,no_visible,correctos,5_a_20,exterior_continental,durante_construccion,normal,original,no,solido,seco,64
forjado_reticular,horizontal,cerrada_fina,cara_inferior,periodica,se_cierra_al_descender,no_hay,normal,normal,parcialmente,oxidada_visible,correctos,20_a_50,exterior_continental,subita_reciente,normal,reforzada,no,solido,seco,63
viga,diagonal_45,media,cabeza,ramificada,se_cierra_al_alejarse,recubrimiento_desprendido,manchas_oxido,normal,no,manchas_oxido,correctos,5_a_20,interior,primeros_meses,normal,original,flecha_abajo,solido,seco,19
viga,diagonal_45,abierta,perimetro,periodica,aparecio_de_golpe,recubrimiento_desprendido,normal,normal,completamente,manchas_oxido,ausentes,menos_5,interior,durante_construccion,sobrecarga,recien_desencofrada,flecha_abajo,diferente_zonas,seco,21
vigueta,horizontal,cerrada_fina,union_otro_elemento,unica,se_abre_con_tiempo,recubrimiento_desprendido,normal,normal,no,no_visible,correctos,20_a_50,interior,durante_construccion,normal,original,no,solido,humedo,39
pilar,horizontal,media,union_otro_elemento,multiples_paralelas,aparecio_de_golpe,recubrimiento_desprendido,manchas_blancas,poroso,parcialmente,no_visible,correctos,mas_50,costero_marino,durante_construccion,normal,recien_desencofrada,desplazamiento_lateral,diferente_zonas,seco,4
pilar,horizontal,media,centro,periodica,estable,no_hay,normal,poroso,parcialmente,no_visible,separados,menos_5,interior,anos_despues,impacto_sismo,original,desplazamiento_lateral,diferente_zonas,seco,16
vigueta,horizontal,media,cabeza,unica,se_cierra_al_descender,no_hay,normal,normal,completamente,oxidada_visible,correctos,menos_5,industrial,primeros_meses,impacto_sismo,reforzada,desplazamiento_lateral,diferente_zonas,seco,9
pilar,red_mapa,cerrada_fina,ambas_caras,multiples_paralelas,se_cierra_al_descender,no_hay,normal,humedo_filtraciones,parcialmente,no_visible,ausentes,mas_50,costero_marino,durante_construccion,normal,original,no,solido,filtracion_activa,10
muro,vertical,abierta,ambas_caras,multiples_distintos_planos,estable,no_hay,normal,poroso,parcialmente,oxidada_visible,correctos,5_a_20,costero_marino,primeros_meses,normal,reforzada,no,diferente_zonas,seco,74
voladizo,horizontal,abierta,esquinas,ramificada,se_abre_con_tiempo,perdida_seccion,normal,normal,parcialmente,manchas_oxido,correctos,mas_50,sumergido,subita_reciente,normal,original,aplastamiento,hueco,humedo,46
muro,diagonal_45_75,cerrada_fina,base,ramificada,se_abre_con_tiempo,no_hay,manchas_oxido,humedo_filtraciones,no,no_visible,correctos,20_a_50,sumergido,subita_reciente,sobrecarga,reparada,flecha_abajo,diferente_zonas,filtracion_activa,87
viga,diagonal_45_75,grieta_separacion,centro,ramificada,se_abre_con_tiempo,recubrimiento_desprendido,normal,normal,completamente,oxidada_visible,correctos,menos_5,interior,primeras_semanas,sobrecarga,recien_desencofrada,no,diferente_zonas,seco,18
viga,red_mapa,abierta,esquinas,multiples_paralelas,aparecio_de_golpe,no_hay,manchas_blancas,humedo_filtraciones,parcialmente,oxidada_visible,correctos,5_a_20,costero_marino,primeras_semanas,normal,original,desplazamiento_lateral,hueco,humedo,26
tabique_cerramiento,vertical,media,ambas_caras,multiples_distintos_planos,se_cierra_al_alejarse,no_hay,oscurecido,normal,parcialmente,oxidada_visible,separados,5_a_20,costero_marino,primeros_meses,normal,reparada,flecha_abajo,solido,humedo,74
muro,diagonal_45_75,media,cabeza,periodica,se_cierra_al_alejarse,no_hay,normal,normal,parcialmente,no_visible,correctos,mas_50,costero_marino,durante_construccion,sobrecarga,original,no,solido,seco,92
vigueta,horizontal,media,base,multiples_paralelas,se_abre_con_tiempo,no_hay,manchas_blancas,poroso,no,manchas_oxido,separados,menos_5,costero_marino,durante_construccion,normal,reparada,no,solido,humedo,40
cimentacion_zapata,sin_fisura,cerrada_fina,union_otro_elemento,unica,estable,recubrimiento_desprendido,normal,normal,no,no_visible,correctos,menos_5,costero_marino,primeras_semanas,normal,original,giro_inclinacion,hueco,seco,89
cimentacion_zapata,vertical,abierta,base,ramificada,estable,no_hay,normal,poroso,no,no_visible,separados,menos_5,costero_marino,primeras_semanas,normal,original,flecha_abajo,diferente_zonas,humedo,81
viga,red_mapa,cerrada_fina,centro,unica,se_cierra_al_alejarse,no_hay,normal,normal,no,no_visible,separados,20_a_50,interior,primeras_semanas,normal,original,no,diferente_zonas,humedo,28
viga,diagonal_45,grieta_separacion,base,ramificada,aparecio_de_golpe,perdida_seccion,normal,poroso,parcialmente,no_visible,separados,menos_5,sumergido,primeros_meses,normal,reparada,no,diferente_zonas,seco,31
forjado_unidireccional,diagonal_45,abierta,centro,periodica,se_cierra_al_alejarse,no_hay,normal,disgregado,no,no_visible,separados,5_a_20,industrial,subita_reciente,normal,original,no,diferente_zonas,seco,64
vigueta,sin_fisura,cerrada_fina,cabeza,unica,estable,recubrimiento_desprendido,oscurecido,normal,no,manchas_oxido,correctos,mas_50,industrial,durante_construccion,normal,recien_desencofrada,aplastamiento,diferente_zonas,seco,38
vigueta,horizontal,abierta,cara_inferior,ramificada,aparecio_de_golpe,recubrimiento_desprendido,normal,normal,completamente,oxidada_visible,separados,mas_50,costero_marino,subita_reciente,sobrecarga,original,desplazamiento_lateral,hueco,humedo,44
cimentacion_zapata,diagonal_45_75,media,union_otro_elemento,ramificada,estable,no_hay,normal,normal,no,no_visible,correctos,20_a_50,industrial,subita_reciente,normal,original,desplazamiento_lateral,diferente_zonas,seco,86
pilar,vertical,media,esquinas,ramificada,se_cierra_al_alejarse,no_hay,normal,normal,parcialmente,oxidada_visible,correctos,mas_50,costero_marino,durante_construccion,impacto_sismo,original,no,hueco,seco,9
cimentacion_zapata,diagonal_45_75,abierta,centro,ramificada,se_abre_con_tiempo,perdida_seccion,manchas_oxido,poroso,parcialmente,perdida_seccion,correctos,5_a_20,costero_marino,anos_despues,normal,original,desplazamiento_lateral,solido,salpicadura,6
mensula,sin_fisura,cerrada_fina,esquinas,unica,estable,recubrimiento_desprendido,manchas_blancas,normal,parcialmente,no_visible,correctos,20_a_50,industrial,primeros_meses,sobrecarga,original,desplazamiento_lateral,diferente_zonas,filtracion_activa,34
vigueta,red_mapa,media,base,multiples_distintos_planos,estable,no_hay,normal,normal,no,no_visible,correctos,menos_5,industrial,primeros_meses,normal,original,giro_inclinacion,solido,seco,81
muro,red_mapa,media,esquinas,multiples_distintos_planos,se_cierra_al_alejarse,no_hay,normal,normal,no,no_visible,correctos,menos_5,industrial,subita_reciente,normal,original,no,solido,seco,90
forjado_unidireccional,diagonal_45_75,media,base,periodica,se_cierra_al_alejarse,no_hay,normal,normal,parcialmente,oxidada_visible,desplazados,5_a_20,industrial,primeras_semanas,normal,reparada,no,diferente_zonas,salpicadura,62
forjado_unidireccional,horizontal,media,centro,unica,estable,recubrimiento_desprendido,normal,normal,parcialmente,no_visible,correctos,5_a_20,exterior_continental,anos_despues,normal,reparada,aplastamiento,solido,seco,60
forjado_unidireccional,vertical,cerrada_fina,cabeza,multiples_distintos_planos,aparecio_de_golpe,recubrimiento_desprendido,manchas_blancas,poroso,no,no_visible,desplazados,mas_50,exterior_continental,primeras_semanas,impacto_sismo,recien_desencofrada,no,solido,humedo,65
forjado_unidireccional,diagonal_45_75,cerrada_fina,base,periodica,se_cierra_al_alejarse,no_hay,manchas_oxido,normal,no,no_visible,correctos,mas_50,costero_marino,durante_construccion,normal,reforzada,no,diferente_zonas,humedo,59
pilar,vertical,grieta_separacion,ambas_caras,unica,aparecio_de_golpe,perdida_seccion,normal,poroso,parcialmente,oxidada_visible,separados,20_a_50,costero_marino,durante_construccion,sobrecarga,original,flecha_abajo,hueco,seco,3
cimentacion_zapata,horizontal,abierta,base,multiples_paralelas,estable,no_hay,normal,normal,no,no_visible,correctos,menos_5,sumergido,primeros_meses,sobrecarga,original,flecha_abajo,diferente_zonas,seco,81
pilar,vertical,abierta,cabeza,unica,aparecio_de_golpe,perdida_seccion,normal,poroso,parcialmente,no_visible,ausentes,menos_5,sumergido,durante_construccion,normal,original,desplazamiento_lateral,diferente_zonas,humedo,5
pilar,horizontal,abierta,ambas_caras,unica,se_abre_con_tiempo,recubrimiento_desprendido,manchas_oxido,normal,parcialmente,manchas_oxido,desplazados,menos_5,sumergido,subita_reciente,impacto_sismo,reforzada,desplazamiento_lateral,solido,humedo,3
muro,diagonal_45,cerrada_fina,cabeza,unica,estable,no_hay,normal,poroso,no,no_visible,correctos,menos_5,exterior_continental,primeros_meses,normal,original,no,solido,humedo,75
forjado_reticular,diagonal_45_75,media,union_otro_elemento,periodica,aparecio_de_golpe,no_hay,normal,normal,no,no_visible,correctos,5_a_20,sumergido,subita_reciente,normal,original,no,hueco,seco,96
cimentacion_zapata,diagonal_45_75,abierta,base,ramificada,se_cierra_al_descender,no_hay,normal,poroso,no,no_visible,correctos,menos_5,interior,primeros_meses,normal,original,desplazamiento_lateral,solido,seco,85
viga,diagonal_45,media,cara_inferior,multiples_paralelas,se_abre_con_tiempo,no_hay,normal,normal,no,no_visible,correctos,menos_5,industrial,anos_despues,normal,original,no,solido,humedo,64
cimentacion_zapata,diagonal_45_75,cerrada_fina,perimetro,multiples_distintos_planos,se_cierra_al_descender,no_hay,oscurecido,poroso,no,no_visible,correctos,menos_5,industrial,anos_despues,normal,original,flecha_abajo,diferente_zonas,humedo,90
tabique_cerramiento,diagonal_45_75,cerrada_fina,ambas_caras,multiples_distintos_planos,se_cierra_al_alejarse,no_hay,normal,normal,no,no_visible,correctos,menos_5,interior,primeros_meses,sobrecarga,recien_desencofrada,no,solido,seco,69
tabique_cerramiento,red_mapa,cerrada_fina,centro,multiples_distintos_planos,estable,no_hay,normal,disgregado,parcialmente,perdida_seccion,correctos,5_a_20,sumergido,primeros_meses,normal,original,desplazamiento_lateral,solido,humedo,68
tabique_cerramiento,diagonal_45_75,media,ambas_caras,unica,estable,no_hay,normal,humedo_filtraciones,no,no_visible,correctos,menos_5,interior,anos_despues,sobrecarga,original,no,diferente_zonas,seco,75
muro,diagonal_45,cerrada_fina,union_otro_elemento,ramificada,se_cierra_al_alejarse,no_hay,manchas_oxido,normal,parcialmente,no_visible,correctos,5_a_20,exterior_continental,durante_construccion,normal,reparada,no,solido,seco,75
mensula,vertical,cerrada_fina,base,multiples_distintos_planos,estable,no_hay,oscurecido,normal,no,no_visible,correctos,menos_5,industrial,primeros_meses,sobrecarga,reparada,no,solido,humedo,83
viga,horizontal,cerrada_fina,cabeza,unica,aparecio_de_golpe,no_hay,normal,poroso,no,no_visible,separados,menos_5,interior,durante_construccion,sobrecarga,recien_desencofrada,flecha_abajo,solido,seco,27
viga,diagonal_45,cerrada_fina,perimetro,multiples_distintos_planos,se_cierra_al_descender,no_hay,manchas_blancas,humedo_filtraciones,no,no_visible,correctos,20_a_50,exterior_continental,anos_despues,sobrecarga,original,no,solido,humedo,67
forjado_reticular,diagonal_45_75,media,perimetro,multiples_distintos_planos,estable,no_hay,normal,normal,no,no_visible,correctos,5_a_20,interior,primeras_semanas,sobrecarga,recien_desencofrada,no,hueco,seco,54
vigueta,red_mapa,cerrada_fina,esquinas,ramificada,se_abre_con_tiempo,no_hay,normal,disgregado,no,no_visible,correctos,menos_5,sumergido,primeras_semanas,impacto_sismo,original,no,solido,humedo,39
cimentacion_zapata,diagonal_45_75,abierta,esquinas,periodica,estable,no_hay,normal,humedo_filtraciones,no,no_visible,correctos,20_a_50,costero_marino,anos_despues,normal,original,desplazamiento_lateral,diferente_zonas,humedo,82
viga,vertical,cerrada_fina,cara_inferior,periodica,se_abre_con_tiempo,no_hay,normal,poroso,parcialmente,perdida_seccion,correctos,20_a_50,exterior_continental,durante_construccion,sobrecarga,original,no,solido,filtracion_activa,57
pilar,diagonal_45,media,cabeza,unica,se_abre_con_tiempo,no_hay,manchas_oxido,normal,parcialmente,manchas_oxido,correctos,20_a_50,industrial,anos_despues,normal,original,desplazamiento_lateral,hueco,seco,13
tabique_cerramiento,diagonal_45_75,media,centro,multiples_distintos_planos,se_cierra_al_alejarse,recubrimiento_desprendido,normal,normal,no,manchas_oxido,correctos,5_a_20,sumergido,anos_despues,descarga,original,no,solido,seco,68
forjado_unidireccional,diagonal_45_75,abierta,centro,ramificada,estable,no_hay,normal,normal,no,no_visible,ausentes,menos_5,exterior_continental,durante_construccion,sobrecarga,original,no,solido,humedo,71
voladizo,horizontal,cerrada_fina,cara_inferior,unica,aparecio_de_golpe,desmoronandose,oscurecido,disgregado,parcialmente,manchas_oxido,correctos,20_a_50,exterior_continental,subita_reciente,sobrecarga,original,flecha_abajo,diferente_zonas,seco,45
tabique_cerramiento,vertical,cerrada_fina,union_otro_elemento,periodica,aparecio_de_golpe,no_hay,manchas_oxido,humedo_filtraciones,parcialmente,no_visible,correctos,20_a_50,costero_marino,subita_reciente,sobrecarga,reparada,no,solido,seco,79
cimentacion_zapata,diagonal_45,media,base,unica,se_abre_con_tiempo,no_hay,manchas_blancas,normal,no,no_visible,correctos,mas_50,industrial,primeras_semanas,sobrecarga,original,desplazamiento_lateral,hueco,seco,86
tabique_cerramiento,diagonal_45,cerrada_fina,centro,multiples_distintos_planos,se_cierra_al_descender,no_hay,manchas_blancas,humedo_filtraciones,no,no_visible,separados,menos_5,exterior_continental,subita_reciente,sobrecarga,original,no,diferente_zonas,humedo,67
voladizo,red_mapa,cerrada_fina,esquinas,multiples_distintos_planos,aparecio_de_golpe,recubrimiento_desprendido,normal,poroso,no,manchas_oxido,correctos,mas_50,sumergido,anos_despues,sobrecarga,original,no,solido,humedo,66
pilar,sin_fisura,cerrada_fina,cabeza,unica,estable,no_hay,manchas_blancas,disgregado,no,no_visible,correctos,5_a_20,exterior_continental,primeros_meses,normal,original,no,solido,humedo,11
viga,diagonal_45,cerrada_fina,ambas_caras,unica,aparecio_de_golpe,recubrimiento_desprendido,normal,normal,completamente,oxidada_visible,separados,menos_5,exterior_continental,subita_reciente,sobrecarga,recien_desencofrada,no,solido,seco,19
viga,sin_fisura,cerrada_fina,centro,unica,estable,no_hay,normal,normal,parcialmente,manchas_oxido,correctos,20_a_50,costero_marino,subita_reciente,normal,original,no,solido,seco,63
pilar,diagonal_45_75,abierta,union_otro_elemento,ramificada,aparecio_de_golpe,recubrimiento_desprendido,manchas_blancas,normal,no,no_visible,separados,20_a_50,sumergido,subita_reciente,sobrecarga,reparada,no,diferente_zonas,humedo,3
mensula,red_mapa,abierta,cara_inferior,multiples_paralelas,se_cierra_al_alejarse,recubrimiento_desprendido,normal,poroso,no,no_visible,correctos,5_a_20,industrial,subita_reciente,sobrecarga,original,no,hueco,seco,34
viga,horizontal,cerrada_fina,union_otro_elemento,unica,estable,no_hay,normal,humedo_filtraciones,parcialmente,no_visible,correctos,5_a_20,exterior_continental,primeras_semanas,normal,original,no,solido,salpicadura,77
cimentacion_zapata,horizontal,media,union_otro_elemento,multiples_distintos_planos,se_abre_con_tiempo,no_hay,manchas_blancas,normal,parcialmente,no_visible,correctos,5_a_20,exterior_continental,anos_despues,normal,original,no,diferente_zonas,humedo,89
viga,vertical,cerrada_fina,perimetro,ramificada,estable,no_hay,normal,normal,no,manchas_oxido,correctos,5_a_20,costero_marino,primeros_meses,descarga,recien_desencofrada,no,solido,seco,63
forjado_reticular,vertical,cerrada_fina,cara_inferior,multiples_paralelas,estable,no_hay,normal,poroso,parcialmente,manchas_oxido,correctos,menos_5,interior,durante_construccion,sobrecarga,recien_desencofrada,no,solido,seco,52
voladizo,red_mapa,cerrada_fina,centro,multiples_distintos_planos,se_abre_con_tiempo,no_hay,normal,normal,no,no_visible,correctos,5_a_20,industrial,anos_despues,sobrecarga,original,no,solido,seco,68
pilar,vertical,grieta_separacion,esquinas,unica,estable,recubrimiento_desprendido,normal,normal,parcialmente,no_visible,separados,20_a_50,costero_marino,subita_reciente,normal,recien_desencofrada,flecha_abajo,solido,humedo,4
pilar,sin_fisura,cerrada_fina,esquinas,unica,estable,recubrimiento_desprendido,normal,normal,parcialmente,manchas_oxido,desplazados,mas_50,sumergido,durante_construccion,sobrecarga,original,no,solido,humedo,1
muro,horizontal,media,base,periodica,estable,recubrimiento_desprendido,manchas_oxido,normal,no,no_visible,correctos,mas_50,costero_marino,primeros_meses,normal,original,aplastamiento,hueco,seco,95
viga,sin_fisura,cerrada_fina,centro,unica,estable,no_hay,normal,normal,no,manchas_oxido,correctos,mas_50,costero_marino,primeras_semanas,descarga,recien_desencofrada,no,solido,seco,63
viga,diagonal_45_75,grieta_separacion,union_otro_elemento,unica,se_abre_con_tiempo,recubrimiento_desprendido,normal,normal,parcialmente,manchas_oxido,correctos,20_a_50,costero_marino,subita_reciente,normal,original,aplastamiento,diferente_zonas,seco,18
mensula,diagonal_45,media,base,ramificada,estable,perdida_seccion,manchas_blancas,normal,completamente,manchas_oxido,separados,20_a_50,exterior_continental,anos_despues,normal,original,no,solido,humedo,35
voladizo,vertical,cerrada_fina,base,multiples_paralelas,estable,no_hay,manchas_blancas,normal,no,no_visible,correctos,mas_50,industrial,primeros_meses,normal,reparada,no,solido,filtracion_activa,47
voladizo,horizontal,cerrada_fina,esquinas,multiples_distintos_planos,se_cierra_al_alejarse,no_hay,normal,normal,no,no_visible,correctos,5_a_20,costero_marino,subita_reciente,sobrecarga,original,no,solido,seco,66
vigueta,horizontal,cerrada_fina,esquinas,periodica,se_cierra_al_descender,no_hay,manchas_blancas,humedo_filtraciones,no,no_visible,separados,menos_5,sumergido,durante_construccion,normal,original,no,solido,humedo,40
viga,diagonal_45,grieta_separacion,ambas_caras,ramificada,estable,recubrimiento_desprendido,manchas_blancas,normal,parcialmente,manchas_oxido,correctos,mas_50,exterior_continental,durante_construccion,sobrecarga,original,flecha_abajo,diferente_zonas,humedo,18
forjado_unidireccional,diagonal_45,media,ambas_caras,ramificada,se_cierra_al_descender,no_hay,oscurecido,humedo_filtraciones,parcialmente,oxidada_visible,correctos,20_a_50,costero_marino,durante_construccion,normal,original,no,diferente_zonas,salpicadura,43
pilar,diagonal_45,media,esquinas,periodica,estable,no_hay,normal,normal,no,no_visible,correctos,20_a_50,costero_marino,durante_construccion,normal,original,no,hueco,seco,12
forjado_reticular,vertical,abierta,esquinas,multiples_paralelas,estable,no_hay,normal,normal,no,no_visible,correctos,menos_5,exterior_continental,primeras_semanas,descarga,recien_desencofrada,flecha_abajo,diferente_zonas,humedo,52
forjado_unidireccional,vertical,cerrada_fina,base,periodica,se_cierra_al_alejarse,desmoronandose,manchas_oxido,disgregado,no,no_visible,separados,20_a_50,interior,durante_construccion,sobrecarga,original,no,solido,seco,70
viga,red_mapa,media,cabeza,periodica,se_cierra_al_descender,recubrimiento_desprendido,normal,normal,no,no_visible,correctos,menos_5,costero_marino,durante_construccion,sobrecarga,recien_desencofrada,aplastamiento,solido,filtracion_activa,58
viga,vertical,abierta,cabeza,multiples_distintos_planos,estable,no_hay,manchas_oxido,poroso,no,no_visible,correctos,5_a_20,exterior_continental,subita_reciente,impacto_sismo,original,desplazamiento_lateral,diferente_zonas,humedo,16
pilar,red_mapa,grieta_separacion,cabeza,ramificada,se_cierra_al_alejarse,desmoronandose,normal,poroso,parcialmente,no_visible,desplazados,5_a_20,industrial,subita_reciente,sobrecarga,recien_desencofrada,desplazamiento_lateral,hueco,seco,5
viga,diagonal_45_75,abierta,cabeza,multiples_distintos_planos,aparecio_de_golpe,perdida_seccion,normal,normal,parcialmente,oxidada_visible,correctos,mas_50,industrial,primeras_semanas,sobrecarga,original,no,solido,seco,19
muro,vertical,cerrada_fina,cabeza,multiples_distintos_planos,se_cierra_al_alejarse,no_hay,manchas_oxido,normal,no,no_visible,correctos,20_a_50,costero_marino,subita_reciente,descarga,reparada,no,diferente_zonas,seco,69
cimentacion_zapata,diagonal_45,media,base,unica,se_cierra_al_descender,no_hay,manchas_oxido,normal,parcialmente,no_visible,desplazados,5_a_20,costero_marino,anos_despues,normal,original,no,diferente_zonas,seco,86
forjado_unidireccional,diagonal_45,media,cara_inferior,periodica,aparecio_de_golpe,no_hay,normal,poroso,parcialmente,no_visible,separados,mas_50,costero_marino,anos_despues,normal,original,no,solido,seco,64
pilar,diagonal_45_75,media,union_otro_elemento,unica,se_abre_con_tiempo,desmoronandose,oscurecido,disgregado,completamente,manchas_oxido,correctos,menos_5,sumergido,durante_construccion,descarga,recien_desencofrada,no,hueco,humedo,41
pilar,vertical,abierta,cara_inferior,multiples_distintos_planos,estable,recubrimiento_desprendido,normal,normal,completamente,oxidada_visible,correctos,mas_50,costero_marino,durante_construccion,sobrecarga,original,desplazamiento_lateral,diferente_zonas,seco,15
mensula,horizontal,abierta,esquinas,multiples_paralelas,estable,recubrimiento_desprendido,normal,normal,no,no_visible,correctos,menos_5,costero_marino,anos_despues,normal,recien_desencofrada,no,solido,seco,36
vigueta,horizontal,media,base,multiples_distintos_planos,se_cierra_al_alejarse,no_hay,normal,humedo_filtraciones,parcialmente,oxidada_visible,correctos,mas_50,costero_marino,subita_reciente,normal,original,no,diferente_zonas,salpicadura,43
tabique_cerramiento,horizontal,media,perimetro,multiples_distintos_planos,se_cierra_al_alejarse,recubrimiento_desprendido,normal,poroso,no,no_visible,separados,5_a_20,interior,primeras_semanas,impacto_sismo,reparada,flecha_abajo,solido,seco,70
muro,horizontal,media,base,unica,estable,no_hay,normal,normal,no,manchas_oxido,desplazados,5_a_20,exterior_continental,primeras_semanas,normal,original,no,solido,seco,76
mensula,diagonal_45,media,centro,multiples_paralelas,estable,recubrimiento_desprendido,oscurecido,normal,parcialmente,manchas_oxido,ausentes,20_a_50,industrial,durante_construccion,sobrecarga,original,desplazamiento_lateral,diferente_zonas,seco,35
viga,diagonal_45_75,grieta_separacion,perimetro,ramificada,se_abre_con_tiempo,perdida_seccion,normal,normal,completamente,manchas_oxido,separados,20_a_50,industrial,subita_reciente,sobrecarga,reparada,no,hueco,seco,53
forjado_reticular,diagonal_45_75,cerrada_fina,ambas_caras,periodica,aparecio_de_golpe,perdida_seccion,oscurecido,normal,no,no_visible,separados,20_a_50,interior,anos_despues,normal,reparada,giro_inclinacion,solido,seco,55
tabique_cerramiento,red_mapa,cerrada_fina,union_otro_elemento,ramificada,se_cierra_al_descender,desmoronandose,manchas_blancas,disgregado,no,no_visible,correctos,5_a_20,costero_marino,primeros_meses,normal,original,no,solido,humedo,69
viga,diagonal_45_75,cerrada_fina,cara_inferior,periodica,se_cierra_al_alejarse,no_hay,normal,normal,no,no_visible,correctos,5_a_20,industrial,anos_despues,sobrecarga,original,no,diferente_zonas,seco,62
cimentacion_zapata,red_mapa,media,base,ramificada,se_cierra_al_descender,no_hay,manchas_oxido,poroso,no,no_visible,correctos,menos_5,exterior_continental,durante_construccion,normal,original,flecha_abajo,diferente_zonas,filtracion_activa,87
pilar,diagonal_45,cerrada_fina,esquinas,ramificada,se_abre_con_tiempo,no_hay,normal,normal,no,manchas_oxido,correctos,menos_5,interior,subita_reciente,normal,reparada,no,solido,seco,12
forjado_reticular,red_mapa,cerrada_fina,perimetro,multiples_paralelas,estable,no_hay,normal,normal,parcialmente,no_visible,correctos,5_a_20,interior,durante_construccion,sobrecarga,recien_desencofrada,no,diferente_zonas,seco,52
mensula,horizontal,media,ambas_caras,multiples_distintos_planos,se_cierra_al_descender,recubrimiento_desprendido,normal,normal,no,manchas_oxido,correctos,mas_50,industrial,subita_reciente,sobrecarga,recien_desencofrada,desplazamiento_lateral,diferente_zonas,seco,33
cimentacion_zapata,diagonal_45,media,perimetro,unica,se_abre_con_tiempo,perdida_seccion,manchas_oxido,humedo_filtraciones,no,no_visible,correctos,menos_5,costero_marino,anos_despues,normal,original,desplazamiento_lateral,solido,humedo,82
mensula,horizontal,media,esquinas,unica,se_cierra_al_descender,no_hay,normal,normal,no,manchas_oxido,ausentes,20_a_50,sumergido,durante_construccion,sobrecarga,reforzada,desplazamiento_lateral,diferente_zonas,humedo,33
pilar,red_mapa,media,cabeza,ramificada,se_cierra_al_alejarse,recubrimiento_desprendido,normal,poroso,completamente,oxidada_visible,correctos,mas_50,costero_marino,anos_despues,sobrecarga,original,desplazamiento_lateral,diferente_zonas,humedo,6
viga,diagonal_45,media,union_otro_elemento,ramificada,aparecio_de_golpe,no_hay,normal,poroso,completamente,no_visible,correctos,menos_5,industrial,durante_construccion,impacto_sismo,original,flecha_abajo,solido,humedo,14
viga,vertical,grieta_separacion,esquinas,multiples_paralelas,se_cierra_al_descender,recubrimiento_desprendido,normal,normal,no,manchas_oxido,correctos,20_a_50,costero_marino,subita_reciente,sobrecarga,reparada,flecha_abajo,diferente_zonas,seco,19
forjado_reticular,diagonal_45_75,media,base,ramificada,se_cierra_al_descender,no_hay,normal,normal,no,no_visible,correctos,mas_50,industrial,primeras_semanas,normal,original,desplazamiento_lateral,hueco,seco,85
forjado_reticular,red_mapa,grieta_separacion,esquinas,ramificada,se_cierra_al_alejarse,recubrimiento_desprendido,normal,normal,no,manchas_oxido,separados,menos_5,exterior_continental,subita_reciente,normal,original,no,solido,seco,53
viga,red_mapa,media,cara_inferior,unica,se_cierra_al_descender,no_hay,normal,disgregado,completamente,oxidada_visible,correctos,menos_5,industrial,durante_construccion,normal,recien_desencofrada,desplazamiento_lateral,diferente_zonas,seco,15
mensula,vertical,abierta,base,periodica,estable,no_hay,normal,normal,parcialmente,oxidada_visible,correctos,mas_50,industrial,subita_reciente,sobrecarga,original,desplazamiento_lateral,solido,seco,33
mensula,diagonal_45,abierta,cara_inferior,multiples_paralelas,aparecio_de_golpe,desmoronandose,manchas_blancas,disgregado,parcialmente,manchas_oxido,ausentes,mas_50,costero_marino,anos_despues,sobrecarga,recien_desencofrada,flecha_abajo,solido,seco,35
forjado_unidireccional,red_mapa,cerrada_fina,cara_inferior,periodica,se_abre_con_tiempo,no_hay,manchas_blancas,normal,no,manchas_oxido,correctos,20_a_50,costero_marino,durante_construccion,normal,original,flecha_abajo,solido,seco,63
cimentacion_zapata,vertical,abierta,base,ramificada,estable,no_hay,normal,poroso,no,no_visible,correctos,menos_5,exterior_continental,primeros_meses,normal,original,no,diferente_zonas,seco,81
muro,red_mapa,media,union_otro_elemento,ramificada,estable,no_hay,normal,normal,no,no_visible,separados,5_a_20,interior,anos_despues,normal,original,desplazamiento_lateral,hueco,seco,90
viga,diagonal_45_75,cerrada_fina,union_otro_elemento,unica,se_cierra_al_alejarse,no_hay,normal,normal,no,no_visible,correctos,5_a_20,costero_marino,primeras_semanas,descarga,original,no,solido,seco,23
cimentacion_zapata,vertical,media,ambas_caras,periodica,aparecio_de_golpe,no_hay,manchas_oxido,humedo_filtraciones,no,no_visible,separados,20_a_50,sumergido,primeras_semanas,sobrecarga,original,desplazamiento_lateral,diferente_zonas,filtracion_activa,82
viga,horizontal,abierta,perimetro,multiples_paralelas,se_cierra_al_descender,no_hay,manchas_blancas,poroso,no,manchas_oxido,separados,mas_50,exterior_continental,durante_construccion,sobrecarga,reforzada,no,diferente_zonas,seco,32
viga,vertical,cerrada_fina,esquinas,multiples_distintos_planos,se_cierra_al_descender,desmoronandose,normal,disgregado,no,manchas_oxido,correctos,mas_50,industrial,durante_construccion,sobrecarga,original,no,solido,seco,91
viga,diagonal_45,cerrada_fina,perimetro,ramificada,se_abre_con_tiempo,no_hay,oscurecido,poroso,no,no_visible,correctos,menos_5,exterior_continental,primeras_semanas,sobrecarga,original,no,solido,seco,93
tabique_cerramiento,sin_fisura,cerrada_fina,ambas_caras,unica,estable,recubrimiento_desprendido,normal,normal,no,no_visible,correctos,menos_5,sumergido,durante_construccion,normal,original,flecha_abajo,solido,seco,58
muro,diagonal_45_75,cerrada_fina,esquinas,multiples_paralelas,estable,no_hay,manchas_oxido,humedo_filtraciones,no,no_visible,correctos,menos_5,exterior_continental,primeras_semanas,impacto_sismo,recien_desencofrada,no,diferente_zonas,filtracion_activa,77
viga,red_mapa,cerrada_fina,cabeza,unica,aparecio_de_golpe,no_hay,manchas_oxido,humedo_filtraciones,parcialmente,no_visible,correctos,mas_50,costero_marino,subita_reciente,normal,original,no,solido,humedo,79
muro,vertical,cerrada_fina,union_otro_elemento,unica,estable,no_hay,normal,normal,no,no_visible,desplazados,mas_50,sumergido,durante_construccion,normal,original,no,diferente_zonas,seco,76
viga,diagonal_45_75,abierta,cara_inferior,unica,estable,recubrimiento_desprendido,normal,normal,parcialmente,manchas_oxido,correctos,5_a_20,costero_marino,primeras_semanas,descarga,original,no,hueco,humedo,18
cimentacion_zapata,diagonal_45,abierta,union_otro_elemento,periodica,se_abre_con_tiempo,no_hay,manchas_oxido,normal,no,no_visible,correctos,mas_50,costero_marino,primeros_meses,normal,original,no,diferente_zonas,seco,85
pilar,horizontal,grieta_separacion,base,unica,estable,recubrimiento_desprendido,oscurecido,poroso,completamente,manchas_oxido,correctos,20_a_50,exterior_continental,durante_construccion,sobrecarga,original,desplazamiento_lateral,diferente_zonas,seco,19
forjado_unidireccional,diagonal_45,media,cabeza,multiples_distintos_planos,se_cierra_al_descender,recubrimiento_desprendido,normal,normal,no,manchas_oxido,correctos,menos_5,exterior_continental,subita_reciente,normal,original,no,hueco,humedo,49
voladizo,vertical,media,cara_inferior,unica,se_cierra_al_descender,perdida_seccion,normal,normal,no,manchas_oxido,correctos,mas_50,exterior_continental,subita_reciente,descarga,original,no,diferente_zonas,humedo,63
pilar,diagonal_45_75,cerrada_fina,cabeza,multiples_distintos_planos,se_cierra_al_descender,recubrimiento_desprendido,normal,poroso,completamente,oxidada_visible,correctos,20_a_50,industrial,anos_despues,normal,reparada,desplazamiento_lateral,diferente_zonas,seco,13
pilar,vertical,abierta,perimetro,unica,se_abre_con_tiempo,desmoronandose,manchas_oxido,poroso,no,manchas_oxido,ausentes,5_a_20,sumergido,subita_reciente,impacto_sismo,original,flecha_abajo,solido,humedo,3
mensula,diagonal_45_75,media,ambas_caras,multiples_paralelas,se_cierra_al_descender,no_hay,normal,normal,parcialmente,manchas_oxido,correctos,20_a_50,interior,durante_construccion,sobrecarga,original,no,diferente_zonas,seco,33
vigueta,sin_fisura,cerrada_fina,base,unica,estable,no_hay,normal,humedo_filtraciones,no,no_visible,correctos,menos_5,sumergido,subita_reciente,sobrecarga,original,no,solido,seco,80
viga,diagonal_45_75,cerrada_fina,base,ramificada,estable,no_hay,normal,humedo_filtraciones,no,no_visible,separados,menos_5,exterior_continental,primeros_meses,normal,original,no,diferente_zonas,salpicadura,23
muro,red_mapa,media,union_otro_elemento,ramificada,se_abre_con_tiempo,recubrimiento_desprendido,manchas_oxido,normal,parcialmente,no_visible,correctos,mas_50,sumergido,anos_despues,sobrecarga,recien_desencofrada,desplazamiento_lateral,solido,humedo,89
muro,diagonal_45,cerrada_fina,union_otro_elemento,ramificada,aparecio_de_golpe,no_hay,normal,normal,no,no_visible,correctos,20_a_50,industrial,durante_construccion,normal,original,no,diferente_zonas,seco,88
viga,diagonal_45,cerrada_fina,base,ramificada,aparecio_de_golpe,no_hay,manchas_blancas,normal,no,manchas_oxido,separados,5_a_20,interior,durante_construccion,sobrecarga,recien_desencofrada,no,hueco,filtracion_activa,20
pilar,vertical,media,cabeza,ramificada,se_cierra_al_alejarse,recubrimiento_desprendido,oscurecido,normal,parcialmente,manchas_oxido,correctos,mas_50,sumergido,primeros_meses,impacto_sismo,original,aplastamiento,solido,seco,9
forjado_reticular,horizontal,cerrada_fina,cabeza,multiples_paralelas,estable,no_hay,normal,normal,no,no_visible,correctos,menos_5,sumergido,anos_despues,sobrecarga,original,no,solido,salpicadura,52
forjado_unidireccional,diagonal_45,abierta,cara_inferior,multiples_distintos_planos,estable,perdida_seccion,manchas_blancas,normal,parcialmente,manchas_oxido,desplazados,mas_50,interior,primeros_meses,impacto_sismo,reparada,no,hueco,salpicadura,51
viga,vertical,media,union_otro_elemento,periodica,aparecio_de_golpe,no_hay,normal,normal,no,manchas_oxido,correctos,5_a_20,industrial,durante_construccion,normal,original,no,solido,seco,24
viga,diagonal_45_75,grieta_separacion,perimetro,ramificada,aparecio_de_golpe,recubrimiento_desprendido,normal,normal,parcialmente,oxidada_visible,desplazados,menos_5,industrial,durante_construccion,sobrecarga,recien_desencofrada,aplastamiento,diferente_zonas,humedo,21
viga,diagonal_45,cerrada_fina,cabeza,unica,estable,no_hay,normal,poroso,no,no_visible,separados,menos_5,industrial,primeros_meses,normal,reforzada,no,solido,humedo,23
pilar,horizontal,abierta,perimetro,periodica,se_cierra_al_alejarse,recubrimiento_desprendido,normal,normal,parcialmente,manchas_oxido,separados,menos_5,interior,primeras_semanas,sobrecarga,recien_desencofrada,giro_inclinacion,hueco,seco,5
vigueta,red_mapa,abierta,esquinas,multiples_distintos_planos,aparecio_de_golpe,recubrimiento_desprendido,manchas_oxido,poroso,completamente,no_visible,separados,5_a_20,interior,primeras_semanas,normal,recien_desencofrada,giro_inclinacion,diferente_zonas,seco,5
voladizo,sin_fisura,cerrada_fina,cabeza,unica,estable,no_hay,normal,normal,no,no_visible,separados,5_a_20,exterior_continental,durante_construccion,normal,original,no,solido,seco,39
mensula,diagonal_45_75,cerrada_fina,cabeza,multiples_paralelas,estable,desmoronandose,normal,disgregado,no,no_visible,correctos,20_a_50,interior,primeras_semanas,normal,original,no,solido,humedo,12
mensula,vertical,media,cara_inferior,multiples_distintos_planos,se_cierra_al_descender,no_hay,manchas_blancas,normal,parcialmente,oxidada_visible,correctos,20_a_50,interior,primeros_meses,sobrecarga,original,flecha_abajo,hueco,seco,33
viga,diagonal_45_75,cerrada_fina,cabeza,ramificada,se_cierra_al_descender,no_hay,manchas_oxido,normal,no,manchas_oxido,correctos,mas_50,sumergido,subita_reciente,normal,original,no,solido,seco,28
cimentacion_zapata,diagonal_45_75,abierta,perimetro,multiples_distintos_planos,estable,no_hay,normal,normal,no,no_visible,correctos,20_a_50,interior,subita_reciente,normal,reparada,desplazamiento_lateral,diferente_zonas,seco,96
mensula,horizontal,cerrada_fina,centro,multiples_paralelas,estable,no_hay,normal,poroso,parcialmente,manchas_oxido,correctos,5_a_20,costero_marino,anos_despues,sobrecarga,original,desplazamiento_lateral,diferente_zonas,salpicadura,33
pilar,horizontal,abierta,cabeza,unica,estable,no_hay,normal,normal,parcialmente,oxidada_visible,correctos,20_a_50,sumergido,durante_construccion,impacto_sismo,original,aplastamiento,diferente_zonas,humedo,9
voladizo,horizontal,abierta,union_otro_elemento,multiples_paralelas,aparecio_de_golpe,perdida_seccion,normal,normal,completamente,oxidada_visible,correctos,5_a_20,interior,anos_despues,sobrecarga,original,no,diferente_zonas,seco,45
forjado_unidireccional,red_mapa,cerrada_fina,cara_inferior,multiples_distintos_planos,aparecio_de_golpe,no_hay,normal,poroso,parcialmente,manchas_oxido,desplazados,5_a_20,costero_marino,primeras_semanas,normal,reparada,flecha_abajo,solido,seco,63
cimentacion_zapata,diagonal_45,media,perimetro,unica,aparecio_de_golpe,no_hay,normal,normal,no,no_visible,correctos,mas_50,interior,primeras_semanas,sobrecarga,original,desplazamiento_lateral,hueco,seco,85
forjado_unidireccional,diagonal_45,grieta_separacion,perimetro,periodica,se_abre_con_tiempo,recubrimiento_desprendido,normal,normal,completamente,oxidada_visible,ausentes,mas_50,industrial,durante_construccion,sobrecarga,original,flecha_abajo,diferente_zonas,humedo,51
voladizo,vertical,cerrada_fina,base,unica,se_cierra_al_descender,no_hay,normal,normal,completamente,perdida_seccion,correctos,menos_5,costero_marino,durante_construccion,normal,original,no,diferente_zonas,humedo,47
pilar,vertical,abierta,cabeza,multiples_distintos_planos,se_cierra_al_alejarse,perdida_seccion,normal,normal,completamente,no_visible,separados,menos_5,costero_marino,durante_construccion,sobrecarga,recien_desencofrada,desplazamiento_lateral,hueco,seco,8
viga,diagonal_45,abierta,esquinas,unica,aparecio_de_golpe,recubrimiento_desprendido,normal,normal,no,manchas_oxido,separados,menos_5,industrial,durante_construccion,sobrecarga,reparada,desplazamiento_lateral,solido,humedo,21
viga,diagonal_45,abierta,esquinas,multiples_paralelas,se_abre_con_tiempo,recubrimiento_desprendido,normal,poroso,parcialmente,no_visible,separados,menos_5,interior,subita_reciente,sobrecarga,original,flecha_abajo,diferente_zonas,seco,31
muro,vertical,abierta,union_otro_elemento,multiples_paralelas,aparecio_de_golpe,recubrimiento_desprendido,normal,disgregado,no,no_visible,correctos,5_a_20,sumergido,subita_reciente,sobrecarga,reparada,no,diferente_zonas,humedo,95
viga,red_mapa,cerrada_fina,cara_inferior,periodica,estable,no_hay,oscurecido,normal,completamente,manchas_oxido,correctos,5_a_20,costero_marino,primeras_semanas,descarga,original,desplazamiento_lateral,hueco,seco,63
cimentacion_zapata,horizontal,media,perimetro,periodica,se_cierra_al_alejarse,no_hay,normal,normal,no,manchas_oxido,correctos,mas_50,exterior_continental,durante_construccion,normal,original,desplazamiento_lateral,diferente_zonas,humedo,54
forjado_unidireccional,diagonal_45,media,union_otro_elemento,unica,estable,recubrimiento_desprendido,manchas_oxido,poroso,no,no_visible,desplazados,5_a_20,industrial,primeros_meses,normal,reparada,desplazamiento_lateral,hueco,humedo,56
tabique_cerramiento,red_mapa,media,cabeza,multiples_distintos_planos,se_cierra_al_alejarse,no_hay,normal,normal,no,manchas_oxido,correctos,menos_5,costero_marino,anos_despues,normal,original,flecha_abajo,diferente_zonas,seco,74
vigueta,red_mapa,abierta,cabeza,multiples_distintos_planos,aparecio_de_golpe,recubrimiento_desprendido,normal,humedo_filtraciones,no,manchas_oxido,correctos,20_a_50,industrial,primeras_semanas,normal,original,aplastamiento,solido,seco,38
viga,diagonal_45,abierta,base,multiples_distintos_planos,aparecio_de_golpe,no_hay,manchas_blancas,normal,parcialmente,oxidada_visible,separados,5_a_20,industrial,subita_reciente,sobrecarga,reparada,flecha_abajo,solido,seco,20
viga,diagonal_45_75,media,base,multiples_distintos_planos,aparecio_de_golpe,no_hay,manchas_oxido,normal,parcialmente,oxidada_visible,separados,20_a_50,costero_marino,subita_reciente,sobrecarga,original,flecha_abajo,diferente_zonas,humedo,20
pilar,red_mapa,grieta_separacion,base,unica,estable,perdida_seccion,normal,disgregado,completamente,no_visible,correctos,20_a_50,industrial,durante_construccion,normal,reforzada,aplastamiento,diferente_zonas,seco,2
forjado_reticular,diagonal_45_75,abierta,ambas_caras,multiples_distintos_planos,se_cierra_al_alejarse,no_hay,normal,poroso,no,manchas_oxido,correctos,menos_5,exterior_continental,primeras_semanas,normal,original,no,diferente_zonas,seco,49
cimentacion_zapata,horizontal,media,union_otro_elemento,unica,estable,no_hay,normal,normal,no,no_visible,correctos,5_a_20,costero_marino,primeros_meses,normal,original,no,solido,seco,83
cimentacion_zapata,diagonal_45_75,media,perimetro,multiples_paralelas,estable,no_hay,manchas_blancas,humedo_filtraciones,no,no_visible,separados,menos_5,costero_marino,subita_reciente,sobrecarga,recien_desencofrada,desplazamiento_lateral,hueco,humedo,82
vigueta,sin_fisura,cerrada_fina,union_otro_elemento,unica,estable,no_hay,normal,disgregado,no,manchas_oxido,separados,mas_50,costero_marino,subita_reciente,normal,reforzada,desplazamiento_lateral,diferente_zonas,humedo,43
forjado_reticular,red_mapa,abierta,esquinas,unica,aparecio_de_golpe,no_hay,oscurecido,normal,completamente,manchas_oxido,separados,20_a_50,industrial,primeros_meses,normal,reforzada,flecha_abajo,diferente_zonas,seco,55
cimentacion_zapata,red_mapa,abierta,base,ramificada,estable,no_hay,manchas_oxido,humedo_filtraciones,no,no_visible,correctos,menos_5,interior,anos_despues,normal,original,no,hueco,salpicadura,90
viga,diagonal_45_75,media,perimetro,periodica,se_abre_con_tiempo,no_hay,normal,poroso,completamente,manchas_oxido,separados,20_a_50,exterior_continental,durante_construccion,normal,recien_desencofrada,no,solido,humedo,25
forjado_unidireccional,sin_fisura,cerrada_fina,union_otro_elemento,unica,estable,no_hay,normal,normal,no,no_visible,separados,mas_50,exterior_continental,anos_despues,sobrecarga,original,no,solido,humedo,69
mensula,diagonal_45_75,media,base,multiples_distintos_planos,estable,recubrimiento_desprendido,manchas_oxido,normal,completamente,manchas_oxido,ausentes,5_a_20,exterior_continental,subita_reciente,normal,recien_desencofrada,flecha_abajo,diferente_zonas,seco,35
vigueta,diagonal_45_75,media,union_otro_elemento,ramificada,se_abre_con_tiempo,no_hay,normal,poroso,no,manchas_oxido,correctos,5_a_20,interior,subita_reciente,sobrecarga,original,flecha_abajo,solido,seco,20
muro,diagonal_45,abierta,cabeza,unica,estable,no_hay,manchas_oxido,normal,no,no_visible,correctos,mas_50,exterior_continental,anos_despues,normal,reforzada,desplazamiento_lateral,hueco,humedo,85
pilar,horizontal,grieta_separacion,cabeza,periodica,estable,recubrimiento_desprendido,normal,poroso,completamente,no_visible,desplazados,5_a_20,sumergido,durante_construccion,sobrecarga,recien_desencofrada,giro_inclinacion,solido,seco,8
muro,diagonal_45,media,base,periodica,se_cierra_al_alejarse,no_hay,normal,normal,completamente,no_visible,correctos,menos_5,industrial,anos_despues,normal,original,desplazamiento_lateral,solido,humedo,85
pilar,diagonal_45_75,media,cabeza,multiples_distintos_planos,estable,recubrimiento_desprendido,manchas_blancas,poroso,no,no_visible,ausentes,5_a_20,exterior_continental,subita_reciente,sobrecarga,original,flecha_abajo,solido,humedo,11
viga,horizontal,cerrada_fina,base,multiples_paralelas,estable,no_hay,normal,normal,no,manchas_oxido,correctos,menos_5,industrial,anos_despues,normal,original,no,solido,seco,59
forjado_unidireccional,red_mapa,media,cara_inferior,ramificada,se_cierra_al_alejarse,no_hay,oscurecido,normal,no,no_visible,correctos,menos_5,industrial,durante_construccion,normal,recien_desencofrada,no,solido,seco,52
voladizo,vertical,abierta,centro,ramificada,aparecio_de_golpe,recubrimiento_desprendido,oscurecido,poroso,parcialmente,oxidada_visible,correctos,menos_5,industrial,primeros_meses,sobrecarga,original,desplazamiento_lateral,diferente_zonas,seco,19
muro,sin_fisura,cerrada_fina,union_otro_elemento,unica,estable,no_hay,normal,normal,no,manchas_oxido,correctos,mas_50,exterior_continental,subita_reciente,impacto_sismo,recien_desencofrada,desplazamiento_lateral,solido,seco,24
cimentacion_zapata,diagonal_45,media,cabeza,unica,se_cierra_al_descender,no_hay,manchas_oxido,normal,no,no_visible,separados,mas_50,industrial,anos_despues,normal,original,flecha_abajo,diferente_zonas,seco,89
tabique_cerramiento,horizontal,cerrada_fina,cara_inferior,multiples_paralelas,se_abre_con_tiempo,no_hay,normal,normal,no,no_visible,correctos,5_a_20,industrial,subita_reciente,normal,original,flecha_abajo,diferente_zonas,seco,57
voladizo,vertical,cerrada_fina,cabeza,multiples_paralelas,aparecio_de_golpe,no_hay,manchas_blancas,humedo_filtraciones,completamente,no_visible,desplazados,menos_5,costero_marino,durante_construccion,sobrecarga,original,aplastamiento,diferente_zonas,humedo,25
cimentacion_zapata,red_mapa,media,centro,multiples_distintos_planos,se_cierra_al_alejarse,no_hay,manchas_oxido,normal,no,no_visible,correctos,20_a_50,costero_marino,durante_construccion,sobrecarga,original,no,diferente_zonas,seco,90
tabique_cerramiento,horizontal,abierta,base,unica,se_cierra_al_descender,perdida_seccion,manchas_blancas,poroso,no,manchas_oxido,separados,5_a_20,exterior_continental,subita_reciente,sobrecarga,reforzada,flecha_abajo,solido,filtracion_activa,65
cimentacion_zapata,horizontal,grieta_separacion,union_otro_elemento,unica,se_cierra_al_alejarse,no_hay,normal,normal,parcialmente,oxidada_visible,correctos,menos_5,sumergido,durante_construccion,impacto_sismo,original,no,solido,seco,9
mensula,diagonal_45_75,abierta,base,multiples_paralelas,estable,recubrimiento_desprendido,normal,humedo_filtraciones,parcialmente,manchas_oxido,ausentes,mas_50,interior,anos_despues,normal,original,no,hueco,seco,35
forjado_reticular,diagonal_45,media,cabeza,unica,aparecio_de_golpe,recubrimiento_desprendido,normal,normal,no,manchas_oxido,separados,mas_50,industrial,subita_reciente,normal,original,giro_inclinacion,solido,seco,44
viga,diagonal_45,cerrada_fina,centro,multiples_paralelas,se_cierra_al_alejarse,no_hay,manchas_oxido,disgregado,parcialmente,perdida_seccion,ausentes,mas_50,interior,primeros_meses,normal,original,no,solido,seco,28
muro,diagonal_45,cerrada_fina,esquinas,multiples_distintos_planos,estable,no_hay,manchas_oxido,humedo_filtraciones,parcialmente,manchas_oxido,correctos,menos_5,exterior_continental,primeras_semanas,descarga,original,flecha_abajo,diferente_zonas,salpicadura,77
pilar,horizontal,media,esquinas,unica,se_abre_con_tiempo,no_hay,normal,normal,parcialmente,oxidada_visible,correctos,menos_5,costero_marino,subita_reciente,impacto_sismo,original,desplazamiento_lateral,solido,seco,9
pilar,vertical,abierta,cabeza,unica,se_abre_con_tiempo,perdida_seccion,manchas_blancas,normal,parcialmente,no_visible,correctos,menos_5,exterior_continental,durante_construccion,normal,original,no,diferente_zonas,seco,4
cimentacion_zapata,diagonal_45_75,media,base,ramificada,se_abre_con_tiempo,no_hay,normal,normal,no,no_visible,correctos,mas_50,sumergido,primeros_meses,normal,original,no,hueco,seco,85
voladizo,diagonal_45,grieta_separacion,ambas_caras,unica,se_cierra_al_descender,no_hay,normal,normal,no,no_visible,correctos,5_a_20,interior,primeras_semanas,normal,original,no,solido,seco,28
tabique_cerramiento,diagonal_45_75,grieta_separacion,perimetro,ramificada,aparecio_de_golpe,recubrimiento_desprendido,oscurecido,poroso,parcialmente,manchas_oxido,ausentes,20_a_50,industrial,subita_reciente,normal,original,no,diferente_zonas,seco,22
viga,sin_fisura,cerrada_fina,perimetro,unica,estable,no_hay,normal,humedo_filtraciones,completamente,no_visible,ausentes,menos_5,exterior_continental,durante_construccion,sobrecarga,original,no,solido,humedo,25
tabique_cerramiento,diagonal_45,grieta_separacion,centro,periodica,aparecio_de_golpe,no_hay,manchas_oxido,humedo_filtraciones,parcialmente,manchas_oxido,correctos,mas_50,costero_marino,subita_reciente,normal,original,no,solido,humedo,79
forjado_reticular,sin_fisura,cerrada_fina,base,unica,estable,desmoronandose,normal,disgregado,no,no_visible,desplazados,mas_50,interior,anos_despues,normal,original,flecha_abajo,diferente_zonas,seco,56
viga,diagonal_45_75,abierta,esquinas,periodica,aparecio_de_golpe,recubrimiento_desprendido,manchas_oxido,poroso,no,manchas_oxido,ausentes,5_a_20,exterior_continental,durante_construccion,normal,reparada,giro_inclinacion,diferente_zonas,humedo,17
cimentacion_zapata,diagonal_45,abierta,union_otro_elemento,multiples_paralelas,se_cierra_al_alejarse,no_hay,manchas_oxido,humedo_filtraciones,completamente,oxidada_visible,correctos,menos_5,costero_marino,durante_construccion,normal,original,flecha_abajo,diferente_zonas,humedo,26
tabique_cerramiento,diagonal_45,cerrada_fina,cabeza,periodica,estable,recubrimiento_desprendido,oscurecido,normal,no,manchas_oxido,correctos,5_a_20,costero_marino,subita_reciente,sobrecarga,original,aplastamiento,solido,seco,75
cimentacion_zapata,red_mapa,media,base,periodica,estable,no_hay,normal,normal,completamente,no_visible,correctos,20_a_50,costero_marino,durante_construccion,normal,original,flecha_abajo,diferente_zonas,seco,81
mensula,diagonal_45_75,cerrada_fina,ambas_caras,multiples_paralelas,aparecio_de_golpe,no_hay,manchas_blancas,humedo_filtraciones,no,manchas_oxido,correctos,5_a_20,costero_marino,subita_reciente,normal,original,flecha_abajo,solido,filtracion_activa,79
muro,diagonal_45,abierta,union_otro_elemento,ramificada,se_cierra_al_descender,no_hay,normal,normal,no,no_visible,correctos,5_a_20,interior,durante_construccion,normal,reparada,no,diferente_zonas,seco,85
voladizo,horizontal,cerrada_fina,base,periodica,se_cierra_al_descender,no_hay,normal,normal,no,no_visible,correctos,menos_5,costero_marino,subita_reciente,normal,original,no,solido,humedo,47
cimentacion_zapata,vertical,media,base,ramificada,se_cierra_al_descender,recubrimiento_desprendido,normal,normal,no,no_visible,separados,20_a_50,industrial,primeros_meses,normal,original,no,diferente_zonas,seco,91
viga,diagonal_45_75,abierta,cara_inferior,unica,se_cierra_al_alejarse,no_hay,normal,normal,no,no_visible,separados,menos_5,industrial,durante_construccion,descarga,reforzada,no,diferente_zonas,seco,31
forjado_reticular,red_mapa,abierta,centro,unica,aparecio_de_golpe,no_hay,normal,normal,completamente,oxidada_visible,correctos,menos_5,sumergido,primeras_semanas,sobrecarga,recien_desencofrada,aplastamiento,diferente_zonas,humedo,50
pilar,diagonal_45,abierta,esquinas,multiples_paralelas,aparecio_de_golpe,recubrimiento_desprendido,manchas_blancas,normal,parcialmente,manchas_oxido,separados,5_a_20,costero_marino,subita_reciente,sobrecarga,reparada,giro_inclinacion,solido,humedo,1
muro,vertical,media,base,multiples_distintos_planos,se_cierra_al_alejarse,no_hay,normal,normal,no,no_visible,correctos,5_a_20,interior,durante_construccion,sobrecarga,original,desplazamiento_lateral,diferente_zonas,seco,90
forjado_unidireccional,horizontal,cerrada_fina,centro,periodica,se_cierra_al_alejarse,no_hay,normal,humedo_filtraciones,no,no_visible,correctos,menos_5,exterior_continental,subita_reciente,normal,reforzada,no,solido,humedo,65
viga,diagonal_45,cerrada_fina,union_otro_elemento,multiples_paralelas,se_abre_con_tiempo,recubrimiento_desprendido,oscurecido,poroso,no,no_visible,correctos,20_a_50,exterior_continental,anos_despues,descarga,reforzada,no,diferente_zonas,salpicadura,67
cimentacion_zapata,red_mapa,media,base,ramificada,estable,no_hay,normal,poroso,no,no_visible,correctos,5_a_20,industrial,primeras_semanas,normal,original,no,hueco,humedo,90
viga,red_mapa,grieta_separacion,perimetro,unica,aparecio_de_golpe,recubrimiento_desprendido,normal,normal,parcialmente,oxidada_visible,desplazados,20_a_50,exterior_continental,durante_construccion,impacto_sismo,original,flecha_abajo,diferente_zonas,seco,22
cimentacion_zapata,red_mapa,media,union_otro_elemento,ramificada,estable,recubrimiento_desprendido,manchas_blancas,humedo_filtraciones,no,no_visible,correctos,menos_5,sumergido,durante_construccion,normal,recien_desencofrada,flecha_abajo,hueco,humedo,87
viga,diagonal_45,cerrada_fina,ambas_caras,periodica,se_cierra_al_descender,no_hay,normal,normal,parcialmente,oxidada_visible,separados,menos_5,exterior_continental,durante_construccion,sobrecarga,original,aplastamiento,diferente_zonas,seco,24
voladizo,vertical,media,ambas_caras,multiples_distintos_planos,estable,desmoronandose,normal,disgregado,no,no_visible,correctos,20_a_50,industrial,primeros_meses,normal,reparada,aplastamiento,solido,seco,60
tabique_cerramiento,diagonal_45_75,cerrada_fina,cabeza,ramificada,aparecio_de_golpe,recubrimiento_desprendido,manchas_oxido,humedo_filtraciones,completamente,no_visible,separados,5_a_20,sumergido,primeras_semanas,sobrecarga,original,no,solido,filtracion_activa,80
cimentacion_zapata,diagonal_45_75,abierta,ambas_caras,periodica,se_cierra_al_descender,no_hay,normal,normal,no,no_visible,correctos,menos_5,sumergido,primeras_semanas,normal,reparada,no,hueco,seco,96
pilar,red_mapa,cerrada_fina,perimetro,periodica,se_cierra_al_alejarse,no_hay,manchas_oxido,humedo_filtraciones,no,no_visible,correctos,menos_5,sumergido,anos_despues,sobrecarga,original,no,solido,filtracion_activa,10
vigueta,red_mapa,abierta,perimetro,ramificada,se_cierra_al_descender,no_hay,normal,normal,no,manchas_oxido,correctos,menos_5,costero_marino,durante_construccion,normal,original,no,solido,seco,74
viga,horizontal,cerrada_fina,centro,multiples_distintos_planos,aparecio_de_golpe,no_hay,manchas_oxido,humedo_filtraciones,no,no_visible,correctos,menos_5,exterior_continental,subita_reciente,normal,original,no,hueco,humedo,80
tabique_cerramiento,diagonal_45,cerrada_fina,centro,unica,estable,no_hay,manchas_oxido,normal,no,no_visible,correctos,menos_5,exterior_continental,primeras_semanas,normal,original,no,solido,seco,71
forjado_unidireccional,sin_fisura,cerrada_fina,cabeza,unica,estable,desmoronandose,normal,poroso,no,no_visible,correctos,5_a_20,sumergido,primeras_semanas,normal,original,no,solido,seco,58
muro,vertical,cerrada_fina,cabeza,ramificada,aparecio_de_golpe,no_hay,manchas_oxido,normal,no,no_visible,correctos,20_a_50,interior,primeras_semanas,sobrecarga,original,no,diferente_zonas,seco,70
viga,sin_fisura,cerrada_fina,cabeza,unica,estable,no_hay,normal,poroso,no,no_visible,correctos,5_a_20,exterior_continental,subita_reciente,sobrecarga,reforzada,no,diferente_zonas,salpicadura,24
cimentacion_zapata,vertical,media,cabeza,periodica,estable,no_hay,manchas_oxido,poroso,no,no_visible,correctos,menos_5,sumergido,primeros_meses,sobrecarga,original,no,solido,seco,83
pilar,horizontal,grieta_separacion,cara_inferior,unica,se_cierra_al_descender,desmoronandose,normal,disgregado,no,no_visible,correctos,mas_50,industrial,primeras_semanas,normal,original,aplastamiento,diferente_zonas,seco,60
cimentacion_zapata,diagonal_45_75,cerrada_fina,cara_inferior,ramificada,se_abre_con_tiempo,no_hay,normal,normal,parcialmente,no_visible,correctos,mas_50,industrial,subita_reciente,descarga,original,no,solido,seco,94
mensula,vertical,abierta,union_otro_elemento,periodica,se_abre_con_tiempo,recubrimiento_desprendido,normal,normal,completamente,no_visible,correctos,mas_50,interior,primeros_meses,normal,original,no,diferente_zonas,humedo,34
forjado_reticular,sin_fisura,cerrada_fina,ambas_caras,unica,estable,no_hay,manchas_oxido,normal,parcialmente,oxidada_visible,correctos,5_a_20,sumergido,durante_construccion,normal,recien_desencofrada,no,diferente_zonas,seco,49
viga,red_mapa,media,cara_inferior,multiples_distintos_planos,se_cierra_al_descender,no_hay,normal,normal,completamente,oxidada_visible,separados,mas_50,industrial,subita_reciente,normal,reparada,desplazamiento_lateral,solido,seco,24
forjado_unidireccional,sin_fisura,cerrada_fina,cara_inferior,unica,estable,no_hay,oscurecido,normal,no,no_visible,correctos,20_a_50,interior,subita_reciente,normal,original,no,diferente_zonas,seco,61
viga,red_mapa,media,cara_inferior,periodica,se_cierra_al_alejarse,no_hay,normal,normal,completamente,manchas_oxido,correctos,menos_5,costero_marino,durante_construccion,descarga,recien_desencofrada,no,diferente_zonas,seco,15
voladizo,sin_fisura,cerrada_fina,union_otro_elemento,unica,estable,recubrimiento_desprendido,normal,humedo_filtraciones,no,no_visible,correctos,mas_50,industrial,primeros_meses,normal,original,no,solido,seco,47
cimentacion_zapata,vertical,media,base,periodica,estable,no_hay,normal,normal,no,no_visible,correctos,menos_5,costero_marino,anos_despues,normal,original,no,solido,humedo,81
voladizo,red_mapa,media,union_otro_elemento,unica,estable,no_hay,oscurecido,normal,parcialmente,no_visible,correctos,20_a_50,costero_marino,anos_despues,impacto_sismo,original,no,solido,humedo,62
vigueta,horizontal,abierta,cabeza,ramificada,aparecio_de_golpe,recubrimiento_desprendido,normal,normal,parcialmente,no_visible,correctos,mas_50,costero_marino,primeras_semanas,normal,original,no,diferente_zonas,humedo,42
voladizo,diagonal_45_75,abierta,centro,ramificada,se_cierra_al_alejarse,no_hay,manchas_blancas,normal,no,no_visible,correctos,5_a_20,sumergido,anos_despues,sobrecarga,reforzada,no,solido,seco,68
voladizo,vertical,cerrada_fina,cara_inferior,unica,aparecio_de_golpe,no_hay,normal,normal,parcialmente,oxidada_visible,correctos,mas_50,sumergido,durante_construccion,sobrecarga,original,flecha_abajo,hueco,seco,45
mensula,vertical,cerrada_fina,ambas_caras,ramificada,se_cierra_al_descender,recubrimiento_desprendido,manchas_oxido,normal,no,manchas_oxido,correctos,5_a_20,sumergido,durante_construccion,normal,original,no,solido,seco,36
tabique_cerramiento,horizontal,grieta_separacion,esquinas,multiples_distintos_planos,estable,recubrimiento_desprendido,manchas_blancas,normal,no,manchas_oxido,separados,5_a_20,exterior_continental,primeros_meses,normal,reparada,no,diferente_zonas,humedo,74
viga,diagonal_45,media,cara_inferior,unica,aparecio_de_golpe,no_hay,normal,humedo_filtraciones,no,manchas_oxido,correctos,mas_50,exterior_continental,durante_construccion,normal,reparada,no,diferente_zonas,salpicadura,26
forjado_reticular,horizontal,media,centro,multiples_distintos_planos,se_abre_con_tiempo,no_hay,manchas_oxido,normal,parcialmente,oxidada_visible,correctos,menos_5,industrial,primeras_semanas,normal,recien_desencofrada,flecha_abajo,solido,seco,49
mensula,horizontal,cerrada_fina,cara_inferior,multiples_paralelas,se_abre_con_tiempo,no_hay,normal,normal,no,manchas_oxido,correctos,5_a_20,sumergido,primeras_semanas,sobrecarga,recien_desencofrada,no,solido,seco,72
pilar,vertical,media,esquinas,multiples_paralelas,aparecio_de_golpe,recubrimiento_desprendido,normal,normal,no,no_visible,correctos,mas_50,costero_marino,primeras_semanas,normal,original,no,diferente_zonas,seco,4
tabique_cerramiento,red_mapa,cerrada_fina,centro,multiples_distintos_planos,estable,no_hay,normal,poroso,no,no_visible,correctos,menos_5,exterior_continental,subita_reciente,sobrecarga,original,no,solido,filtracion_activa,67
mensula,horizontal,grieta_separacion,base,multiples_distintos_planos,se_cierra_al_descender,recubrimiento_desprendido,normal,normal,parcialmente,no_visible,correctos,5_a_20,industrial,anos_despues,sobrecarga,original,flecha_abajo,hueco,seco,34
pilar,vertical,media,cabeza,ramificada,se_abre_con_tiempo,no_hay,normal,normal,parcialmente,perdida_seccion,correctos,5_a_20,interior,durante_construccion,impacto_sismo,original,flecha_abajo,diferente_zonas,humedo,9
viga,diagonal_45_75,grieta_separacion,esquinas,periodica,aparecio_de_golpe,perdida_seccion,oscurecido,normal,parcialmente,manchas_oxido,correctos,20_a_50,costero_marino,durante_construccion,sobrecarga,recien_desencofrada,giro_inclinacion,diferente_zonas,humedo,21
vigueta,red_mapa,abierta,cabeza,periodica,se_cierra_al_alejarse,recubrimiento_desprendido,normal,normal,completamente,manchas_oxido,separados,menos_5,exterior_continental,durante_construccion,normal,recien_desencofrada,desplazamiento_lateral,hueco,humedo,41
viga,vertical,media,esquinas,ramificada,se_abre_con_tiempo,no_hay,normal,poroso,completamente,no_visible,separados,menos_5,sumergido,durante_construccion,normal,recien_desencofrada,no,diferente_zonas,humedo,25
forjado_reticular,red_mapa,grieta_separacion,esquinas,unica,estable,recubrimiento_desprendido,normal,normal,no,no_visible,separados,20_a_50,exterior_continental,durante_construccion,normal,original,flecha_abajo,diferente_zonas,seco,55
muro,diagonal_45_75,abierta,perimetro,multiples_paralelas,estable,no_hay,manchas_blancas,humedo_filtraciones,no,no_visible,correctos,5_a_20,exterior_continental,primeras_semanas,normal,original,desplazamiento_lateral,hueco,filtracion_activa,82
vigueta,sin_fisura,cerrada_fina,centro,unica,estable,no_hay,normal,normal,no,no_visible,correctos,menos_5,interior,primeras_semanas,normal,original,no,solido,humedo,62
pilar,diagonal_45_75,cerrada_fina,ambas_caras,periodica,estable,no_hay,manchas_oxido,humedo_filtraciones,no,no_visible,correctos,menos_5,sumergido,primeros_meses,sobrecarga,recien_desencofrada,no,solido,humedo,10
tabique_cerramiento,diagonal_45_75,cerrada_fina,union_otro_elemento,ramificada,estable,recubrimiento_desprendido,normal,disgregado,completamente,perdida_seccion,correctos,20_a_50,exterior_continental,durante_construccion,normal,reforzada,no,solido,humedo,59
pilar,vertical,media,union_otro_elemento,multiples_distintos_planos,se_cierra_al_descender,no_hay,normal,disgregado,no,manchas_oxido,correctos,20_a_50,sumergido,anos_despues,impacto_sismo,reparada,flecha_abajo,diferente_zonas,humedo,9
pilar,red_mapa,cerrada_fina,ambas_caras,ramificada,estable,no_hay,manchas_blancas,normal,no,no_visible,correctos,menos_5,sumergido,primeras_semanas,sobrecarga,original,no,solido,seco,66
cimentacion_zapata,diagonal_45,media,cara_inferior,multiples_paralelas,aparecio_de_golpe,no_hay,manchas_blancas,humedo_filtraciones,parcialmente,no_visible,separados,5_a_20,sumergido,anos_despues,sobrecarga,original,desplazamiento_lateral,diferente_zonas,humedo,82
viga,diagonal_45_75,abierta,centro,multiples_distintos_planos,se_cierra_al_descender,perdida_seccion,manchas_blancas,normal,parcialmente,oxidada_visible,separados,20_a_50,interior,subita_reciente,normal,original,giro_inclinacion,solido,seco,18
tabique_cerramiento,horizontal,cerrada_fina,base,multiples_distintos_planos,se_cierra_al_descender,no_hay,normal,normal,no,manchas_oxido,correctos,menos_5,exterior_continental,primeros_meses,normal,reparada,no,solido,seco,66
cimentacion_zapata,vertical,media,perimetro,periodica,aparecio_de_golpe,no_hay,manchas_oxido,normal,no,no_visible,correctos,mas_50,industrial,subita_reciente,sobrecarga,original,no,diferente_zonas,seco,91
cimentacion_zapata,diagonal_45,grieta_separacion,esquinas,ramificada,aparecio_de_golpe,recubrimiento_desprendido,normal,normal,completamente,manchas_oxido,separados,20_a_50,interior,subita_reciente,sobrecarga,reforzada,no,solido,humedo,1
tabique_cerramiento,diagonal_45_75,cerrada_fina,cabeza,multiples_distintos_planos,estable,no_hay,normal,humedo_filtraciones,no,no_visible,correctos,menos_5,sumergido,primeras_semanas,normal,original,giro_inclinacion,solido,humedo,77
muro,sin_fisura,cerrada_fina,ambas_caras,unica,estable,recubrimiento_desprendido,normal,normal,no,manchas_oxido,separados,5_a_20,costero_marino,durante_construccion,sobrecarga,recien_desencofrada,flecha_abajo,diferente_zonas,seco,53
voladizo,horizontal,abierta,centro,periodica,estable,recubrimiento_desprendido,manchas_oxido,poroso,no,manchas_oxido,correctos,20_a_50,sumergido,primeros_meses,impacto_sismo,original,no,hueco,seco,46
viga,diagonal_45,media,perimetro,ramificada,aparecio_de_golpe,no_hay,normal,normal,parcialmente,oxidada_visible,desplazados,5_a_20,industrial,subita_reciente,sobrecarga,original,aplastamiento,diferente_zonas,humedo,20
cimentacion_zapata,red_mapa,cerrada_fina,cara_inferior,multiples_distintos_planos,se_cierra_al_descender,no_hay,normal,poroso,no,no_visible,correctos,mas_50,industrial,durante_construccion,normal,original,no,hueco,seco,94
pilar,vertical,abierta,esquinas,multiples_distintos_planos,aparecio_de_golpe,recubrimiento_desprendido,normal,normal,no,manchas_oxido,separados,5_a_20,sumergido,subita_reciente,sobrecarga,reforzada,desplazamiento_lateral,diferente_zonas,seco,3
pilar,vertical,grieta_separacion,esquinas,multiples_paralelas,estable,perdida_seccion,normal,normal,parcialmente,no_visible,correctos,mas_50,interior,primeros_meses,sobrecarga,original,no,hueco,humedo,4
forjado_unidireccional,vertical,cerrada_fina,centro,multiples_distintos_planos,estable,recubrimiento_desprendido,normal,normal,no,no_visible,correctos,5_a_20,costero_marino,anos_despues,sobrecarga,original,aplastamiento,solido,seco,60
muro,vertical,cerrada_fina,cabeza,multiples_distintos_planos,se_abre_con_tiempo,no_hay,manchas_oxido,normal,no,no_visible,correctos,mas_50,interior,anos_despues,normal,original,no,solido,salpicadura,72
muro,diagonal_45_75,cerrada_fina,cabeza,multiples_distintos_planos,se_cierra_al_descender,no_hay,manchas_oxido,normal,no,no_visible,correctos,5_a_20,sumergido,primeros_meses,sobrecarga,reparada,no,solido,seco,93
mensula,vertical,cerrada_fina,centro,multiples_distintos_planos,se_cierra_al_alejarse,recubrimiento_desprendido,oscurecido,normal,no,no_visible,separados,5_a_20,costero_marino,primeros_meses,sobrecarga,original,flecha_abajo,solido,seco,57
voladizo,diagonal_45_75,grieta_separacion,cara_inferior,multiples_paralelas,se_abre_con_tiempo,recubrimiento_desprendido,manchas_blancas,normal,no,no_visible,correctos,20_a_50,interior,primeros_meses,normal,original,flecha_abajo,diferente_zonas,seco,48
muro,vertical,cerrada_fina,ambas_caras,multiples_distintos_planos,se_abre_con_tiempo,no_hay,normal,normal,no,no_visible,correctos,menos_5,industrial,subita_reciente,sobrecarga,reparada,no,solido,seco,70
tabique_cerramiento,diagonal_45_75,cerrada_fina,base,periodica,estable,no_hay,manchas_blancas,humedo_filtraciones,no,no_visible,correctos,menos_5,exterior_continental,primeros_meses,normal,original,no,solido,humedo,77
forjado_reticular,diagonal_45_75,media,centro,unica,se_cierra_al_alejarse,no_hay,normal,normal,no,manchas_oxido,correctos,menos_5,exterior_continental,primeras_semanas,sobrecarga,recien_desencofrada,flecha_abajo,hueco,seco,49
muro,diagonal_45,media,base,multiples_paralelas,se_cierra_al_descender,no_hay,normal,poroso,no,no_visible,correctos,5_a_20,sumergido,durante_construccion,normal,reparada,desplazamiento_lateral,solido,humedo,85
voladizo,diagonal_45,cerrada_fina,base,ramificada,estable,no_hay,normal,disgregado,no,no_visible,correctos,mas_50,industrial,subita_reciente,sobrecarga,original,no,solido,seco,47
vigueta,horizontal,cerrada_fina,centro,ramificada,aparecio_de_golpe,no_hay,normal,normal,no,no_visible,correctos,5_a_20,sumergido,anos_despues,normal,original,flecha_abajo,diferente_zonas,seco,42
forjado_unidireccional,vertical,media,esquinas,ramificada,se_cierra_al_descender,no_hay,normal,normal,completamente,oxidada_visible,correctos,5_a_20,exterior_continental,subita_reciente,normal,original,no,diferente_zonas,seco,13
voladizo,diagonal_45,media,ambas_caras,unica,se_cierra_al_descender,no_hay,normal,poroso,no,no_visible,correctos,menos_5,sumergido,durante_construccion,normal,reparada,no,solido,seco,47
vigueta,horizontal,media,cara_inferior,ramificada,se_abre_con_tiempo,no_hay,normal,poroso,no,manchas_oxido,correctos,mas_50,industrial,subita_reciente,normal,original,flecha_abajo,solido,seco,57
viga,vertical,media,ambas_caras,multiples_paralelas,estable,no_hay,normal,normal,parcialmente,oxidada_visible,correctos,mas_50,costero_marino,subita_reciente,normal,reparada,no,diferente_zonas,seco,32
cimentacion_zapata,diagonal_45_75,media,base,multiples_distintos_planos,aparecio_de_golpe,no_hay,normal,normal,parcialmente,manchas_oxido,correctos,5_a_20,industrial,durante_construccion,sobrecarga,original,no,solido,seco,93
viga,red_mapa,media,ambas_caras,unica,se_cierra_al_alejarse,no_hay,normal,normal,no,manchas_oxido,correctos,mas_50,interior,subita_reciente,normal,original,no,diferente_zonas,seco,24
viga,horizontal,cerrada_fina,base,periodica,se_cierra_al_descender,no_hay,normal,humedo_filtraciones,no,no_visible,correctos,20_a_50,exterior_continental,primeras_semanas,impacto_sismo,original,no,solido,humedo,29
forjado_unidireccional,red_mapa,cerrada_fina,ambas_caras,ramificada,se_cierra_al_descender,no_hay,manchas_oxido,humedo_filtraciones,no,no_visible,correctos,menos_5,sumergido,primeras_semanas,normal,recien_desencofrada,aplastamiento,solido,humedo,65
pilar,sin_fisura,cerrada_fina,union_otro_elemento,unica,estable,perdida_seccion,normal,normal,parcialmente,no_visible,correctos,mas_50,sumergido,primeras_semanas,normal,original,flecha_abajo,hueco,seco,56
pilar,sin_fisura,cerrada_fina,union_otro_elemento,unica,estable,no_hay,manchas_oxido,poroso,no,no_visible,correctos,5_a_20,costero_marino,anos_despues,normal,reparada,no,diferente_zonas,humedo,11
viga,diagonal_45_75,abierta,base,periodica,se_abre_con_tiempo,no_hay,normal,normal,no,manchas_oxido,correctos,5_a_20,interior,primeros_meses,normal,original,no,diferente_zonas,seco,24
forjado_reticular,diagonal_45_75,cerrada_fina,centro,multiples_paralelas,estable,no_hay,oscurecido,poroso,no,no_visible,correctos,menos_5,exterior_continental,subita_reciente,normal,reparada,no,solido,seco,71
pilar,diagonal_45_75,cerrada_fina,cabeza,ramificada,se_cierra_al_descender,recubrimiento_desprendido,normal,normal,no,no_visible,separados,menos_5,exterior_continental,primeros_meses,normal,original,no,solido,filtracion_activa,12
forjado_unidireccional,diagonal_45_75,abierta,base,multiples_distintos_planos,aparecio_de_golpe,recubrimiento_desprendido,normal,normal,no,manchas_oxido,separados,5_a_20,industrial,anos_despues,descarga,original,no,diferente_zonas,seco,51
muro,horizontal,cerrada_fina,cara_inferior,ramificada,se_abre_con_tiempo,no_hay,manchas_oxido,normal,parcialmente,no_visible,correctos,5_a_20,interior,primeros_meses,impacto_sismo,reparada,no,diferente_zonas,filtracion_activa,70
vigueta,vertical,media,cabeza,ramificada,se_cierra_al_descender,no_hay,oscurecido,humedo_filtraciones,completamente,oxidada_visible,correctos,mas_50,costero_marino,subita_reciente,normal,reparada,flecha_abajo,diferente_zonas,salpicadura,43
forjado_unidireccional,diagonal_45,cerrada_fina,centro,multiples_distintos_planos,estable,no_hay,normal,normal,completamente,oxidada_visible,correctos,menos_5,costero_marino,subita_reciente,normal,original,no,solido,seco,71
vigueta,diagonal_45_75,media,cabeza,multiples_distintos_planos,se_abre_con_tiempo,no_hay,oscurecido,humedo_filtraciones,no,manchas_oxido,correctos,mas_50,exterior_continental,subita_reciente,normal,original,desplazamiento_lateral,diferente_zonas,humedo,37
tabique_cerramiento,sin_fisura,cerrada_fina,perimetro,unica,estable,no_hay,normal,normal,no,no_visible,separados,20_a_50,sumergido,durante_construccion,sobrecarga,original,no,diferente_zonas,humedo,66
forjado_unidireccional,diagonal_45,media,cabeza,multiples_paralelas,se_cierra_al_alejarse,no_hay,normal,normal,no,no_visible,ausentes,mas_50,exterior_continental,primeras_semanas,sobrecarga,original,no,hueco,seco,31
voladizo,diagonal_45,abierta,union_otro_elemento,multiples_distintos_planos,estable,no_hay,normal,normal,no,no_visible,correctos,5_a_20,industrial,subita_reciente,normal,original,no,solido,salpicadura,61
tabique_cerramiento,horizontal,media,cara_inferior,multiples_distintos_planos,se_cierra_al_alejarse,no_hay,normal,normal,parcialmente,no_visible,correctos,menos_5,costero_marino,anos_despues,sobrecarga,original,no,solido,humedo,66
vigueta,vertical,abierta,cabeza,periodica,se_cierra_al_alejarse,no_hay,normal,normal,no,manchas_oxido,correctos,20_a_50,exterior_continental,primeros_meses,normal,original,desplazamiento_lateral,diferente_zonas,seco,42
forjado_reticular,sin_fisura,cerrada_fina,union_otro_elemento,unica,estable,no_hay,normal,normal,completamente,no_visible,correctos,menos_5,industrial,anos_despues,sobrecarga,original,flecha_abajo,diferente_zonas,seco,89
forjado_reticular,sin_fisura,cerrada_fina,centro,unica,estable,no_hay,normal,poroso,no,manchas_oxido,correctos,menos_5,costero_marino,durante_construccion,normal,recien_desencofrada,aplastamiento,diferente_zonas,humedo,50
forjado_unidireccional,red_mapa,media,perimetro,periodica,se_cierra_al_alejarse,no_hay,normal,normal,no,no_visible,correctos,5_a_20,costero_marino,durante_construccion,normal,original,flecha_abajo,diferente_zonas,seco,54
viga,diagonal_45,grieta_separacion,cara_inferior,multiples_paralelas,aparecio_de_golpe,recubrimiento_desprendido,manchas_oxido,normal,no,manchas_oxido,desplazados,menos_5,sumergido,primeras_semanas,sobrecarga,recien_desencofrada,desplazamiento_lateral,solido,seco,21
forjado_unidireccional,sin_fisura,cerrada_fina,centro,unica,estable,no_hay,normal,normal,parcialmente,oxidada_visible,correctos,menos_5,costero_marino,durante_construccion,normal,recien_desencofrada,no,diferente_zonas,seco,50
cimentacion_zapata,vertical,abierta,cabeza,multiples_distintos_planos,se_abre_con_tiempo,no_hay,manchas_blancas,normal,parcialmente,no_visible,correctos,mas_50,sumergido,anos_despues,normal,original,flecha_abajo,diferente_zonas,seco,92
viga,red_mapa,abierta,base,multiples_paralelas,estable,no_hay,normal,normal,no,manchas_oxido,correctos,menos_5,industrial,anos_despues,normal,recien_desencofrada,flecha_abajo,diferente_zonas,seco,32
mensula,vertical,media,perimetro,multiples_distintos_planos,aparecio_de_golpe,desmoronandose,normal,disgregado,no,no_visible,correctos,5_a_20,sumergido,subita_reciente,normal,original,aplastamiento,diferente_zonas,seco,95
voladizo,diagonal_45,cerrada_fina,base,periodica,estable,no_hay,manchas_blancas,normal,no,no_visible,correctos,5_a_20,exterior_continental,subita_reciente,normal,original,desplazamiento_lateral,hueco,seco,85
mensula,red_mapa,abierta,ambas_caras,ramificada,aparecio_de_golpe,recubrimiento_desprendido,normal,disgregado,parcialmente,oxidada_visible,ausentes,20_a_50,exterior_continental,anos_despues,normal,reparada,flecha_abajo,diferente_zonas,seco,55
muro,diagonal_45,grieta_separacion,cara_inferior,multiples_paralelas,aparecio_de_golpe,perdida_seccion,manchas_oxido,poroso,parcialmente,manchas_oxido,separados,menos_5,sumergido,primeras_semanas,sobrecarga,reparada,flecha_abajo,diferente_zonas,seco,84
viga,vertical,media,base,unica,aparecio_de_golpe,recubrimiento_desprendido,normal,poroso,no,no_visible,ausentes,menos_5,exterior_continental,durante_construccion,normal,recien_desencofrada,giro_inclinacion,solido,humedo,27
voladizo,diagonal_45_75,cerrada_fina,cara_inferior,ramificada,se_cierra_al_descender,recubrimiento_desprendido,normal,normal,parcialmente,no_visible,correctos,20_a_50,exterior_continental,durante_construccion,normal,reforzada,flecha_abajo,solido,seco,48
tabique_cerramiento,red_mapa,cerrada_fina,union_otro_elemento,ramificada,se_cierra_al_descender,no_hay,normal,normal,parcialmente,no_visible,correctos,mas_50,costero_marino,primeros_meses,sobrecarga,original,no,solido,seco,62
tabique_cerramiento,vertical,abierta,perimetro,multiples_paralelas,se_cierra_al_alejarse,no_hay,normal,normal,no,no_visible,correctos,5_a_20,exterior_continental,anos_despues,impacto_sismo,reparada,no,solido,seco,16
mensula,horizontal,abierta,cara_inferior,unica,estable,no_hay,normal,normal,parcialmente,oxidada_visible,correctos,menos_5,exterior_continental,durante_construccion,sobrecarga,original,no,diferente_zonas,seco,33
muro,diagonal_45_75,media,centro,multiples_distintos_planos,se_cierra_al_descender,no_hay,oscurecido,normal,parcialmente,no_visible,ausentes,20_a_50,interior,primeros_meses,normal,recien_desencofrada,no,hueco,seco,93
muro,red_mapa,media,base,ramificada,se_cierra_al_alejarse,perdida_seccion,normal,normal,no,no_visible,correctos,5_a_20,costero_marino,durante_construccion,descarga,original,aplastamiento,diferente_zonas,seco,94
cimentacion_zapata,red_mapa,media,centro,ramificada,se_cierra_al_alejarse,recubrimiento_desprendido,normal,normal,no,manchas_oxido,correctos,20_a_50,industrial,durante_construccion,descarga,original,no,solido,seco,94
forjado_unidireccional,diagonal_45_75,abierta,perimetro,periodica,estable,no_hay,manchas_blancas,normal,no,no_visible,separados,5_a_20,costero_marino,primeros_meses,sobrecarga,original,no,diferente_zonas,seco,54
tabique_cerramiento,sin_fisura,cerrada_fina,union_otro_elemento,unica,estable,no_hay,manchas_blancas,humedo_filtraciones,no,manchas_oxido,correctos,5_a_20,industrial,subita_reciente,normal,original,flecha_abajo,solido,filtracion_activa,79
voladizo,horizontal,abierta,centro,multiples_distintos_planos,se_abre_con_tiempo,no_hay,normal,normal,completamente,oxidada_visible,correctos,5_a_20,sumergido,primeros_meses,sobrecarga,reforzada,flecha_abajo,diferente_zonas,seco,45
cimentacion_zapata,vertical,abierta,centro,unica,se_cierra_al_descender,recubrimiento_desprendido,oscurecido,normal,no,manchas_oxido,correctos,mas_50,costero_marino,anos_despues,impacto_sismo,original,aplastamiento,hueco,seco,95
pilar,vertical,grieta_separacion,cabeza,multiples_paralelas,aparecio_de_golpe,perdida_seccion,normal,normal,no,no_visible,correctos,menos_5,sumergido,primeras_semanas,normal,original,flecha_abajo,solido,humedo,4
tabique_cerramiento,diagonal_45,cerrada_fina,ambas_caras,multiples_distintos_planos,se_abre_con_tiempo,no_hay,normal,normal,parcialmente,no_visible,correctos,menos_5,industrial,subita_reciente,sobrecarga,original,flecha_abajo,solido,seco,69
pilar,red_mapa,abierta,base,periodica,aparecio_de_golpe,desmoronandose,manchas_oxido,disgregado,parcialmente,no_visible,correctos,20_a_50,costero_marino,durante_construccion,sobrecarga,original,flecha_abajo,diferente_zonas,humedo,2
forjado_unidireccional,vertical,media,union_otro_elemento,unica,estable,no_hay,normal,normal,no,manchas_oxido,separados,menos_5,exterior_continental,durante_construccion,normal,reforzada,no,solido,seco,52
forjado_unidireccional,diagonal_45,abierta,cara_inferior,unica,se_cierra_al_descender,perdida_seccion,normal,normal,completamente,oxidada_visible,separados,5_a_20,interior,subita_reciente,sobrecarga,original,flecha_abajo,hueco,seco,19
mensula,horizontal,media,esquinas,multiples_paralelas,estable,no_hay,normal,poroso,no,manchas_oxido,correctos,20_a_50,exterior_continental,anos_despues,normal,original,flecha_abajo,solido,seco,33
voladizo,red_mapa,abierta,base,ramificada,se_cierra_al_descender,no_hay,normal,normal,no,no_visible,correctos,menos_5,exterior_continental,primeros_meses,normal,original,aplastamiento,diferente_zonas,humedo,47
cimentacion_zapata,red_mapa,media,ambas_caras,multiples_distintos_planos,aparecio_de_golpe,no_hay,normal,normal,no,no_visible,correctos,mas_50,interior,durante_construccion,normal,reparada,no,solido,seco,94
tabique_cerramiento,red_mapa,media,base,multiples_distintos_planos,estable,no_hay,manchas_blancas,poroso,parcialmente,manchas_oxido,correctos,5_a_20,costero_marino,durante_construccion,normal,reparada,no,diferente_zonas,humedo,74
muro,diagonal_45,abierta,cabeza,periodica,se_abre_con_tiempo,no_hay,manchas_blancas,humedo_filtraciones,no,no_visible,separados,mas_50,exterior_continental,subita_reciente,normal,reforzada,no,solido,filtracion_activa,80
mensula,diagonal_45,grieta_separacion,perimetro,periodica,estable,no_hay,normal,normal,parcialmente,oxidada_visible,separados,5_a_20,sumergido,primeros_meses,normal,original,no,diferente_zonas,humedo,35
voladizo,diagonal_45_75,cerrada_fina,ambas_caras,multiples_distintos_planos,se_cierra_al_alejarse,no_hay,normal,normal,parcialmente,no_visible,separados,20_a_50,costero_marino,primeras_semanas,sobrecarga,original,no,solido,seco,47
mensula,horizontal,media,perimetro,periodica,se_cierra_al_descender,recubrimiento_desprendido,manchas_oxido,normal,parcialmente,oxidada_visible,correctos,menos_5,interior,subita_reciente,sobrecarga,reparada,no,hueco,seco,33
forjado_unidireccional,vertical,cerrada_fina,union_otro_elemento,ramificada,estable,no_hay,manchas_blancas,humedo_filtraciones,no,no_visible,correctos,20_a_50,sumergido,anos_despues,sobrecarga,original,no,solido,humedo,65
cimentacion_zapata,horizontal,media,cabeza,periodica,aparecio_de_golpe,recubrimiento_desprendido,normal,normal,no,no_visible,correctos,mas_50,industrial,durante_construccion,normal,original,desplazamiento_lateral,diferente_zonas,seco,92
mensula,vertical,media,esquinas,multiples_paralelas,se_cierra_al_alejarse,recubrimiento_desprendido,normal,normal,no,no_visible,correctos,5_a_20,industrial,anos_despues,impacto_sismo,original,no,hueco,seco,95
tabique_cerramiento,horizontal,cerrada_fina,cara_inferior,ramificada,se_cierra_al_alejarse,recubrimiento_desprendido,manchas_blancas,normal,no,manchas_oxido,correctos,5_a_20,exterior_continental,primeras_semanas,impacto_sismo,original,no,diferente_zonas,seco,70
pilar,red_mapa,cerrada_fina,perimetro,periodica,se_abre_con_tiempo,no_hay,manchas_oxido,humedo_filtraciones,no,no_visible,correctos,menos_5,industrial,anos_despues,normal,original,no,solido,filtracion_activa,10
voladizo,diagonal_45_75,abierta,cara_inferior,multiples_paralelas,estable,recubrimiento_desprendido,normal,normal,no,manchas_oxido,desplazados,5_a_20,exterior_continental,anos_despues,normal,original,no,diferente_zonas,humedo,48
pilar,horizontal,media,perimetro,periodica,estable,no_hay,normal,humedo_filtraciones,completamente,oxidada_visible,correctos,5_a_20,industrial,primeros_meses,impacto_sismo,reparada,no,solido,seco,9
tabique_cerramiento,horizontal,cerrada_fina,ambas_caras,multiples_distintos_planos,se_cierra_al_descender,no_hay,normal,poroso,no,no_visible,correctos,5_a_20,costero_marino,durante_construccion,normal,reparada,no,diferente_zonas,seco,72
muro,horizontal,abierta,cara_inferior,multiples_distintos_planos,estable,no_hay,normal,normal,parcialmente,oxidada_visible,correctos,menos_5,costero_marino,durante_construccion,normal,original,no,diferente_zonas,seco,74
tabique_cerramiento,vertical,cerrada_fina,ambas_caras,ramificada,aparecio_de_golpe,desmoronandose,normal,disgregado,no,no_visible,correctos,mas_50,interior,subita_reciente,impacto_sismo,original,no,solido,seco,60
vigueta,horizontal,abierta,cabeza,multiples_distintos_planos,se_cierra_al_alejarse,recubrimiento_desprendido,normal,normal,completamente,oxidada_visible,correctos,menos_5,costero_marino,durante_construccion,descarga,recien_desencofrada,no,hueco,seco,41
tabique_cerramiento,vertical,media,centro,ramificada,estable,no_hay,normal,poroso,no,no_visible,correctos,5_a_20,industrial,primeros_meses,normal,original,no,solido,seco,28
cimentacion_zapata,vertical,media,cabeza,unica,se_cierra_al_descender,no_hay,manchas_oxido,normal,no,no_visible,correctos,mas_50,industrial,primeras_semanas,normal,original,no,hueco,seco,91
muro,diagonal_45,media,perimetro,multiples_paralelas,estable,recubrimiento_desprendido,normal,normal,no,manchas_oxido,separados,menos_5,interior,durante_construccion,descarga,recien_desencofrada,desplazamiento_lateral,solido,humedo,49
tabique_cerramiento,horizontal,cerrada_fina,cara_inferior,multiples_paralelas,aparecio_de_golpe,no_hay,oscurecido,normal,completamente,perdida_seccion,correctos,menos_5,exterior_continental,subita_reciente,normal,recien_desencofrada,no,diferente_zonas,seco,73
forjado_unidireccional,vertical,media,centro,multiples_distintos_planos,estable,recubrimiento_desprendido,manchas_oxido,normal,no,no_visible,correctos,menos_5,costero_marino,primeras_semanas,sobrecarga,reparada,flecha_abajo,diferente_zonas,humedo,60
cimentacion_zapata,horizontal,media,base,ramificada,se_cierra_al_alejarse,no_hay,normal,normal,no,no_visible,correctos,5_a_20,interior,anos_despues,impacto_sismo,reforzada,flecha_abajo,diferente_zonas,humedo,81
voladizo,sin_fisura,cerrada_fina,cabeza,unica,estable,recubrimiento_desprendido,normal,normal,completamente,no_visible,correctos,20_a_50,sumergido,primeras_semanas,sobrecarga,reparada,no,diferente_zonas,humedo,34
pilar,diagonal_45_75,media,cabeza,periodica,estable,no_hay,normal,poroso,parcialmente,oxidada_visible,correctos,menos_5,sumergido,durante_construccion,impacto_sismo,original,flecha_abajo,diferente_zonas,humedo,9
vigueta,sin_fisura,cerrada_fina,cabeza,unica,estable,recubrimiento_desprendido,normal,humedo_filtraciones,no,manchas_oxido,separados,menos_5,sumergido,primeras_semanas,descarga,recien_desencofrada,no,diferente_zonas,seco,41
cimentacion_zapata,diagonal_45,cerrada_fina,perimetro,ramificada,se_cierra_al_descender,no_hay,manchas_blancas,normal,no,no_visible,correctos,menos_5,industrial,durante_construccion,normal,original,no,solido,seco,93
forjado_unidireccional,red_mapa,media,union_otro_elemento,unica,estable,no_hay,normal,normal,no,no_visible,correctos,menos_5,interior,durante_construccion,sobrecarga,recien_desencofrada,giro_inclinacion,solido,humedo,52
forjado_reticular,sin_fisura,cerrada_fina,base,unica,estable,desmoronandose,oscurecido,disgregado,no,no_visible,separados,5_a_20,industrial,primeras_semanas,sobrecarga,reparada,giro_inclinacion,diferente_zonas,seco,56
vigueta,horizontal,media,cabeza,multiples_paralelas,se_abre_con_tiempo,no_hay,normal,normal,parcialmente,no_visible,correctos,5_a_20,costero_marino,anos_despues,normal,original,flecha_abajo,hueco,seco,42
forjado_reticular,diagonal_45,abierta,base,ramificada,se_cierra_al_alejarse,no_hay,normal,normal,parcialmente,manchas_oxido,correctos,menos_5,interior,durante_construccion,normal,recien_desencofrada,flecha_abajo,solido,seco,49
pilar,horizontal,abierta,cara_inferior,periodica,aparecio_de_golpe,no_hay,normal,poroso,no,manchas_oxido,correctos,20_a_50,industrial,durante_construccion,sobrecarga,reforzada,no,diferente_zonas,seco,7
tabique_cerramiento,red_mapa,cerrada_fina,esquinas,ramificada,se_cierra_al_alejarse,no_hay,normal,normal,no,no_visible,correctos,menos_5,exterior_continental,durante_construccion,normal,original,no,solido,seco,78
forjado_reticular,diagonal_45,media,ambas_caras,unica,se_abre_con_tiempo,perdida_seccion,normal,poroso,no,manchas_oxido,separados,mas_50,industrial,primeras_semanas,normal,original,desplazamiento_lateral,diferente_zonas,humedo,51
mensula,diagonal_45_75,media,union_otro_elemento,multiples_distintos_planos,estable,recubrimiento_desprendido,normal,normal,parcialmente,no_visible,correctos,menos_5,exterior_continental,durante_construccion,normal,original,flecha_abajo,solido,humedo,18
viga,diagonal_45,cerrada_fina,base,multiples_distintos_planos,estable,no_hay,normal,normal,no,no_visible,correctos,5_a_20,interior,primeras_semanas,normal,reforzada,no,diferente_zonas,seco,23
voladizo,red_mapa,cerrada_fina,esquinas,unica,aparecio_de_golpe,recubrimiento_desprendido,manchas_blancas,normal,no,no_visible,correctos,mas_50,exterior_continental,primeros_meses,sobrecarga,original,aplastamiento,diferente_zonas,seco,58
forjado_unidireccional,diagonal_45_75,abierta,cara_inferior,ramificada,se_cierra_al_alejarse,recubrimiento_desprendido,normal,poroso,parcialmente,oxidada_visible,separados,menos_5,interior,anos_despues,normal,original,no,diferente_zonas,seco,51
pilar,vertical,grieta_separacion,cabeza,periodica,se_cierra_al_alejarse,perdida_seccion,manchas_oxido,normal,parcialmente,oxidada_visible,correctos,20_a_50,industrial,primeros_meses,normal,original,no,diferente_zonas,seco,4
voladizo,diagonal_45_75,grieta_separacion,cara_inferior,ramificada,se_abre_con_tiempo,perdida_seccion,manchas_blancas,normal,parcialmente,perdida_seccion,correctos,mas_50,sumergido,durante_construccion,normal,original,desplazamiento_lateral,hueco,seco,48
voladizo,horizontal,grieta_separacion,union_otro_elemento,ramificada,se_cierra_al_descender,recubrimiento_desprendido,manchas_oxido,normal,parcialmente,oxidada_visible,correctos,5_a_20,costero_marino,anos_despues,normal,original,desplazamiento_lateral,diferente_zonas,seco,46
vigueta,horizontal,cerrada_fina,esquinas,ramificada,se_cierra_al_descender,no_hay,manchas_blancas,humedo_filtraciones,no,manchas_oxido,correctos,menos_5,exterior_continental,durante_construccion,normal,recien_desencofrada,no,diferente_zonas,humedo,40
pilar,diagonal_45,abierta,ambas_caras,periodica,estable,recubrimiento_desprendido,normal,normal,parcialmente,no_visible,ausentes,menos_5,sumergido,durante_construccion,normal,original,giro_inclinacion,hueco,seco,8
viga,diagonal_45,abierta,base,multiples_distintos_planos,aparecio_de_golpe,recubrimiento_desprendido,manchas_blancas,normal,parcialmente,oxidada_visible,separados,20_a_50,interior,subita_reciente,sobrecarga,original,giro_inclinacion,solido,seco,17
forjado_unidireccional,diagonal_45_75,media,perimetro,periodica,se_abre_con_tiempo,no_hay,normal,normal,parcialmente,perdida_seccion,correctos,mas_50,sumergido,primeros_meses,impacto_sismo,original,no,diferente_zonas,seco,54
muro,red_mapa,abierta,union_otro_elemento,multiples_distintos_planos,estable,no_hay,normal,normal,parcialmente,manchas_oxido,correctos,menos_5,costero_marino,anos_despues,normal,original,no,diferente_zonas,seco,74
pilar,horizontal,cerrada_fina,cabeza,periodica,aparecio_de_golpe,no_hay,normal,poroso,completamente,no_visible,correctos,menos_5,costero_marino,anos_despues,normal,recien_desencofrada,no,diferente_zonas,seco,14
forjado_unidireccional,red_mapa,abierta,base,multiples_distintos_planos,aparecio_de_golpe,recubrimiento_desprendido,manchas_oxido,normal,completamente,no_visible,ausentes,5_a_20,costero_marino,anos_despues,sobrecarga,reparada,no,diferente_zonas,humedo,55
pilar,vertical,abierta,ambas_caras,multiples_paralelas,se_abre_con_tiempo,recubrimiento_desprendido,normal,normal,completamente,manchas_oxido,separados,20_a_50,interior,subita_reciente,impacto_sismo,original,no,diferente_zonas,humedo,3
viga,diagonal_45,cerrada_fina,cabeza,multiples_distintos_planos,aparecio_de_golpe,no_hay,manchas_oxido,normal,completamente,no_visible,correctos,menos_5,costero_marino,primeras_semanas,descarga,original,flecha_abajo,solido,seco,14
pilar,red_mapa,abierta,esquinas,ramificada,se_cierra_al_descender,recubrimiento_desprendido,manchas_oxido,poroso,parcialmente,manchas_oxido,correctos,20_a_50,exterior_continental,anos_despues,normal,original,no,solido,humedo,6
viga,horizontal,abierta,esquinas,ramificada,se_cierra_al_alejarse,recubrimiento_desprendido,normal,normal,no,manchas_oxido,correctos,5_a_20,costero_marino,primeras_semanas,sobrecarga,original,no,hueco,salpicadura,19
muro,vertical,cerrada_fina,centro,unica,aparecio_de_golpe,no_hay,normal,humedo_filtraciones,no,no_visible,correctos,menos_5,costero_marino,subita_reciente,sobrecarga,original,no,solido,humedo,79
cimentacion_zapata,vertical,cerrada_fina,base,multiples_paralelas,estable,no_hay,manchas_oxido,normal,parcialmente,no_visible,correctos,5_a_20,industrial,anos_despues,normal,original,aplastamiento,solido,seco,83
mensula,horizontal,cerrada_fina,union_otro_elemento,periodica,se_cierra_al_descender,no_hay,normal,normal,parcialmente,no_visible,correctos,5_a_20,industrial,subita_reciente,sobrecarga,original,no,diferente_zonas,salpicadura,36
viga,diagonal_45,cerrada_fina,centro,multiples_distintos_planos,se_cierra_al_descender,desmoronandose,normal,disgregado,parcialmente,no_visible,correctos,mas_50,industrial,subita_reciente,normal,recien_desencofrada,aplastamiento,solido,seco,60
tabique_cerramiento,diagonal_45,cerrada_fina,esquinas,unica,estable,no_hay,normal,normal,parcialmente,no_visible,correctos,menos_5,exterior_continental,primeros_meses,sobrecarga,original,no,solido,seco,75
vigueta,diagonal_45_75,cerrada_fina,esquinas,multiples_paralelas,se_cierra_al_alejarse,no_hay,manchas_oxido,poroso,no,no_visible,ausentes,20_a_50,costero_marino,primeras_semanas,sobrecarga,original,no,diferente_zonas,humedo,77
vigueta,diagonal_45,cerrada_fina,esquinas,unica,se_cierra_al_descender,no_hay,oscurecido,humedo_filtraciones,no,manchas_oxido,correctos,20_a_50,exterior_continental,primeros_meses,sobrecarga,recien_desencofrada,flecha_abajo,solido,humedo,37
cimentacion_zapata,diagonal_45_75,grieta_separacion,base,multiples_distintos_planos,estable,no_hay,manchas_oxido,poroso,parcialmente,no_visible,ausentes,20_a_50,sumergido,anos_despues,sobrecarga,original,no,solido,humedo,87
muro,red_mapa,media,esquinas,ramificada,aparecio_de_golpe,recubrimiento_desprendido,normal,poroso,parcialmente,oxidada_visible,ausentes,20_a_50,interior,durante_construccion,descarga,original,no,diferente_zonas,seco,22
pilar,diagonal_45_75,grieta_separacion,cabeza,multiples_distintos_planos,estable,recubrimiento_desprendido,normal,normal,completamente,no_visible,desplazados,menos_5,exterior_continental,durante_construccion,normal,original,desplazamiento_lateral,diferente_zonas,seco,5
vigueta,horizontal,cerrada_fina,cara_inferior,ramificada,se_abre_con_tiempo,recubrimiento_desprendido,oscurecido,humedo_filtraciones,parcialmente,oxidada_visible,correctos,20_a_50,exterior_continental,anos_despues,normal,original,no,solido,humedo,37
viga,sin_fisura,cerrada_fina,perimetro,unica,estable,desmoronandose,normal,poroso,no,no_visible,correctos,5_a_20,industrial,anos_despues,sobrecarga,original,flecha_abajo,solido,seco,66
viga,sin_fisura,cerrada_fina,base,unica,estable,recubrimiento_desprendido,normal,normal,no,manchas_oxido,correctos,5_a_20,interior,primeras_semanas,normal,reforzada,flecha_abajo,diferente_zonas,filtracion_activa,24
cimentacion_zapata,diagonal_45,abierta,base,unica,se_cierra_al_alejarse,recubrimiento_desprendido,normal,normal,parcialmente,oxidada_visible,ausentes,mas_50,industrial,primeras_semanas,normal,reparada,no,diferente_zonas,seco,51
viga,diagonal_45_75,cerrada_fina,ambas_caras,ramificada,aparecio_de_golpe,no_hay,normal,normal,no,no_visible,correctos,20_a_50,interior,subita_reciente,normal,original,no,solido,seco,64
vigueta,vertical,media,base,unica,se_cierra_al_alejarse,recubrimiento_desprendido,normal,normal,parcialmente,manchas_oxido,separados,menos_5,costero_marino,durante_construccion,normal,recien_desencofrada,no,hueco,seco,41
pilar,horizontal,media,ambas_caras,unica,aparecio_de_golpe,perdida_seccion,normal,disgregado,parcialmente,manchas_oxido,separados,20_a_50,sumergido,subita_reciente,sobrecarga,original,no,hueco,seco,3
viga,diagonal_45,abierta,base,periodica,se_abre_con_tiempo,perdida_seccion,normal,normal,parcialmente,manchas_oxido,separados,5_a_20,interior,subita_reciente,normal,original,giro_inclinacion,diferente_zonas,seco,17
voladizo,red_mapa,abierta,union_otro_elemento,multiples_distintos_planos,aparecio_de_golpe,no_hay,normal,normal,no,no_visible,separados,mas_50,interior,anos_despues,sobrecarga,reforzada,no,solido,humedo,47
pilar,vertical,abierta,cabeza,periodica,se_abre_con_tiempo,perdida_seccion,oscurecido,normal,parcialmente,oxidada_visible,desplazados,20_a_50,sumergido,durante_construccion,sobrecarga,original,desplazamiento_lateral,diferente_zonas,seco,1
pilar,sin_fisura,cerrada_fina,base,unica,estable,desmoronandose,manchas_oxido,disgregado,parcialmente,no_visible,correctos,menos_5,industrial,subita_reciente,normal,original,no,hueco,seco,2
vigueta,red_mapa,abierta,cara_inferior,multiples_distintos_planos,se_abre_con_tiempo,perdida_seccion,normal,normal,parcialmente,oxidada_visible,ausentes,20_a_50,sumergido,subita_reciente,descarga,original,no,diferente_zonas,seco,44
pilar,vertical,media,cabeza,multiples_distintos_planos,aparecio_de_golpe,no_hay,normal,normal,no,no_visible,separados,20_a_50,sumergido,primeros_meses,normal,original,no,solido,seco,12
pilar,red_mapa,abierta,cabeza,multiples_paralelas,se_abre_con_tiempo,perdida_seccion,oscurecido,normal,completamente,oxidada_visible,separados,mas_50,costero_marino,subita_reciente,sobrecarga,original,no,hueco,seco,1
viga,red_mapa,abierta,perimetro,multiples_distintos_planos,se_cierra_al_descender,no_hay,normal,disgregado,parcialmente,oxidada_visible,separados,mas_50,industrial,subita_reciente,sobrecarga,original,no,solido,seco,32
mensula,sin_fisura,cerrada_fina,union_otro_elemento,unica,estable,no_hay,normal,normal,parcialmente,no_visible,correctos,menos_5,industrial,primeros_meses,normal,recien_desencofrada,no,solido,seco,23
tabique_cerramiento,diagonal_45,cerrada_fina,cara_inferior,unica,se_cierra_al_descender,no_hay,manchas_oxido,humedo_filtraciones,no,no_visible,correctos,mas_50,costero_marino,durante_construccion,normal,original,no,solido,humedo,65
pilar,red_mapa,abierta,base,ramificada,estable,perdida_seccion,manchas_oxido,poroso,completamente,oxidada_visible,correctos,20_a_50,costero_marino,primeros_meses,normal,original,no,diferente_zonas,humedo,6
mensula,sin_fisura,cerrada_fina,perimetro,unica,estable,no_hay,normal,normal,no,no_visible,desplazados,menos_5,interior,primeras_semanas,normal,recien_desencofrada,no,solido,seco,27
forjado_unidireccional,vertical,cerrada_fina,union_otro_elemento,multiples_paralelas,aparecio_de_golpe,no_hay,manchas_blancas,poroso,no,no_visible,correctos,20_a_50,sumergido,anos_despues,normal,original,no,solido,humedo,65
pilar,vertical,media,union_otro_elemento,multiples_paralelas,aparecio_de_golpe,no_hay,normal,disgregado,no,manchas_oxido,correctos,mas_50,exterior_continental,durante_construccion,normal,original,desplazamiento_lateral,hueco,seco,7
tabique_cerramiento,red_mapa,cerrada_fina,ambas_caras,ramificada,estable,no_hay,normal,normal,no,no_visible,correctos,menos_5,sumergido,anos_despues,normal,original,no,solido,seco,73
viga,vertical,abierta,cara_inferior,periodica,aparecio_de_golpe,no_hay,manchas_oxido,normal,parcialmente,oxidada_visible,correctos,mas_50,costero_marino,anos_despues,normal,original,no,diferente_zonas,seco,30
muro,horizontal,media,base,periodica,estable,no_hay,normal,normal,no,no_visible,correctos,menos_5,interior,anos_despues,sobrecarga,original,desplazamiento_lateral,solido,seco,81
muro,horizontal,cerrada_fina,cabeza,multiples_distintos_planos,estable,no_hay,normal,humedo_filtraciones,no,no_visible,correctos,5_a_20,sumergido,anos_despues,normal,original,no,solido,seco,72
mensula,sin_fisura,cerrada_fina,cabeza,unica,estable,desmoronandose,manchas_blancas,disgregado,no,no_visible,desplazados,menos_5,exterior_continental,anos_despues,normal,original,no,solido,humedo,65
pilar,horizontal,cerrada_fina,union_otro_elemento,multiples_distintos_planos,aparecio_de_golpe,no_hay,manchas_oxido,humedo_filtraciones,no,no_visible,correctos,5_a_20,costero_marino,durante_construccion,sobrecarga,reparada,no,solido,humedo,67
vigueta,diagonal_45,cerrada_fina,esquinas,multiples_distintos_planos,se_cierra_al_alejarse,perdida_seccion,oscurecido,normal,completamente,no_visible,correctos,20_a_50,interior,durante_construccion,normal,reparada,desplazamiento_lateral,solido,seco,39
vigueta,diagonal_45_75,media,esquinas,ramificada,se_cierra_al_descender,recubrimiento_desprendido,manchas_blancas,normal,no,manchas_oxido,correctos,5_a_20,costero_marino,durante_construccion,normal,original,no,hueco,seco,41
cimentacion_zapata,diagonal_45_75,media,perimetro,multiples_distintos_planos,se_cierra_al_alejarse,recubrimiento_desprendido,normal,normal,no,manchas_oxido,correctos,5_a_20,costero_marino,subita_reciente,normal,original,no,diferente_zonas,seco,90
cimentacion_zapata,diagonal_45,cerrada_fina,cabeza,multiples_distintos_planos,se_cierra_al_descender,no_hay,normal,poroso,parcialmente,no_visible,correctos,menos_5,industrial,durante_construccion,normal,reforzada,no,diferente_zonas,seco,96
forjado_unidireccional,red_mapa,media,cara_inferior,ramificada,estable,no_hay,normal,normal,no,no_visible,correctos,5_a_20,interior,anos_despues,normal,original,no,solido,humedo,68
muro,diagonal_45_75,media,base,unica,estable,no_hay,manchas_blancas,normal,no,no_visible,separados,5_a_20,exterior_continental,primeras_semanas,normal,original,no,solido,seco,78
cimentacion_zapata,diagonal_45_75,cerrada_fina,base,multiples_distintos_planos,estable,recubrimiento_desprendido,normal,normal,parcialmente,no_visible,correctos,mas_50,costero_marino,primeras_semanas,normal,original,desplazamiento_lateral,hueco,seco,85
forjado_unidireccional,red_mapa,abierta,centro,multiples_paralelas,aparecio_de_golpe,no_hay,normal,normal,no,manchas_oxido,correctos,menos_5,exterior_continental,durante_construccion,normal,recien_desencofrada,giro_inclinacion,solido,seco,50
tabique_cerramiento,diagonal_45_75,cerrada_fina,cabeza,periodica,se_cierra_al_alejarse,no_hay,manchas_oxido,normal,parcialmente,manchas_oxido,ausentes,menos_5,interior,durante_construccion,normal,original,no,diferente_zonas,seco,75
viga,vertical,cerrada_fina,centro,multiples_paralelas,estable,recubrimiento_desprendido,oscurecido,normal,parcialmente,no_visible,correctos,5_a_20,exterior_continental,primeros_meses,normal,original,aplastamiento,solido,seco,60
forjado_unidireccional,red_mapa,media,centro,periodica,estable,no_hay,normal,normal,parcialmente,manchas_oxido,correctos,menos_5,exterior_continental,durante_construccion,sobrecarga,original,no,hueco,seco,50
voladizo,sin_fisura,cerrada_fina,centro,unica,estable,no_hay,manchas_oxido,normal,no,manchas_oxido,correctos,20_a_50,exterior_continental,anos_despues,sobrecarga,reforzada,flecha_abajo,diferente_zonas,humedo,45
mensula,horizontal,media,cabeza,periodica,se_cierra_al_alejarse,no_hay,normal,normal,no,manchas_oxido,correctos,menos_5,costero_marino,primeros_meses,sobrecarga,original,aplastamiento,diferente_zonas,seco,33
forjado_unidireccional,vertical,cerrada_fina,ambas_caras,multiples_distintos_planos,se_cierra_al_alejarse,recubrimiento_desprendido,oscurecido,normal,no,no_visible,correctos,5_a_20,sumergido,durante_construccion,normal,original,no,solido,seco,69
vigueta,vertical,cerrada_fina,esquinas,unica,estable,no_hay,normal,normal,parcialmente,no_visible,correctos,20_a_50,interior,durante_construccion,normal,original,flecha_abajo,solido,seco,39
tabique_cerramiento,diagonal_45,abierta,base,multiples_paralelas,se_cierra_al_alejarse,perdida_seccion,normal,normal,no,manchas_oxido,correctos,mas_50,exterior_continental,anos_despues,normal,original,no,hueco,humedo,84
forjado_reticular,red_mapa,cerrada_fina,base,unica,aparecio_de_golpe,no_hay,manchas_blancas,normal,no,no_visible,correctos,20_a_50,sumergido,anos_despues,normal,original,no,diferente_zonas,humedo,62
viga,diagonal_45_75,cerrada_fina,cabeza,multiples_distintos_planos,estable,no_hay,manchas_blancas,humedo_filtraciones,no,manchas_oxido,correctos,menos_5,costero_marino,anos_despues,descarga,original,no,solido,filtracion_activa,67
viga,horizontal,cerrada_fina,union_otro_elemento,multiples_distintos_planos,estable,no_hay,normal,normal,parcialmente,no_visible,correctos,menos_5,exterior_continental,anos_despues,sobrecarga,original,desplazamiento_lateral,solido,seco,16
cimentacion_zapata,diagonal_45,media,union_otro_elemento,multiples_distintos_planos,se_cierra_al_alejarse,no_hay,normal,normal,no,no_visible,correctos,mas_50,exterior_continental,anos_despues,normal,original,flecha_abajo,diferente_zonas,seco,88
vigueta,vertical,media,cabeza,multiples_distintos_planos,aparecio_de_golpe,recubrimiento_desprendido,normal,poroso,no,no_visible,separados,20_a_50,sumergido,subita_reciente,normal,original,aplastamiento,diferente_zonas,seco,38
pilar,horizontal,abierta,ambas_caras,ramificada,aparecio_de_golpe,recubrimiento_desprendido,normal,humedo_filtraciones,parcialmente,oxidada_visible,separados,5_a_20,interior,subita_reciente,impacto_sismo,original,no,solido,seco,3
tabique_cerramiento,vertical,cerrada_fina,cara_inferior,multiples_paralelas,se_abre_con_tiempo,no_hay,normal,normal,no,no_visible,correctos,5_a_20,costero_marino,anos_despues,sobrecarga,original,aplastamiento,solido,seco,57
muro,horizontal,cerrada_fina,cara_inferior,multiples_paralelas,estable,no_hay,normal,normal,no,no_visible,correctos,menos_5,interior,subita_reciente,normal,original,no,solido,humedo,73
viga,horizontal,media,cara_inferior,multiples_paralelas,estable,no_hay,manchas_oxido,normal,completamente,manchas_oxido,correctos,5_a_20,sumergido,anos_despues,normal,original,flecha_abajo,hueco,seco,30
tabique_cerramiento,diagonal_45_75,cerrada_fina,base,unica,se_abre_con_tiempo,no_hay,manchas_oxido,humedo_filtraciones,no,no_visible,correctos,20_a_50,sumergido,subita_reciente,normal,reparada,no,diferente_zonas,salpicadura,79
pilar,red_mapa,abierta,ambas_caras,multiples_distintos_planos,aparecio_de_golpe,recubrimiento_desprendido,normal,poroso,parcialmente,oxidada_visible,correctos,20_a_50,costero_marino,anos_despues,sobrecarga,original,no,diferente_zonas,humedo,6
pilar,red_mapa,abierta,base,unica,se_cierra_al_descender,recubrimiento_desprendido,manchas_oxido,disgregado,no,no_visible,correctos,menos_5,costero_marino,subita_reciente,normal,original,aplastamiento,hueco,seco,2
muro,red_mapa,cerrada_fina,centro,ramificada,se_cierra_al_alejarse,no_hay,normal,normal,parcialmente,perdida_seccion,correctos,5_a_20,industrial,primeros_meses,normal,original,flecha_abajo,hueco,humedo,90
forjado_reticular,vertical,media,union_otro_elemento,unica,se_cierra_al_alejarse,no_hay,normal,normal,parcialmente,no_visible,correctos,menos_5,industrial,durante_construccion,sobrecarga,recien_desencofrada,no,solido,seco,52
forjado_reticular,diagonal_45_75,grieta_separacion,base,ramificada,se_cierra_al_alejarse,recubrimiento_desprendido,normal,normal,no,no_visible,separados,20_a_50,interior,primeros_meses,normal,reparada,flecha_abajo,hueco,seco,55
pilar,horizontal,media,cabeza,multiples_distintos_planos,se_abre_con_tiempo,no_hay,manchas_blancas,normal,completamente,perdida_seccion,correctos,menos_5,industrial,subita_reciente,descarga,recien_desencofrada,no,solido,seco,14
forjado_unidireccional,vertical,abierta,cabeza,multiples_paralelas,se_abre_con_tiempo,perdida_seccion,normal,normal,parcialmente,no_visible,correctos,mas_50,exterior_continental,anos_despues,normal,reforzada,desplazamiento_lateral,hueco,seco,4
forjado_reticular,diagonal_45_75,abierta,perimetro,multiples_distintos_planos,se_cierra_al_alejarse,recubrimiento_desprendido,oscurecido,normal,no,manchas_oxido,correctos,mas_50,interior,primeros_meses,normal,original,desplazamiento_lateral,hueco,seco,54
viga,red_mapa,abierta,cabeza,multiples_paralelas,se_cierra_al_alejarse,no_hay,oscurecido,normal,completamente,oxidada_visible,correctos,20_a_50,costero_marino,subita_reciente,normal,original,no,diferente_zonas,seco,32
muro,vertical,grieta_separacion,centro,multiples_paralelas,aparecio_de_golpe,no_hay,manchas_blancas,humedo_filtraciones,no,no_visible,correctos,20_a_50,exterior_continental,subita_reciente,impacto_sismo,original,flecha_abajo,solido,filtracion_activa,80
forjado_reticular,diagonal_45,media,centro,ramificada,se_cierra_al_alejarse,recubrimiento_desprendido,normal,poroso,no,manchas_oxido,correctos,menos_5,sumergido,primeras_semanas,sobrecarga,recien_desencofrada,no,diferente_zonas,seco,50
tabique_cerramiento,horizontal,cerrada_fina,ambas_caras,periodica,aparecio_de_golpe,no_hay,normal,humedo_filtraciones,no,no_visible,correctos,20_a_50,costero_marino,subita_reciente,sobrecarga,original,no,solido,humedo,79
tabique_cerramiento,vertical,grieta_separacion,esquinas,multiples_distintos_planos,se_abre_con_tiempo,no_hay,normal,disgregado,no,manchas_oxido,correctos,menos_5,costero_marino,durante_construccion,normal,original,flecha_abajo,solido,humedo,74
forjado_unidireccional,horizontal,cerrada_fina,ambas_caras,multiples_distintos_planos,estable,no_hay,manchas_oxido,normal,no,no_visible,correctos,menos_5,interior,durante_construccion,normal,reforzada,no,solido,seco,52
muro,horizontal,media,ambas_caras,periodica,se_abre_con_tiempo,no_hay,manchas_blancas,normal,completamente,oxidada_visible,correctos,5_a_20,sumergido,primeras_semanas,normal,recien_desencofrada,flecha_abajo,diferente_zonas,humedo,13
vigueta,horizontal,media,cabeza,multiples_paralelas,aparecio_de_golpe,no_hay,oscurecido,normal,no,manchas_oxido,correctos,5_a_20,interior,primeros_meses,normal,original,desplazamiento_lateral,hueco,seco,42
cimentacion_zapata,diagonal_45,media,base,unica,se_cierra_al_alejarse,no_hay,normal,poroso,no,manchas_oxido,correctos,menos_5,industrial,primeros_meses,sobrecarga,original,no,diferente_zonas,seco,86
tabique_cerramiento,vertical,cerrada_fina,cabeza,ramificada,se_cierra_al_alejarse,no_hay,normal,normal,no,no_visible,separados,5_a_20,exterior_continental,subita_reciente,sobrecarga,original,no,diferente_zonas,seco,73
muro,diagonal_45,cerrada_fina,esquinas,multiples_distintos_planos,aparecio_de_golpe,no_hay,manchas_oxido,humedo_filtraciones,no,no_visible,correctos,menos_5,exterior_continental,subita_reciente,sobrecarga,reparada,no,solido,humedo,80
tabique_cerramiento,diagonal_45,cerrada_fina,esquinas,ramificada,se_cierra_al_alejarse,recubrimiento_desprendido,manchas_oxido,humedo_filtraciones,no,no_visible,correctos,5_a_20,exterior_continental,primeros_meses,normal,original,no,solido,filtracion_activa,77
voladizo,horizontal,cerrada_fina,cara_inferior,periodica,estable,no_hay,normal,normal,no,manchas_oxido,separados,menos_5,sumergido,primeras_semanas,sobrecarga,original,flecha_abajo,hueco,seco,45
viga,diagonal_45,cerrada_fina,cara_inferior,unica,se_cierra_al_alejarse,no_hay,manchas_oxido,normal,no,no_visible,correctos,20_a_50,exterior_continental,primeras_semanas,normal,original,no,diferente_zonas,seco,61
muro,red_mapa,abierta,base,ramificada,se_cierra_al_alejarse,no_hay,manchas_oxido,humedo_filtraciones,no,no_visible,correctos,5_a_20,exterior_continental,primeras_semanas,descarga,original,no,diferente_zonas,humedo,87
forjado_unidireccional,diagonal_45,cerrada_fina,union_otro_elemento,unica,estable,no_hay,normal,normal,no,manchas_oxido,separados,5_a_20,interior,primeras_semanas,normal,reforzada,no,diferente_zonas,salpicadura,23
tabique_cerramiento,vertical,abierta,cabeza,multiples_paralelas,aparecio_de_golpe,no_hay,normal,poroso,parcialmente,oxidada_visible,correctos,menos_5,costero_marino,subita_reciente,normal,original,desplazamiento_lateral,hueco,seco,42
viga,red_mapa,media,centro,multiples_distintos_planos,estable,no_hay,manchas_oxido,poroso,completamente,oxidada_visible,correctos,menos_5,costero_marino,durante_construccion,normal,original,no,diferente_zonas,humedo,26
viga,vertical,media,perimetro,multiples_paralelas,se_cierra_al_descender,no_hay,manchas_oxido,humedo_filtraciones,no,manchas_oxido,correctos,20_a_50,exterior_continental,subita_reciente,normal,original,flecha_abajo,hueco,salpicadura,26
viga,diagonal_45_75,cerrada_fina,base,multiples_distintos_planos,estable,no_hay,normal,normal,no,no_visible,correctos,menos_5,industrial,primeras_semanas,normal,original,no,solido,seco,23
mensula,diagonal_45_75,grieta_separacion,cabeza,multiples_paralelas,se_cierra_al_descender,recubrimiento_desprendido,normal,normal,no,no_visible,separados,5_a_20,sumergido,durante_construccion,sobrecarga,original,flecha_abajo,hueco,humedo,34
tabique_cerramiento,diagonal_45_75,cerrada_fina,base,ramificada,se_abre_con_tiempo,desmoronandose,oscurecido,poroso,no,no_visible,correctos,20_a_50,industrial,subita_reciente,normal,original,no,solido,salpicadura,69
muro,vertical,media,ambas_caras,ramificada,se_cierra_al_alejarse,no_hay,normal,normal,completamente,perdida_seccion,correctos,menos_5,interior,anos_despues,normal,original,no,solido,seco,76
viga,diagonal_45_75,cerrada_fina,centro,multiples_distintos_planos,se_abre_con_tiempo,no_hay,normal,normal,no,no_visible,correctos,mas_50,industrial,anos_despues,sobrecarga,original,no,solido,seco,68
pilar,diagonal_45_75,cerrada_fina,perimetro,multiples_paralelas,estable,no_hay,normal,humedo_filtraciones,parcialmente,oxidada_visible,correctos,5_a_20,exterior_continental,primeras_semanas,descarga,reforzada,no,solido,humedo,10
forjado_unidireccional,vertical,abierta,base,unica,aparecio_de_golpe,no_hay,normal,poroso,no,no_visible,correctos,menos_5,exterior_continental,anos_despues,normal,original,flecha_abajo,hueco,humedo,54
pilar,red_mapa,abierta,esquinas,unica,aparecio_de_golpe,recubrimiento_desprendido,normal,poroso,parcialmente,manchas_oxido,separados,menos_5,costero_marino,subita_reciente,sobrecarga,original,no,solido,humedo,1
pilar,diagonal_45_75,abierta,cabeza,multiples_paralelas,aparecio_de_golpe,no_hay,normal,normal,no,no_visible,correctos,5_a_20,exterior_continental,durante_construccion,normal,original,no,solido,seco,12
forjado_reticular,diagonal_45,cerrada_fina,cabeza,ramificada,aparecio_de_golpe,recubrimiento_desprendido,normal,poroso,parcialmente,no_visible,correctos,menos_5,costero_marino,durante_construccion,descarga,recien_desencofrada,no,diferente_zonas,seco,14
viga,vertical,abierta,centro,multiples_distintos_planos,se_abre_con_tiempo,recubrimiento_desprendido,normal,normal,parcialmente,manchas_oxido,correctos,20_a_50,sumergido,primeros_meses,normal,original,no,solido,salpicadura,19
pilar,red_mapa,media,union_otro_elemento,multiples_paralelas,aparecio_de_golpe,desmoronandose,normal,poroso,parcialmente,manchas_oxido,correctos,mas_50,industrial,subita_reciente,normal,reforzada,desplazamiento_lateral,hueco,seco,2
pilar,horizontal,cerrada_fina,base,multiples_paralelas,estable,no_hay,normal,normal,parcialmente,perdida_seccion,correctos,20_a_50,sumergido,subita_reciente,impacto_sismo,original,desplazamiento_lateral,diferente_zonas,seco,16
vigueta,sin_fisura,cerrada_fina,cabeza,unica,estable,recubrimiento_desprendido,normal,normal,completamente,no_visible,desplazados,menos_5,industrial,primeras_semanas,normal,original,desplazamiento_lateral,diferente_zonas,seco,8
forjado_reticular,vertical,cerrada_fina,esquinas,unica,se_cierra_al_descender,no_hay,normal,normal,no,no_visible,correctos,5_a_20,interior,subita_reciente,impacto_sismo,recien_desencofrada,no,solido,humedo,70
forjado_reticular,diagonal_45_75,grieta_separacion,base,multiples_paralelas,estable,perdida_seccion,manchas_blancas,normal,completamente,oxidada_visible,correctos,mas_50,interior,anos_despues,impacto_sismo,original,desplazamiento_lateral,hueco,seco,84
viga,sin_fisura,cerrada_fina,ambas_caras,unica,estable,no_hay,normal,normal,completamente,oxidada_visible,correctos,20_a_50,sumergido,subita_reciente,normal,reforzada,desplazamiento_lateral,diferente_zonas,humedo,32
cimentacion_zapata,diagonal_45_75,cerrada_fina,union_otro_elemento,periodica,se_abre_con_tiempo,no_hay,normal,normal,no,no_visible,correctos,20_a_50,sumergido,subita_reciente,normal,original,desplazamiento_lateral,diferente_zonas,humedo,85
vigueta,horizontal,media,esquinas,ramificada,se_cierra_al_alejarse,no_hay,normal,normal,no,no_visible,separados,menos_5,costero_marino,primeros_meses,impacto_sismo,original,desplazamiento_lateral,diferente_zonas,seco,16
forjado_reticular,red_mapa,cerrada_fina,centro,multiples_paralelas,se_cierra_al_alejarse,recubrimiento_desprendido,normal,poroso,completamente,manchas_oxido,correctos,5_a_20,costero_marino,primeras_semanas,normal,recien_desencofrada,no,hueco,filtracion_activa,52
mensula,horizontal,media,union_otro_elemento,multiples_distintos_planos,se_abre_con_tiempo,no_hay,oscurecido,normal,no,manchas_oxido,correctos,mas_50,costero_marino,durante_construccion,sobrecarga,original,no,hueco,seco,33
viga,diagonal_45_75,cerrada_fina,union_otro_elemento,multiples_paralelas,se_cierra_al_alejarse,no_hay,normal,normal,no,no_visible,separados,menos_5,exterior_continental,durante_construccion,sobrecarga,recien_desencofrada,no,solido,seco,27
pilar,horizontal,cerrada_fina,esquinas,periodica,estable,no_hay,normal,poroso,no,manchas_oxido,correctos,menos_5,industrial,anos_despues,impacto_sismo,original,no,diferente_zonas,seco,9
pilar,vertical,grieta_separacion,base,unica,se_abre_con_tiempo,perdida_seccion,normal,poroso,parcialmente,no_visible,correctos,20_a_50,industrial,primeros_meses,normal,reforzada,flecha_abajo,hueco,seco,2
pilar,horizontal,abierta,ambas_caras,periodica,aparecio_de_golpe,recubrimiento_desprendido,normal,poroso,completamente,oxidada_visible,correctos,20_a_50,interior,anos_despues,sobrecarga,original,flecha_abajo,solido,seco,3
voladizo,vertical,cerrada_fina,centro,periodica,estable,recubrimiento_desprendido,normal,normal,no,no_visible,correctos,menos_5,exterior_continental,durante_construccion,sobrecarga,original,aplastamiento,diferente_zonas,humedo,60
viga,diagonal_45_75,media,base,unica,aparecio_de_golpe,no_hay,normal,normal,parcialmente,no_visible,ausentes,menos_5,costero_marino,durante_construccion,sobrecarga,recien_desencofrada,no,solido,humedo,27
tabique_cerramiento,sin_fisura,cerrada_fina,cabeza,unica,estable,desmoronandose,normal,poroso,completamente,oxidada_visible,separados,mas_50,sumergido,subita_reciente,sobrecarga,original,aplastamiento,solido,humedo,58
tabique_cerramiento,horizontal,cerrada_fina,cara_inferior,ramificada,se_abre_con_tiempo,no_hay,manchas_blancas,poroso,no,no_visible,correctos,5_a_20,exterior_continental,durante_construccion,sobrecarga,reforzada,flecha_abajo,solido,seco,57
viga,sin_fisura,cerrada_fina,esquinas,unica,estable,no_hay,normal,humedo_filtraciones,no,no_visible,ausentes,mas_50,exterior_continental,durante_construccion,normal,original,no,diferente_zonas,humedo,29
tabique_cerramiento,diagonal_45_75,media,esquinas,ramificada,se_cierra_al_alejarse,no_hay,manchas_blancas,humedo_filtraciones,no,no_visible,correctos,5_a_20,costero_marino,primeros_meses,normal,reparada,no,solido,humedo,77
forjado_unidireccional,sin_fisura,cerrada_fina,cabeza,unica,estable,recubrimiento_desprendido,normal,disgregado,no,no_visible,correctos,5_a_20,exterior_continental,anos_despues,sobrecarga,reparada,no,solido,humedo,58
tabique_cerramiento,vertical,cerrada_fina,ambas_caras,multiples_distintos_planos,estable,no_hay,manchas_blancas,normal,no,no_visible,separados,20_a_50,exterior_continental,primeros_meses,normal,original,no,solido,seco,72
forjado_reticular,vertical,abierta,cara_inferior,multiples_distintos_planos,se_cierra_al_descender,perdida_seccion,normal,normal,parcialmente,manchas_oxido,correctos,menos_5,interior,primeras_semanas,normal,recien_desencofrada,desplazamiento_lateral,hueco,humedo,46
vigueta,diagonal_45,grieta_separacion,cabeza,ramificada,aparecio_de_golpe,recubrimiento_desprendido,normal,normal,no,manchas_oxido,separados,mas_50,sumergido,subita_reciente,sobrecarga,original,no,diferente_zonas,seco,44
viga,red_mapa,media,ambas_caras,periodica,se_abre_con_tiempo,no_hay,normal,normal,no,no_visible,correctos,menos_5,costero_marino,primeras_semanas,normal,original,no,solido,seco,28
forjado_unidireccional,sin_fisura,cerrada_fina,cara_inferior,unica,estable,recubrimiento_desprendido,normal,normal,no,manchas_oxido,desplazados,5_a_20,exterior_continental,durante_construccion,normal,recien_desencofrada,no,hueco,seco,50
tabique_cerramiento,horizontal,cerrada_fina,perimetro,ramificada,estable,no_hay,manchas_oxido,normal,parcialmente,oxidada_visible,correctos,menos_5,exterior_continental,anos_despues,normal,reforzada,no,diferente_zonas,seco,73
cimentacion_zapata,diagonal_45_75,media,base,ramificada,se_cierra_al_alejarse,no_hay,normal,poroso,no,no_visible,correctos,5_a_20,costero_marino,durante_construccion,sobrecarga,original,flecha_abajo,solido,seco,88
forjado_reticular,diagonal_45,cerrada_fina,cabeza,multiples_paralelas,se_abre_con_tiempo,no_hay,oscurecido,normal,completamente,no_visible,correctos,menos_5,industrial,subita_reciente,sobrecarga,original,no,solido,seco,14
muro,red_mapa,cerrada_fina,cabeza,multiples_paralelas,se_cierra_al_alejarse,recubrimiento_desprendido,normal,normal,no,no_visible,correctos,menos_5,costero_marino,subita_reciente,sobrecarga,original,aplastamiento,solido,seco,58
forjado_unidireccional,red_mapa,cerrada_fina,centro,multiples_distintos_planos,aparecio_de_golpe,no_hay,normal,normal,no,no_visible,correctos,menos_5,costero_marino,anos_despues,normal,reparada,no,solido,seco,68
mensula,vertical,media,union_otro_elemento,multiples_distintos_planos,se_cierra_al_descender,no_hay,normal,normal,no,no_visible,correctos,5_a_20,industrial,primeras_semanas,sobrecarga,reforzada,aplastamiento,solido,humedo,36
viga,diagonal_45_75,cerrada_fina,esquinas,periodica,se_cierra_al_descender,no_hay,manchas_blancas,humedo_filtraciones,no,no_visible,ausentes,mas_50,sumergido,anos_despues,normal,original,no,solido,seco,65
cimentacion_zapata,diagonal_45_75,abierta,esquinas,multiples_paralelas,se_cierra_al_descender,perdida_seccion,normal,normal,parcialmente,manchas_oxido,correctos,mas_50,industrial,subita_reciente,normal,original,no,solido,seco,84
viga,horizontal,media,perimetro,multiples_paralelas,estable,no_hay,normal,poroso,no,manchas_oxido,correctos,menos_5,costero_marino,anos_despues,impacto_sismo,reparada,desplazamiento_lateral,hueco,seco,16
vigueta,red_mapa,media,esquinas,periodica,aparecio_de_golpe,recubrimiento_desprendido,normal,normal,parcialmente,no_visible,correctos,mas_50,industrial,anos_despues,normal,original,aplastamiento,diferente_zonas,seco,38
forjado_unidireccional,red_mapa,cerrada_fina,esquinas,ramificada,estable,no_hay,manchas_oxido,normal,parcialmente,oxidada_visible,separados,mas_50,costero_marino,anos_despues,normal,original,no,solido,humedo,75
forjado_reticular,red_mapa,cerrada_fina,base,unica,estable,no_hay,normal,normal,no,no_visible,correctos,menos_5,interior,subita_reciente,normal,original,no,solido,humedo,78
forjado_unidireccional,sin_fisura,cerrada_fina,perimetro,unica,estable,desmoronandose,normal,disgregado,parcialmente,no_visible,correctos,menos_5,industrial,anos_despues,normal,original,flecha_abajo,diferente_zonas,seco,2
muro,diagonal_45_75,abierta,base,periodica,se_abre_con_tiempo,no_hay,normal,normal,parcialmente,no_visible,correctos,20_a_50,industrial,durante_construccion,normal,original,aplastamiento,diferente_zonas,seco,88
viga,diagonal_45,grieta_separacion,perimetro,ramificada,se_abre_con_tiempo,perdida_seccion,manchas_blancas,normal,no,manchas_oxido,separados,20_a_50,interior,subita_reciente,sobrecarga,original,giro_inclinacion,diferente_zonas,seco,17
pilar,horizontal,grieta_separacion,base,ramificada,aparecio_de_golpe,recubrimiento_desprendido,manchas_oxido,normal,parcialmente,manchas_oxido,ausentes,mas_50,exterior_continental,subita_reciente,sobrecarga,original,flecha_abajo,diferente_zonas,seco,3
viga,diagonal_45_75,abierta,base,ramificada,aparecio_de_golpe,recubrimiento_desprendido,normal,normal,parcialmente,oxidada_visible,separados,20_a_50,interior,subita_reciente,sobrecarga,original,desplazamiento_lateral,diferente_zonas,humedo,17
voladizo,red_mapa,grieta_separacion,centro,ramificada,se_cierra_al_alejarse,perdida_seccion,normal,normal,no,no_visible,correctos,mas_50,exterior_continental,primeras_semanas,normal,reforzada,no,hueco,seco,48
pilar,vertical,media,cabeza,multiples_distintos_planos,estable,recubrimiento_desprendido,normal,normal,completamente,no_visible,desplazados,menos_5,sumergido,durante_construccion,normal,original,desplazamiento_lateral,diferente_zonas,humedo,8
vigueta,vertical,abierta,esquinas,periodica,se_cierra_al_descender,no_hay,normal,humedo_filtraciones,parcialmente,oxidada_visible,separados,menos_5,exterior_continental,subita_reciente,normal,original,no,hueco,humedo,43
pilar,horizontal,media,union_otro_elemento,multiples_distintos_planos,estable,no_hay,manchas_blancas,poroso,no,manchas_oxido,correctos,5_a_20,interior,subita_reciente,sobrecarga,original,flecha_abajo,solido,humedo,9
cimentacion_zapata,diagonal_45_75,cerrada_fina,union_otro_elemento,periodica,estable,perdida_seccion,normal,normal,no,no_visible,correctos,menos_5,sumergido,primeros_meses,normal,original,no,diferente_zonas,seco,23
forjado_unidireccional,horizontal,media,perimetro,unica,se_abre_con_tiempo,no_hay,normal,normal,no,manchas_oxido,correctos,menos_5,industrial,primeras_semanas,normal,recien_desencofrada,desplazamiento_lateral,hueco,seco,49
forjado_unidireccional,horizontal,abierta,centro,unica,estable,no_hay,normal,normal,no,manchas_oxido,separados,menos_5,industrial,durante_construccion,normal,recien_desencofrada,flecha_abajo,diferente_zonas,humedo,50
forjado_reticular,vertical,media,ambas_caras,multiples_distintos_planos,estable,no_hay,normal,normal,parcialmente,oxidada_visible,correctos,mas_50,costero_marino,durante_construccion,normal,original,desplazamiento_lateral,solido,seco,74
viga,diagonal_45_75,media,base,multiples_distintos_planos,aparecio_de_golpe,no_hay,normal,poroso,no,manchas_oxido,separados,5_a_20,interior,subita_reciente,sobrecarga,reparada,no,diferente_zonas,humedo,20
forjado_reticular,horizontal,abierta,perimetro,multiples_paralelas,se_cierra_al_descender,no_hay,normal,normal,no,manchas_oxido,correctos,5_a_20,industrial,durante_construccion,normal,original,flecha_abajo,hueco,humedo,54
muro,diagonal_45,media,base,multiples_distintos_planos,aparecio_de_golpe,no_hay,manchas_oxido,normal,no,no_visible,correctos,5_a_20,sumergido,primeros_meses,normal,original,no,diferente_zonas,humedo,86
pilar,red_mapa,grieta_separacion,base,periodica,estable,recubrimiento_desprendido,normal,humedo_filtraciones,parcialmente,no_visible,correctos,20_a_50,industrial,anos_despues,normal,original,flecha_abajo,hueco,seco,2
forjado_reticular,diagonal_45_75,media,base,unica,se_abre_con_tiempo,perdida_seccion,normal,normal,parcialmente,manchas_oxido,desplazados,mas_50,sumergido,subita_reciente,normal,original,desplazamiento_lateral,diferente_zonas,seco,55
cimentacion_zapata,diagonal_45_75,grieta_separacion,centro,ramificada,se_abre_con_tiempo,recubrimiento_desprendido,manchas_oxido,disgregado,completamente,manchas_oxido,correctos,20_a_50,costero_marino,anos_despues,normal,original,aplastamiento,solido,salpicadura,6
vigueta,diagonal_45,abierta,cabeza,multiples_paralelas,se_cierra_al_alejarse,no_hay,oscurecido,humedo_filtraciones,completamente,oxidada_visible,correctos,menos_5,sumergido,durante_construccion,normal,original,flecha_abajo,solido,humedo,37
forjado_reticular,diagonal_45_75,grieta_separacion,perimetro,multiples_distintos_planos,aparecio_de_golpe,desmoronandose,normal,poroso,no,manchas_oxido,separados,20_a_50,industrial,subita_reciente,normal,original,no,diferente_zonas,humedo,53
tabique_cerramiento,sin_fisura,cerrada_fina,union_otro_elemento,unica,estable,no_hay,oscurecido,humedo_filtraciones,no,no_visible,separados,5_a_20,costero_marino,anos_despues,normal,original,desplazamiento_lateral,solido,humedo,65
pilar,sin_fisura,cerrada_fina,base,unica,estable,desmoronandose,manchas_blancas,disgregado,no,no_visible,correctos,20_a_50,industrial,primeros_meses,normal,original,flecha_abajo,hueco,seco,2
forjado_reticular,sin_fisura,cerrada_fina,base,unica,estable,recubrimiento_desprendido,normal,normal,no,no_visible,separados,5_a_20,interior,subita_reciente,normal,original,no,solido,seco,47
vigueta,diagonal_45,cerrada_fina,cara_inferior,multiples_paralelas,se_cierra_al_alejarse,no_hay,normal,normal,no,no_visible,correctos,5_a_20,exterior_continental,primeros_meses,sobrecarga,original,desplazamiento_lateral,solido,humedo,71
muro,vertical,cerrada_fina,base,periodica,aparecio_de_golpe,no_hay,normal,normal,no,no_visible,correctos,20_a_50,exterior_continental,subita_reciente,normal,reforzada,no,solido,humedo,76
forjado_unidireccional,diagonal_45,media,centro,periodica,se_cierra_al_descender,recubrimiento_desprendido,normal,poroso,no,manchas_oxido,correctos,menos_5,exterior_continental,subita_reciente,normal,original,no,hueco,seco,56
pilar,horizontal,media,cabeza,unica,se_abre_con_tiempo,perdida_seccion,normal,poroso,parcialmente,no_visible,correctos,menos_5,exterior_continental,anos_despues,normal,original,no,diferente_zonas,humedo,4
viga,diagonal_45,media,base,ramificada,aparecio_de_golpe,no_hay,normal,normal,no,manchas_oxido,ausentes,5_a_20,interior,subita_reciente,normal,original,flecha_abajo,solido,seco,20
forjado_reticular,diagonal_45_75,cerrada_fina,cara_inferior,unica,aparecio_de_golpe,recubrimiento_desprendido,normal,poroso,parcialmente,no_visible,separados,20_a_50,costero_marino,primeras_semanas,normal,reparada,desplazamiento_lateral,diferente_zonas,humedo,55
forjado_unidireccional,red_mapa,abierta,ambas_caras,ramificada,estable,recubrimiento_desprendido,normal,normal,parcialmente,no_visible,correctos,mas_50,interior,durante_construccion,normal,original,desplazamiento_lateral,diferente_zonas,seco,54
viga,diagonal_45_75,abierta,cara_inferior,unica,se_cierra_al_alejarse,recubrimiento_desprendido,normal,normal,parcialmente,oxidada_visible,correctos,20_a_50,industrial,subita_reciente,sobrecarga,original,flecha_abajo,hueco,salpicadura,19
viga,vertical,cerrada_fina,cabeza,periodica,aparecio_de_golpe,recubrimiento_desprendido,normal,normal,parcialmente,no_visible,correctos,menos_5,sumergido,durante_construccion,normal,original,no,solido,seco,14
mensula,horizontal,abierta,centro,multiples_paralelas,se_cierra_al_descender,no_hay,manchas_blancas,humedo_filtraciones,no,manchas_oxido,desplazados,menos_5,exterior_continental,anos_despues,normal,original,flecha_abajo,hueco,salpicadura,26
muro,diagonal_45_75,cerrada_fina,perimetro,unica,estable,no_hay,oscurecido,normal,parcialmente,no_visible,correctos,menos_5,interior,anos_despues,normal,original,no,solido,seco,73
pilar,red_mapa,abierta,union_otro_elemento,periodica,se_cierra_al_alejarse,perdida_seccion,normal,normal,completamente,no_visible,separados,menos_5,costero_marino,durante_construccion,sobrecarga,recien_desencofrada,desplazamiento_lateral,solido,seco,5
pilar,vertical,media,union_otro_elemento,periodica,aparecio_de_golpe,no_hay,manchas_blancas,disgregado,no,manchas_oxido,correctos,20_a_50,exterior_continental,subita_reciente,normal,original,no,hueco,seco,7
mensula,vertical,grieta_separacion,ambas_caras,multiples_paralelas,se_cierra_al_descender,recubrimiento_desprendido,normal,normal,parcialmente,no_visible,correctos,mas_50,interior,durante_construccion,sobrecarga,original,flecha_abajo,diferente_zonas,humedo,34
forjado_unidireccional,diagonal_45,grieta_separacion,base,multiples_distintos_planos,se_abre_con_tiempo,recubrimiento_desprendido,normal,normal,parcialmente,oxidada_visible,separados,5_a_20,costero_marino,anos_despues,normal,original,flecha_abajo,diferente_zonas,seco,51
pilar,diagonal_45_75,cerrada_fina,esquinas,multiples_paralelas,aparecio_de_golpe,no_hay,normal,normal,no,no_visible,correctos,20_a_50,industrial,primeros_meses,impacto_sismo,recien_desencofrada,flecha_abajo,solido,seco,12
viga,red_mapa,media,cara_inferior,ramificada,aparecio_de_golpe,perdida_seccion,normal,normal,parcialmente,manchas_oxido,correctos,5_a_20,costero_marino,primeras_semanas,descarga,original,no,diferente_zonas,humedo,63
vigueta,red_mapa,cerrada_fina,centro,ramificada,se_cierra_al_descender,no_hay,manchas_blancas,normal,no,no_visible,correctos,5_a_20,exterior_continental,durante_construccion,normal,original,no,solido,humedo,73
mensula,red_mapa,grieta_separacion,cabeza,multiples_distintos_planos,estable,recubrimiento_desprendido,normal,poroso,parcialmente,no_visible,separados,mas_50,exterior_continental,durante_construccion,sobrecarga,original,desplazamiento_lateral,solido,humedo,34
tabique_cerramiento,vertical,media,union_otro_elemento,multiples_paralelas,se_cierra_al_alejarse,recubrimiento_desprendido,oscurecido,normal,parcialmente,manchas_oxido,correctos,mas_50,sumergido,primeras_semanas,normal,recien_desencofrada,no,diferente_zonas,seco,72
forjado_reticular,red_mapa,media,ambas_caras,ramificada,se_abre_con_tiempo,no_hay,oscurecido,normal,parcialmente,no_visible,correctos,mas_50,sumergido,durante_construccion,normal,original,flecha_abajo,diferente_zonas,seco,54
mensula,sin_fisura,cerrada_fina,esquinas,unica,estable,recubrimiento_desprendido,normal,normal,completamente,no_visible,correctos,5_a_20,exterior_continental,anos_despues,sobrecarga,original,flecha_abajo,solido,humedo,34
cimentacion_zapata,diagonal_45_75,media,base,multiples_paralelas,se_cierra_al_descender,no_hay,normal,normal,parcialmente,manchas_oxido,correctos,mas_50,sumergido,anos_despues,normal,original,no,diferente_zonas,humedo,96
viga,vertical,cerrada_fina,cara_inferior,unica,se_cierra_al_alejarse,no_hay,normal,normal,no,no_visible,correctos,5_a_20,sumergido,primeras_semanas,impacto_sismo,original,no,solido,seco,70
muro,red_mapa,media,cabeza,multiples_distintos_planos,aparecio_de_golpe,no_hay,normal,normal,no,no_visible,correctos,20_a_50,exterior_continental,primeras_semanas,descarga,original,flecha_abajo,diferente_zonas,seco,94
forjado_reticular,diagonal_45,media,perimetro,multiples_paralelas,estable,no_hay,normal,normal,no,no_visible,correctos,menos_5,sumergido,primeros_meses,normal,original,desplazamiento_lateral,hueco,salpicadura,54
pilar,horizontal,cerrada_fina,cabeza,ramificada,se_cierra_al_descender,desmoronandose,normal,poroso,no,no_visible,correctos,mas_50,sumergido,primeras_semanas,normal,original,no,solido,filtracion_activa,11
forjado_reticular,sin_fisura,cerrada_fina,ambas_caras,unica,estable,no_hay,normal,normal,no,no_visible,correctos,mas_50,sumergido,subita_reciente,normal,original,flecha_abajo,diferente_zonas,seco,54
viga,red_mapa,cerrada_fina,cara_inferior,unica,aparecio_de_golpe,no_hay,normal,normal,completamente,manchas_oxido,correctos,menos_5,exterior_continental,durante_construccion,sobrecarga,recien_desencofrada,desplazamiento_lateral,diferente_zonas,seco,15
tabique_cerramiento,red_mapa,cerrada_fina,ambas_caras,multiples_paralelas,estable,no_hay,normal,normal,completamente,oxidada_visible,correctos,menos_5,exterior_continental,anos_despues,sobrecarga,original,giro_inclinacion,solido,seco,73
viga,diagonal_45_75,cerrada_fina,esquinas,unica,se_cierra_al_alejarse,no_hay,manchas_blancas,poroso,no,no_visible,correctos,5_a_20,sumergido,durante_construccion,normal,original,flecha_abajo,solido,filtracion_activa,77
forjado_reticular,red_mapa,media,union_otro_elemento,periodica,se_cierra_al_alejarse,no_hay,normal,normal,no,no_visible,correctos,20_a_50,interior,primeros_meses,sobrecarga,original,desplazamiento_lateral,hueco,seco,92
viga,diagonal_45,media,base,ramificada,estable,perdida_seccion,manchas_blancas,normal,no,no_visible,correctos,5_a_20,exterior_continental,durante_construccion,normal,reparada,no,diferente_zonas,seco,88
tabique_cerramiento,horizontal,cerrada_fina,ambas_caras,periodica,se_cierra_al_alejarse,no_hay,manchas_oxido,normal,no,no_visible,correctos,mas_50,costero_marino,primeros_meses,normal,original,no,solido,humedo,62
voladizo,diagonal_45_75,media,base,multiples_paralelas,aparecio_de_golpe,no_hay,normal,normal,no,no_visible,correctos,mas_50,exterior_continental,primeros_meses,normal,reparada,no,solido,seco,47
viga,diagonal_45_75,abierta,base,ramificada,aparecio_de_golpe,no_hay,normal,normal,completamente,oxidada_visible,desplazados,20_a_50,industrial,subita_reciente,sobrecarga,reparada,no,diferente_zonas,seco,20
pilar,red_mapa,cerrada_fina,perimetro,periodica,aparecio_de_golpe,no_hay,manchas_oxido,humedo_filtraciones,no,no_visible,correctos,mas_50,exterior_continental,anos_despues,normal,recien_desencofrada,no,diferente_zonas,filtracion_activa,10
cimentacion_zapata,red_mapa,grieta_separacion,ambas_caras,ramificada,se_cierra_al_alejarse,recubrimiento_desprendido,manchas_oxido,poroso,completamente,oxidada_visible,correctos,mas_50,exterior_continental,anos_despues,sobrecarga,original,flecha_abajo,hueco,humedo,6
tabique_cerramiento,diagonal_45,grieta_separacion,cara_inferior,multiples_distintos_planos,estable,recubrimiento_desprendido,normal,normal,completamente,manchas_oxido,ausentes,mas_50,exterior_continental,subita_reciente,normal,original,no,hueco,humedo,84
vigueta,diagonal_45,media,centro,unica,se_abre_con_tiempo,no_hay,normal,normal,no,manchas_oxido,correctos,menos_5,interior,primeras_semanas,normal,recien_desencofrada,flecha_abajo,hueco,seco,50
pilar,vertical,media,centro,multiples_distintos_planos,se_abre_con_tiempo,no_hay,manchas_oxido,normal,no,manchas_oxido,correctos,20_a_50,exterior_continental,durante_construccion,sobrecarga,reforzada,no,hueco,humedo,7
viga,diagonal_45_75,media,base,ramificada,se_cierra_al_descender,no_hay,manchas_oxido,normal,completamente,oxidada_visible,separados,mas_50,exterior_continental,subita_reciente,sobrecarga,original,flecha_abajo,hueco,seco,20
forjado_unidireccional,red_mapa,cerrada_fina,esquinas,multiples_paralelas,estable,no_hay,normal,normal,parcialmente,no_visible,separados,mas_50,costero_marino,subita_reciente,sobrecarga,original,no,diferente_zonas,seco,55
tabique_cerramiento,sin_fisura,cerrada_fina,union_otro_elemento,unica,estable,no_hay,manchas_blancas,poroso,parcialmente,no_visible,correctos,mas_50,exterior_continental,primeras_semanas,normal,original,no,solido,humedo,11
viga,diagonal_45,abierta,perimetro,periodica,se_cierra_al_descender,recubrimiento_desprendido,normal,poroso,parcialmente,manchas_oxido,separados,5_a_20,interior,subita_reciente,normal,original,giro_inclinacion,diferente_zonas,seco,17
pilar,horizontal,media,union_otro_elemento,multiples_distintos_planos,aparecio_de_golpe,no_hay,manchas_oxido,normal,parcialmente,oxidada_visible,correctos,menos_5,sumergido,durante_construccion,sobrecarga,reparada,no,diferente_zonas,seco,7
forjado_unidireccional,horizontal,abierta,base,periodica,se_abre_con_tiempo,recubrimiento_desprendido,normal,normal,no,no_visible,correctos,20_a_50,exterior_continental,primeras_semanas,sobrecarga,reparada,flecha_abajo,diferente_zonas,seco,56
vigueta,vertical,cerrada_fina,cara_inferior,ramificada,se_cierra_al_descender,no_hay,manchas_oxido,humedo_filtraciones,no,no_visible,correctos,menos_5,costero_marino,durante_construccion,sobrecarga,original,no,solido,filtracion_activa,40
forjado_unidireccional,horizontal,media,perimetro,unica,se_abre_con_tiempo,no_hay,manchas_oxido,normal,parcialmente,no_visible,correctos,mas_50,industrial,primeras_semanas,normal,original,flecha_abajo,diferente_zonas,seco,54
forjado_reticular,red_mapa,grieta_separacion,centro,multiples_distintos_planos,aparecio_de_golpe,perdida_seccion,normal,normal,no,manchas_oxido,separados,5_a_20,costero_marino,subita_reciente,sobrecarga,reparada,no,solido,seco,53
tabique_cerramiento,diagonal_45,abierta,perimetro,unica,aparecio_de_golpe,recubrimiento_desprendido,manchas_oxido,normal,parcialmente,manchas_oxido,correctos,5_a_20,costero_marino,primeros_meses,sobrecarga,original,no,diferente_zonas,seco,84
cimentacion_zapata,vertical,media,ambas_caras,multiples_paralelas,se_abre_con_tiempo,no_hay,manchas_blancas,humedo_filtraciones,no,no_visible,correctos,5_a_20,costero_marino,primeros_meses,normal,original,desplazamiento_lateral,diferente_zonas,humedo,82
cimentacion_zapata,diagonal_45_75,media,base,unica,se_cierra_al_descender,no_hay,normal,normal,no,no_visible,separados,20_a_50,sumergido,anos_despues,normal,recien_desencofrada,no,solido,humedo,88
pilar,diagonal_45_75,cerrada_fina,esquinas,multiples_distintos_planos,estable,no_hay,oscurecido,normal,no,no_visible,separados,20_a_50,exterior_continental,anos_despues,normal,recien_desencofrada,flecha_abajo,solido,seco,12
vigueta,sin_fisura,cerrada_fina,base,unica,estable,no_hay,oscurecido,humedo_filtraciones,parcialmente,perdida_seccion,correctos,menos_5,costero_marino,anos_despues,normal,original,no,diferente_zonas,filtracion_activa,37
viga,diagonal_45,grieta_separacion,centro,periodica,se_cierra_al_descender,no_hay,oscurecido,normal,parcialmente,oxidada_visible,correctos,menos_5,industrial,durante_construccion,normal,original,no,hueco,seco,18
tabique_cerramiento,diagonal_45_75,cerrada_fina,cabeza,multiples_paralelas,se_cierra_al_alejarse,no_hay,manchas_blancas,poroso,no,no_visible,correctos,menos_5,sumergido,primeras_semanas,normal,original,no,solido,humedo,77
cimentacion_zapata,diagonal_45_75,grieta_separacion,union_otro_elemento,periodica,aparecio_de_golpe,perdida_seccion,normal,normal,completamente,oxidada_visible,separados,mas_50,interior,subita_reciente,sobrecarga,original,flecha_abajo,diferente_zonas,seco,84
muro,vertical,media,cara_inferior,unica,estable,no_hay,manchas_oxido,normal,parcialmente,oxidada_visible,correctos,5_a_20,interior,primeras_semanas,normal,recien_desencofrada,no,solido,seco,52
voladizo,diagonal_45,grieta_separacion,cara_inferior,ramificada,estable,recubrimiento_desprendido,normal,normal,no,no_visible,correctos,20_a_50,costero_marino,primeros_meses,sobrecarga,original,no,solido,humedo,48
muro,sin_fisura,cerrada_fina,base,unica,estable,perdida_seccion,normal,poroso,no,no_visible,correctos,5_a_20,costero_marino,subita_reciente,normal,original,flecha_abajo,solido,humedo,80
viga,horizontal,cerrada_fina,cara_inferior,multiples_paralelas,estable,no_hay,oscurecido,normal,parcialmente,perdida_seccion,correctos,20_a_50,exterior_continental,anos_despues,normal,original,desplazamiento_lateral,hueco,seco,30
vigueta,horizontal,grieta_separacion,ambas_caras,unica,se_abre_con_tiempo,perdida_seccion,normal,poroso,no,manchas_oxido,separados,5_a_20,costero_marino,subita_reciente,impacto_sismo,recien_desencofrada,desplazamiento_lateral,hueco,seco,3
forjado_reticular,diagonal_45,cerrada_fina,centro,multiples_distintos_planos,estable,no_hay,normal,normal,parcialmente,no_visible,correctos,5_a_20,industrial,anos_despues,normal,original,no,solido,seco,78
forjado_unidireccional,sin_fisura,cerrada_fina,base,unica,estable,no_hay,manchas_oxido,poroso,no,no_visible,correctos,20_a_50,sumergido,primeras_semanas,normal,recien_desencofrada,no,diferente_zonas,filtracion_activa,69
vigueta,vertical,media,esquinas,periodica,estable,no_hay,oscurecido,humedo_filtraciones,no,manchas_oxido,correctos,5_a_20,sumergido,subita_reciente,sobrecarga,original,desplazamiento_lateral,solido,humedo,37
mensula,diagonal_45_75,cerrada_fina,base,periodica,se_cierra_al_alejarse,no_hay,normal,normal,no,no_visible,correctos,5_a_20,exterior_continental,primeras_semanas,descarga,original,no,solido,seco,71
voladizo,diagonal_45,abierta,cara_inferior,ramificada,aparecio_de_golpe,recubrimiento_desprendido,normal,normal,completamente,no_visible,correctos,menos_5,exterior_continental,primeros_meses,normal,original,flecha_abajo,hueco,seco,48
vigueta,horizontal,abierta,cabeza,multiples_distintos_planos,aparecio_de_golpe,no_hay,manchas_oxido,normal,no,no_visible,separados,mas_50,exterior_continental,primeros_meses,normal,original,no,diferente_zonas,filtracion_activa,42
tabique_cerramiento,sin_fisura,cerrada_fina,union_otro_elemento,unica,estable,no_hay,normal,normal,no,manchas_oxido,correctos,mas_50,costero_marino,primeros_meses,sobrecarga,original,no,solido,seco,69
forjado_unidireccional,diagonal_45,abierta,union_otro_elemento,multiples_distintos_planos,aparecio_de_golpe,perdida_seccion,normal,poroso,completamente,oxidada_visible,ausentes,mas_50,industrial,primeras_semanas,sobrecarga,original,no,diferente_zonas,humedo,51
pilar,diagonal_45,cerrada_fina,cabeza,periodica,aparecio_de_golpe,no_hay,normal,normal,completamente,oxidada_visible,correctos,mas_50,industrial,subita_reciente,normal,original,no,solido,seco,12
pilar,sin_fisura,cerrada_fina,esquinas,unica,estable,no_hay,manchas_oxido,normal,parcialmente,oxidada_visible,correctos,5_a_20,exterior_continental,anos_despues,normal,reparada,desplazamiento_lateral,diferente_zonas,seco,13
viga,vertical,cerrada_fina,base,periodica,estable,recubrimiento_desprendido,normal,normal,no,no_visible,correctos,menos_5,industrial,primeros_meses,normal,original,no,solido,humedo,83
pilar,diagonal_45_75,cerrada_fina,esquinas,ramificada,se_cierra_al_descender,no_hay,manchas_blancas,poroso,no,no_visible,correctos,5_a_20,exterior_continental,anos_despues,normal,recien_desencofrada,no,solido,humedo,11
pilar,diagonal_45_75,media,base,multiples_paralelas,se_abre_con_tiempo,no_hay,manchas_oxido,humedo_filtraciones,no,no_visible,correctos,menos_5,costero_marino,primeras_semanas,sobrecarga,original,no,solido,humedo,10
vigueta,vertical,cerrada_fina,perimetro,periodica,se_cierra_al_alejarse,recubrimiento_desprendido,normal,normal,completamente,no_visible,correctos,menos_5,exterior_continental,primeras_semanas,sobrecarga,reforzada,giro_inclinacion,diferente_zonas,seco,78
forjado_unidireccional,horizontal,media,perimetro,multiples_paralelas,estable,no_hay,normal,normal,no,no_visible,correctos,5_a_20,industrial,subita_reciente,normal,original,flecha_abajo,diferente_zonas,seco,54
viga,red_mapa,media,cabeza,multiples_distintos_planos,estable,perdida_seccion,normal,poroso,parcialmente,manchas_oxido,separados,menos_5,sumergido,primeras_semanas,descarga,original,desplazamiento_lateral,hueco,seco,41
voladizo,vertical,media,union_otro_elemento,ramificada,estable,no_hay,normal,poroso,no,no_visible,correctos,5_a_20,interior,primeros_meses,normal,reparada,flecha_abajo,diferente_zonas,seco,92
viga,diagonal_45_75,grieta_separacion,cabeza,periodica,estable,perdida_seccion,normal,normal,completamente,manchas_oxido,correctos,menos_5,interior,anos_despues,sobrecarga,original,no,hueco,seco,18
muro,diagonal_45_75,media,union_otro_elemento,periodica,se_abre_con_tiempo,no_hay,oscurecido,normal,no,manchas_oxido,correctos,5_a_20,industrial,subita_reciente,normal,original,no,hueco,seco,88
muro,horizontal,cerrada_fina,centro,ramificada,se_cierra_al_alejarse,no_hay,normal,normal,parcialmente,no_visible,correctos,20_a_50,costero_marino,primeras_semanas,sobrecarga,reparada,no,solido,seco,72
viga,diagonal_45,abierta,ambas_caras,periodica,aparecio_de_golpe,no_hay,normal,normal,no,manchas_oxido,correctos,mas_50,sumergido,primeros_meses,normal,original,flecha_abajo,diferente_zonas,seco,32
pilar,sin_fisura,cerrada_fina,base,unica,estable,recubrimiento_desprendido,normal,disgregado,parcialmente,no_visible,correctos,mas_50,sumergido,primeras_semanas,normal,original,desplazamiento_lateral,hueco,humedo,2
viga,vertical,abierta,base,multiples_distintos_planos,aparecio_de_golpe,recubrimiento_desprendido,normal,normal,parcialmente,manchas_oxido,desplazados,menos_5,sumergido,subita_reciente,sobrecarga,original,flecha_abajo,hueco,humedo,22
cimentacion_zapata,diagonal_45_75,media,union_otro_elemento,unica,se_cierra_al_descender,recubrimiento_desprendido,manchas_oxido,normal,parcialmente,no_visible,correctos,20_a_50,industrial,durante_construccion,normal,original,no,diferente_zonas,humedo,88
tabique_cerramiento,diagonal_45_75,cerrada_fina,union_otro_elemento,unica,se_abre_con_tiempo,no_hay,manchas_blancas,poroso,no,no_visible,correctos,mas_50,exterior_continental,subita_reciente,sobrecarga,original,no,solido,humedo,79
viga,horizontal,media,perimetro,multiples_paralelas,se_cierra_al_descender,no_hay,normal,poroso,no,manchas_oxido,correctos,5_a_20,interior,primeras_semanas,normal,original,no,solido,seco,32
forjado_unidireccional,red_mapa,grieta_separacion,perimetro,ramificada,se_cierra_al_descender,recubrimiento_desprendido,manchas_oxido,poroso,parcialmente,manchas_oxido,correctos,mas_50,costero_marino,primeros_meses,normal,original,no,diferente_zonas,salpicadura,6
forjado_unidireccional,diagonal_45_75,abierta,perimetro,periodica,se_cierra_al_alejarse,recubrimiento_desprendido,manchas_oxido,normal,no,no_visible,separados,5_a_20,exterior_continental,primeras_semanas,normal,reforzada,giro_inclinacion,hueco,seco,55
pilar,red_mapa,cerrada_fina,perimetro,periodica,aparecio_de_golpe,no_hay,manchas_oxido,humedo_filtraciones,completamente,perdida_seccion,correctos,5_a_20,exterior_continental,primeras_semanas,sobrecarga,original,no,solido,humedo,10
voladizo,horizontal,grieta_separacion,cara_inferior,periodica,se_abre_con_tiempo,recubrimiento_desprendido,manchas_oxido,humedo_filtraciones,completamente,oxidada_visible,correctos,mas_50,industrial,primeros_meses,sobrecarga,original,no,diferente_zonas,humedo,46
cimentacion_zapata,red_mapa,media,base,ramificada,se_abre_con_tiempo,no_hay,manchas_oxido,humedo_filtraciones,no,no_visible,correctos,20_a_50,costero_marino,primeros_meses,normal,reparada,desplazamiento_lateral,hueco,humedo,87
voladizo,sin_fisura,cerrada_fina,cabeza,unica,estable,no_hay,normal,normal,no,no_visible,correctos,5_a_20,interior,primeros_meses,normal,original,flecha_abajo,diferente_zonas,seco,92
cimentacion_zapata,vertical,cerrada_fina,union_otro_elemento,unica,se_abre_con_tiempo,no_hay,normal,poroso,no,no_visible,correctos,menos_5,interior,durante_construccion,normal,original,aplastamiento,solido,seco,83
cimentacion_zapata,diagonal_45_75,media,union_otro_elemento,periodica,se_cierra_al_descender,no_hay,normal,normal,no,no_visible,correctos,5_a_20,sumergido,primeras_semanas,normal,original,no,diferente_zonas,seco,86
forjado_unidireccional,vertical,cerrada_fina,union_otro_elemento,ramificada,se_cierra_al_alejarse,no_hay,normal,normal,no,no_visible,correctos,mas_50,interior,durante_construccion,normal,original,no,solido,seco,72
pilar,horizontal,grieta_separacion,cabeza,unica,aparecio_de_golpe,perdida_seccion,normal,normal,completamente,manchas_oxido,separados,20_a_50,sumergido,subita_reciente,sobrecarga,original,no,hueco,seco,1
viga,sin_fisura,cerrada_fina,cara_inferior,unica,estable,no_hay,manchas_blancas,normal,completamente,oxidada_visible,separados,5_a_20,costero_marino,primeros_meses,normal,reparada,desplazamiento_lateral,solido,seco,63
forjado_reticular,diagonal_45,abierta,base,ramificada,se_cierra_al_descender,no_hay,normal,humedo_filtraciones,no,manchas_oxido,correctos,menos_5,exterior_continental,durante_construccion,normal,recien_desencofrada,no,diferente_zonas,seco,49
voladizo,vertical,grieta_separacion,centro,ramificada,se_cierra_al_descender,no_hay,normal,normal,parcialmente,no_visible,correctos,menos_5,sumergido,anos_despues,sobrecarga,original,flecha_abajo,hueco,seco,46
viga,diagonal_45,abierta,ambas_caras,multiples_distintos_planos,aparecio_de_golpe,recubrimiento_desprendido,normal,normal,completamente,manchas_oxido,correctos,menos_5,costero_marino,anos_despues,sobrecarga,original,no,diferente_zonas,seco,18
pilar,horizontal,media,base,multiples_paralelas,aparecio_de_golpe,recubrimiento_desprendido,normal,poroso,no,manchas_oxido,correctos,5_a_20,sumergido,subita_reciente,descarga,original,no,diferente_zonas,seco,7
muro,horizontal,abierta,cabeza,multiples_distintos_planos,estable,recubrimiento_desprendido,normal,disgregado,parcialmente,oxidada_visible,correctos,20_a_50,costero_marino,subita_reciente,normal,original,desplazamiento_lateral,diferente_zonas,humedo,74
vigueta,sin_fisura,cerrada_fina,esquinas,unica,estable,no_hay,normal,normal,parcialmente,manchas_oxido,separados,menos_5,exterior_continental,primeras_semanas,descarga,recien_desencofrada,no,hueco,seco,41
pilar,sin_fisura,cerrada_fina,esquinas,unica,estable,no_hay,normal,poroso,no,no_visible,separados,20_a_50,exterior_continental,anos_despues,normal,recien_desencofrada,no,solido,filtracion_activa,10
vigueta,horizontal,cerrada_fina,base,unica,estable,no_hay,manchas_blancas,humedo_filtraciones,parcialmente,manchas_oxido,desplazados,menos_5,sumergido,primeras_semanas,normal,original,no,solido,humedo,40
forjado_unidireccional,vertical,media,perimetro,multiples_distintos_planos,se_cierra_al_alejarse,recubrimiento_desprendido,normal,normal,completamente,oxidada_visible,correctos,20_a_50,costero_marino,subita_reciente,normal,original,flecha_abajo,diferente_zonas,seco,74
viga,diagonal_45_75,media,cabeza,periodica,se_cierra_al_alejarse,no_hay,normal,poroso,no,manchas_oxido,separados,20_a_50,exterior_continental,anos_despues,normal,original,desplazamiento_lateral,diferente_zonas,humedo,24
cimentacion_zapata,red_mapa,media,union_otro_elemento,multiples_distintos_planos,se_abre_con_tiempo,no_hay,manchas_oxido,normal,no,no_visible,correctos,menos_5,sumergido,anos_despues,sobrecarga,original,flecha_abajo,diferente_zonas,seco,89
tabique_cerramiento,sin_fisura,cerrada_fina,cara_inferior,unica,estable,no_hay,manchas_blancas,humedo_filtraciones,no,no_visible,correctos,5_a_20,exterior_continental,subita_reciente,normal,original,no,solido,humedo,80
forjado_unidireccional,sin_fisura,cerrada_fina,cara_inferior,unica,estable,no_hay,normal,normal,parcialmente,oxidada_visible,correctos,mas_50,costero_marino,subita_reciente,descarga,recien_desencofrada,no,solido,seco,63
forjado_reticular,diagonal_45,grieta_separacion,esquinas,unica,aparecio_de_golpe,recubrimiento_desprendido,normal,normal,parcialmente,oxidada_visible,separados,5_a_20,exterior_continental,primeras_semanas,normal,original,no,solido,seco,51
forjado_reticular,diagonal_45,cerrada_fina,esquinas,ramificada,estable,no_hay,manchas_blancas,humedo_filtraciones,no,no_visible,correctos,menos_5,industrial,primeros_meses,normal,original,no,solido,filtracion_activa,77
viga,diagonal_45,abierta,esquinas,multiples_distintos_planos,aparecio_de_golpe,no_hay,oscurecido,normal,no,no_visible,ausentes,menos_5,industrial,subita_reciente,normal,original,desplazamiento_lateral,hueco,seco,31
tabique_cerramiento,vertical,cerrada_fina,union_otro_elemento,multiples_paralelas,se_cierra_al_descender,no_hay,normal,normal,no,no_visible,correctos,20_a_50,exterior_continental,primeros_meses,normal,reforzada,no,solido,humedo,76
tabique_cerramiento,diagonal_45_75,media,cara_inferior,multiples_paralelas,se_cierra_al_alejarse,no_hay,normal,poroso,parcialmente,no_visible,correctos,menos_5,sumergido,primeros_meses,normal,original,no,diferente_zonas,seco,64
forjado_reticular,vertical,media,centro,multiples_distintos_planos,se_abre_con_tiempo,recubrimiento_desprendido,oscurecido,normal,parcialmente,oxidada_visible,correctos,menos_5,exterior_continental,primeras_semanas,normal,original,no,solido,humedo,49
viga,sin_fisura,cerrada_fina,base,unica,estable,perdida_seccion,manchas_blancas,normal,no,manchas_oxido,correctos,mas_50,exterior_continental,durante_construccion,sobrecarga,recien_desencofrada,flecha_abajo,diferente_zonas,humedo,19
vigueta,red_mapa,grieta_separacion,union_otro_elemento,periodica,aparecio_de_golpe,desmoronandose,normal,poroso,no,no_visible,correctos,5_a_20,industrial,subita_reciente,normal,reparada,desplazamiento_lateral,diferente_zonas,seco,2
mensula,diagonal_45_75,abierta,cabeza,periodica,se_abre_con_tiempo,recubrimiento_desprendido,normal,normal,completamente,manchas_oxido,desplazados,5_a_20,exterior_continental,durante_construccion,sobrecarga,original,no,hueco,salpicadura,22
tabique_cerramiento,horizontal,cerrada_fina,centro,multiples_distintos_planos,estable,no_hay,oscurecido,normal,parcialmente,no_visible,correctos,20_a_50,costero_marino,primeras_semanas,descarga,reforzada,no,diferente_zonas,seco,70
viga,horizontal,cerrada_fina,cabeza,multiples_paralelas,aparecio_de_golpe,no_hay,normal,normal,parcialmente,no_visible,separados,menos_5,costero_marino,durante_construccion,sobrecarga,original,no,solido,seco,14
forjado_unidireccional,red_mapa,cerrada_fina,perimetro,multiples_distintos_planos,se_cierra_al_alejarse,perdida_seccion,normal,normal,parcialmente,no_visible,correctos,menos_5,exterior_continental,durante_construccion,normal,original,no,diferente_zonas,seco,69
muro,vertical,media,base,multiples_distintos_planos,estable,no_hay,manchas_blancas,normal,no,no_visible,correctos,5_a_20,interior,primeros_meses,normal,original,no,hueco,seco,81
tabique_cerramiento,diagonal_45_75,cerrada_fina,esquinas,multiples_distintos_planos,se_cierra_al_descender,no_hay,manchas_blancas,normal,parcialmente,no_visible,correctos,20_a_50,interior,anos_despues,normal,recien_desencofrada,flecha_abajo,hueco,seco,69
viga,diagonal_45_75,abierta,base,unica,aparecio_de_golpe,recubrimiento_desprendido,manchas_oxido,poroso,parcialmente,manchas_oxido,ausentes,5_a_20,industrial,anos_despues,normal,original,flecha_abajo,diferente_zonas,seco,35
viga,diagonal_45,media,perimetro,multiples_paralelas,aparecio_de_golpe,no_hay,manchas_blancas,poroso,no,no_visible,correctos,20_a_50,exterior_continental,subita_reciente,normal,reforzada,no,solido,humedo,29
viga,diagonal_45,media,cabeza,multiples_paralelas,se_cierra_al_alejarse,no_hay,manchas_oxido,humedo_filtraciones,no,manchas_oxido,separados,5_a_20,costero_marino,anos_despues,normal,original,no,solido,salpicadura,26
pilar,red_mapa,cerrada_fina,centro,periodica,se_abre_con_tiempo,no_hay,normal,poroso,parcialmente,no_visible,correctos,mas_50,sumergido,subita_reciente,normal,original,no,solido,humedo,10
viga,diagonal_45,grieta_separacion,ambas_caras,periodica,aparecio_de_golpe,recubrimiento_desprendido,manchas_oxido,normal,no,manchas_oxido,separados,menos_5,costero_marino,subita_reciente,sobrecarga,original,aplastamiento,solido,seco,17
muro,vertical,cerrada_fina,union_otro_elemento,unica,se_abre_con_tiempo,no_hay,normal,normal,parcialmente,no_visible,correctos,5_a_20,interior,subita_reciente,normal,original,no,solido,humedo,76
pilar,vertical,abierta,cabeza,periodica,estable,no_hay,normal,normal,no,manchas_oxido,separados,20_a_50,sumergido,primeras_semanas,sobrecarga,recien_desencofrada,flecha_abajo,diferente_zonas,seco,9
mensula,diagonal_45_75,abierta,ambas_caras,unica,se_abre_con_tiempo,perdida_seccion,manchas_oxido,poroso,completamente,no_visible,desplazados,menos_5,sumergido,durante_construccion,normal,recien_desencofrada,no,solido,seco,25
pilar,diagonal_45_75,cerrada_fina,centro,periodica,estable,no_hay,manchas_oxido,normal,no,no_visible,correctos,menos_5,interior,subita_reciente,normal,original,no,diferente_zonas,humedo,71
tabique_cerramiento,horizontal,cerrada_fina,cara_inferior,multiples_paralelas,se_cierra_al_alejarse,no_hay,normal,poroso,no,manchas_oxido,correctos,mas_50,industrial,primeras_semanas,impacto_sismo,recien_desencofrada,no,solido,seco,70
mensula,diagonal_45_75,grieta_separacion,centro,ramificada,se_cierra_al_alejarse,recubrimiento_desprendido,normal,normal,no,manchas_oxido,separados,20_a_50,industrial,subita_reciente,sobrecarga,reforzada,no,diferente_zonas,seco,34
viga,sin_fisura,cerrada_fina,cabeza,unica,estable,no_hay,normal,humedo_filtraciones,no,manchas_oxido,correctos,20_a_50,costero_marino,primeros_meses,normal,original,flecha_abajo,solido,humedo,26
tabique_cerramiento,vertical,cerrada_fina,cabeza,ramificada,se_cierra_al_alejarse,desmoronandose,normal,disgregado,no,no_visible,separados,20_a_50,interior,anos_despues,impacto_sismo,original,no,solido,seco,76
pilar,diagonal_45_75,cerrada_fina,cabeza,multiples_paralelas,se_abre_con_tiempo,no_hay,normal,disgregado,no,no_visible,correctos,menos_5,exterior_continental,primeras_semanas,normal,original,no,solido,seco,12
cimentacion_zapata,diagonal_45,cerrada_fina,union_otro_elemento,unica,estable,no_hay,normal,normal,parcialmente,no_visible,correctos,5_a_20,exterior_continental,durante_construccion,normal,original,no,solido,seco,83
mensula,diagonal_45,cerrada_fina,cara_inferior,ramificada,se_abre_con_tiempo,perdida_seccion,oscurecido,disgregado,completamente,manchas_oxido,ausentes,20_a_50,industrial,anos_despues,normal,original,no,diferente_zonas,humedo,35
cimentacion_zapata,diagonal_45_75,abierta,ambas_caras,ramificada,estable,no_hay,normal,poroso,completamente,manchas_oxido,correctos,menos_5,sumergido,primeras_semanas,normal,original,flecha_abajo,hueco,seco,84
vigueta,red_mapa,cerrada_fina,cabeza,ramificada,aparecio_de_golpe,no_hay,manchas_blancas,normal,no,no_visible,correctos,20_a_50,industrial,primeras_semanas,normal,reforzada,no,solido,humedo,39
vigueta,vertical,media,base,periodica,se_abre_con_tiempo,no_hay,normal,normal,no,manchas_oxido,desplazados,5_a_20,industrial,durante_construccion,sobrecarga,original,no,hueco,seco,32
forjado_unidireccional,diagonal_45_75,abierta,ambas_caras,multiples_distintos_planos,se_abre_con_tiempo,perdida_seccion,normal,normal,no,manchas_oxido,desplazados,mas_50,interior,primeras_semanas,normal,original,desplazamiento_lateral,diferente_zonas,seco,53
vigueta,horizontal,cerrada_fina,union_otro_elemento,ramificada,aparecio_de_golpe,no_hay,normal,normal,no,no_visible,correctos,menos_5,costero_marino,primeras_semanas,normal,original,no,diferente_zonas,seco,39
muro,horizontal,media,base,ramificada,se_cierra_al_alejarse,no_hay,normal,normal,no,no_visible,correctos,mas_50,industrial,durante_construccion,normal,original,desplazamiento_lateral,diferente_zonas,seco,91
forjado_unidireccional,vertical,media,cabeza,periodica,se_cierra_al_alejarse,no_hay,manchas_oxido,normal,no,manchas_oxido,correctos,mas_50,costero_marino,primeras_semanas,normal,original,flecha_abajo,solido,seco,32
vigueta,horizontal,media,cara_inferior,multiples_distintos_planos,se_abre_con_tiempo,no_hay,normal,humedo_filtraciones,no,manchas_oxido,separados,20_a_50,costero_marino,anos_despues,normal,recien_desencofrada,desplazamiento_lateral,hueco,salpicadura,43
viga,sin_fisura,cerrada_fina,perimetro,unica,estable,no_hay,manchas_oxido,normal,no,manchas_oxido,separados,5_a_20,interior,durante_construccion,normal,original,desplazamiento_lateral,diferente_zonas,seco,32
muro,diagonal_45,abierta,cabeza,multiples_paralelas,se_abre_con_tiempo,no_hay,normal,normal,parcialmente,no_visible,correctos,5_a_20,exterior_continental,anos_despues,impacto_sismo,original,flecha_abajo,diferente_zonas,seco,89
cimentacion_zapata,diagonal_45,media,union_otro_elemento,ramificada,aparecio_de_golpe,no_hay,normal,poroso,no,manchas_oxido,correctos,5_a_20,costero_marino,durante_construccion,sobrecarga,original,no,solido,seco,89
muro,vertical,abierta,cara_inferior,multiples_distintos_planos,se_cierra_al_alejarse,no_hay,normal,poroso,completamente,oxidada_visible,correctos,5_a_20,costero_marino,primeros_meses,normal,original,no,hueco,seco,74
pilar,vertical,abierta,base,unica,estable,perdida_seccion,normal,disgregado,parcialmente,no_visible,correctos,20_a_50,industrial,durante_construccion,normal,recien_desencofrada,no,hueco,seco,2
muro,vertical,media,ambas_caras,multiples_paralelas,se_cierra_al_descender,no_hay,manchas_oxido,normal,parcialmente,oxidada_visible,correctos,20_a_50,sumergido,primeros_meses,normal,reforzada,no,diferente_zonas,seco,30
viga,diagonal_45,abierta,centro,ramificada,estable,recubrimiento_desprendido,normal,normal,parcialmente,manchas_oxido,separados,menos_5,sumergido,primeras_semanas,sobrecarga,original,giro_inclinacion,hueco,salpicadura,21
voladizo,diagonal_45,media,base,multiples_distintos_planos,estable,perdida_seccion,normal,poroso,completamente,no_visible,correctos,menos_5,costero_marino,durante_construccion,normal,reforzada,flecha_abajo,solido,seco,47
forjado_reticular,horizontal,media,cara_inferior,ramificada,se_abre_con_tiempo,no_hay,normal,normal,parcialmente,perdida_seccion,separados,5_a_20,costero_marino,primeros_meses,normal,recien_desencofrada,no,hueco,seco,56
forjado_unidireccional,diagonal_45_75,cerrada_fina,base,ramificada,se_abre_con_tiempo,recubrimiento_desprendido,normal,normal,no,no_visible,separados,5_a_20,exterior_continental,anos_despues,normal,original,no,solido,seco,68
muro,diagonal_45_75,grieta_separacion,ambas_caras,multiples_paralelas,se_abre_con_tiempo,recubrimiento_desprendido,normal,normal,parcialmente,oxidada_visible,correctos,5_a_20,industrial,durante_construccion,normal,original,flecha_abajo,hueco,humedo,84
forjado_reticular,red_mapa,media,perimetro,ramificada,aparecio_de_golpe,recubrimiento_desprendido,normal,normal,no,manchas_oxido,separados,20_a_50,industrial,durante_construccion,normal,original,flecha_abajo,solido,seco,53
pilar,sin_fisura,cerrada_fina,cabeza,unica,estable,recubrimiento_desprendido,normal,normal,parcialmente,no_visible,correctos,20_a_50,exterior_continental,anos_despues,normal,original,desplazamiento_lateral,diferente_zonas,seco,4
viga,sin_fisura,cerrada_fina,cara_inferior,unica,estable,recubrimiento_desprendido,manchas_blancas,normal,no,no_visible,correctos,5_a_20,exterior_continental,anos_despues,normal,reforzada,no,solido,humedo,29
viga,diagonal_45,media,ambas_caras,multiples_distintos_planos,se_cierra_al_alejarse,no_hay,oscurecido,poroso,no,manchas_oxido,correctos,mas_50,sumergido,durante_construccion,sobrecarga,original,no,diferente_zonas,humedo,24
viga,sin_fisura,cerrada_fina,perimetro,unica,estable,no_hay,oscurecido,normal,no,manchas_oxido,separados,mas_50,interior,anos_despues,normal,original,no,solido,seco,24
mensula,diagonal_45,grieta_separacion,centro,unica,aparecio_de_golpe,recubrimiento_desprendido,normal,disgregado,parcialmente,oxidada_visible,desplazados,menos_5,industrial,primeras_semanas,sobrecarga,recien_desencofrada,giro_inclinacion,hueco,humedo,21
vigueta,horizontal,cerrada_fina,cara_inferior,multiples_paralelas,se_abre_con_tiempo,recubrimiento_desprendido,normal,normal,completamente,oxidada_visible,correctos,menos_5,industrial,primeras_semanas,normal,original,no,solido,seco,39
viga,diagonal_45,media,esquinas,unica,se_abre_con_tiempo,no_hay,normal,normal,no,no_visible,desplazados,20_a_50,industrial,primeras_semanas,sobrecarga,original,no,solido,humedo,31
viga,vertical,media,cabeza,multiples_paralelas,aparecio_de_golpe,no_hay,normal,normal,completamente,manchas_oxido,correctos,mas_50,exterior_continental,anos_despues,sobrecarga,original,desplazamiento_lateral,diferente_zonas,seco,13
cimentacion_zapata,vertical,abierta,union_otro_elemento,multiples_distintos_planos,se_cierra_al_descender,desmoronandose,normal,disgregado,no,no_visible,correctos,5_a_20,industrial,anos_despues,normal,original,aplastamiento,diferente_zonas,seco,95
voladizo,vertical,cerrada_fina,centro,multiples_distintos_planos,estable,desmoronandose,normal,disgregado,no,no_visible,correctos,mas_50,industrial,anos_despues,normal,original,no,solido,seco,60
forjado_unidireccional,red_mapa,cerrada_fina,cara_inferior,multiples_paralelas,aparecio_de_golpe,recubrimiento_desprendido,normal,normal,no,manchas_oxido,separados,menos_5,costero_marino,primeras_semanas,normal,recien_desencofrada,flecha_abajo,diferente_zonas,humedo,50
viga,horizontal,cerrada_fina,cara_inferior,multiples_distintos_planos,estable,no_hay,normal,disgregado,no,no_visible,correctos,menos_5,costero_marino,subita_reciente,normal,original,no,diferente_zonas,seco,61
forjado_unidireccional,red_mapa,media,base,ramificada,se_abre_con_tiempo,desmoronandose,manchas_oxido,disgregado,no,no_visible,separados,menos_5,costero_marino,primeras_semanas,normal,recien_desencofrada,no,hueco,seco,49
mensula,diagonal_45_75,grieta_separacion,cabeza,multiples_paralelas,aparecio_de_golpe,recubrimiento_desprendido,manchas_oxido,normal,no,manchas_oxido,separados,5_a_20,costero_marino,anos_despues,normal,original,flecha_abajo,hueco,seco,35
viga,diagonal_45,cerrada_fina,base,multiples_paralelas,estable,no_hay,manchas_blancas,normal,no,no_visible,separados,menos_5,interior,primeras_semanas,normal,reparada,desplazamiento_lateral,solido,seco,23
viga,diagonal_45,media,cabeza,unica,aparecio_de_golpe,perdida_seccion,normal,normal,parcialmente,oxidada_visible,desplazados,menos_5,costero_marino,primeras_semanas,sobrecarga,original,no,hueco,humedo,21
cimentacion_zapata,diagonal_45_75,cerrada_fina,cabeza,multiples_paralelas,aparecio_de_golpe,no_hay,normal,normal,no,no_visible,correctos,mas_50,exterior_continental,durante_construccion,normal,original,no,solido,seco,94
viga,diagonal_45,media,cara_inferior,unica,aparecio_de_golpe,no_hay,normal,poroso,no,no_visible,correctos,20_a_50,costero_marino,subita_reciente,normal,original,giro_inclinacion,solido,seco,64
vigueta,vertical,media,ambas_caras,multiples_distintos_planos,se_cierra_al_alejarse,no_hay,normal,poroso,parcialmente,manchas_oxido,correctos,menos_5,costero_marino,primeras_semanas,normal,original,desplazamiento_lateral,diferente_zonas,humedo,43
cimentacion_zapata,vertical,media,base,ramificada,estable,no_hay,normal,normal,no,no_visible,correctos,menos_5,industrial,primeros_meses,normal,original,no,solido,seco,83
cimentacion_zapata,diagonal_45_75,abierta,centro,unica,se_cierra_al_descender,recubrimiento_desprendido,manchas_blancas,humedo_filtraciones,parcialmente,no_visible,correctos,mas_50,costero_marino,primeras_semanas,normal,recien_desencofrada,giro_inclinacion,diferente_zonas,humedo,82
muro,horizontal,abierta,base,multiples_paralelas,estable,no_hay,normal,normal,no,manchas_oxido,separados,menos_5,costero_marino,anos_despues,normal,original,no,diferente_zonas,seco,81
viga,diagonal_45_75,grieta_separacion,union_otro_elemento,multiples_paralelas,aparecio_de_golpe,recubrimiento_desprendido,normal,normal,completamente,manchas_oxido,ausentes,20_a_50,exterior_continental,subita_reciente,normal,reforzada,giro_inclinacion,diferente_zonas,seco,17
viga,red_mapa,abierta,cabeza,unica,estable,perdida_seccion,normal,normal,completamente,no_visible,desplazados,menos_5,interior,durante_construccion,normal,recien_desencofrada,desplazamiento_lateral,diferente_zonas,seco,5
pilar,horizontal,grieta_separacion,esquinas,multiples_distintos_planos,se_abre_con_tiempo,recubrimiento_desprendido,normal,normal,parcialmente,manchas_oxido,separados,20_a_50,industrial,subita_reciente,sobrecarga,reforzada,flecha_abajo,solido,seco,1
cimentacion_zapata,horizontal,media,cabeza,unica,estable,no_hay,normal,normal,no,no_visible,correctos,mas_50,exterior_continental,primeras_semanas,normal,original,aplastamiento,diferente_zonas,humedo,92
viga,diagonal_45_75,abierta,ambas_caras,ramificada,aparecio_de_golpe,recubrimiento_desprendido,normal,poroso,parcialmente,oxidada_visible,correctos,5_a_20,sumergido,subita_reciente,sobrecarga,original,no,hueco,salpicadura,18
pilar,horizontal,abierta,ambas_caras,periodica,aparecio_de_golpe,perdida_seccion,manchas_oxido,normal,parcialmente,perdida_seccion,separados,20_a_50,costero_marino,subita_reciente,impacto_sismo,recien_desencofrada,desplazamiento_lateral,solido,humedo,3
muro,vertical,cerrada_fina,perimetro,multiples_paralelas,se_cierra_al_descender,desmoronandose,normal,poroso,no,manchas_oxido,correctos,5_a_20,exterior_continental,anos_despues,normal,reforzada,no,hueco,seco,95
viga,diagonal_45,abierta,esquinas,multiples_paralelas,se_cierra_al_alejarse,no_hay,oscurecido,normal,parcialmente,oxidada_visible,separados,5_a_20,costero_marino,durante_construccion,normal,original,desplazamiento_lateral,diferente_zonas,humedo,31
tabique_cerramiento,vertical,cerrada_fina,union_otro_elemento,multiples_distintos_planos,estable,no_hay,normal,normal,completamente,oxidada_visible,correctos,menos_5,costero_marino,primeros_meses,sobrecarga,reparada,no,diferente_zonas,seco,74
cimentacion_zapata,diagonal_45_75,abierta,base,periodica,se_cierra_al_alejarse,no_hay,normal,normal,no,no_visible,correctos,5_a_20,exterior_continental,anos_despues,normal,original,no,diferente_zonas,seco,90
cimentacion_zapata,red_mapa,media,esquinas,multiples_distintos_planos,se_cierra_al_alejarse,no_hay,normal,poroso,no,no_visible,correctos,mas_50,exterior_continental,subita_reciente,normal,original,aplastamiento,hueco,seco,90
voladizo,horizontal,grieta_separacion,ambas_caras,unica,se_cierra_al_descender,recubrimiento_desprendido,normal,normal,completamente,manchas_oxido,correctos,20_a_50,costero_marino,durante_construccion,normal,original,flecha_abajo,hueco,seco,46
viga,sin_fisura,cerrada_fina,base,unica,estable,no_hay,manchas_blancas,humedo_filtraciones,no,no_visible,correctos,5_a_20,costero_marino,primeras_semanas,normal,reparada,no,diferente_zonas,humedo,29
mensula,sin_fisura,cerrada_fina,cabeza,unica,estable,perdida_seccion,manchas_blancas,normal,no,no_visible,correctos,mas_50,sumergido,primeras_semanas,sobrecarga,recien_desencofrada,no,solido,seco,34
pilar,red_mapa,abierta,cara_inferior,ramificada,se_cierra_al_alejarse,recubrimiento_desprendido,manchas_oxido,poroso,completamente,oxidada_visible,correctos,20_a_50,costero_marino,anos_despues,normal,reforzada,desplazamiento_lateral,diferente_zonas,humedo,6
mensula,red_mapa,media,esquinas,unica,estable,no_hay,normal,normal,completamente,manchas_oxido,correctos,5_a_20,costero_marino,subita_reciente,sobrecarga,original,desplazamiento_lateral,hueco,humedo,13
vigueta,red_mapa,abierta,centro,multiples_paralelas,se_abre_con_tiempo,no_hay,manchas_oxido,humedo_filtraciones,parcialmente,oxidada_visible,correctos,menos_5,costero_marino,primeros_meses,normal,recien_desencofrada,giro_inclinacion,hueco,salpicadura,43
pilar,diagonal_45_75,abierta,cabeza,periodica,estable,recubrimiento_desprendido,normal,normal,completamente,manchas_oxido,desplazados,menos_5,sumergido,primeros_meses,normal,original,flecha_abajo,diferente_zonas,seco,13
muro,red_mapa,media,union_otro_elemento,multiples_paralelas,aparecio_de_golpe,no_hay,normal,humedo_filtraciones,no,no_visible,separados,20_a_50,exterior_continental,durante_construccion,sobrecarga,original,aplastamiento,solido,humedo,79
voladizo,sin_fisura,cerrada_fina,base,unica,estable,no_hay,normal,normal,no,no_visible,correctos,mas_50,industrial,subita_reciente,normal,original,no,solido,salpicadura,47
mensula,diagonal_45,abierta,ambas_caras,multiples_paralelas,se_cierra_al_alejarse,perdida_seccion,manchas_oxido,normal,no,manchas_oxido,ausentes,mas_50,sumergido,subita_reciente,normal,original,flecha_abajo,diferente_zonas,seco,35
vigueta,red_mapa,cerrada_fina,cabeza,ramificada,se_abre_con_tiempo,recubrimiento_desprendido,normal,normal,no,no_visible,correctos,menos_5,exterior_continental,primeros_meses,normal,reparada,aplastamiento,diferente_zonas,seco,38
forjado_unidireccional,horizontal,cerrada_fina,centro,multiples_paralelas,se_cierra_al_alejarse,recubrimiento_desprendido,normal,normal,no,manchas_oxido,separados,5_a_20,interior,primeros_meses,sobrecarga,original,aplastamiento,solido,salpicadura,60
cimentacion_zapata,diagonal_45_75,abierta,base,ramificada,estable,no_hay,manchas_blancas,poroso,parcialmente,perdida_seccion,correctos,mas_50,exterior_continental,anos_despues,descarga,original,desplazamiento_lateral,solido,humedo,87
forjado_reticular,horizontal,media,perimetro,unica,estable,no_hay,normal,disgregado,parcialmente,perdida_seccion,correctos,menos_5,sumergido,durante_construccion,normal,recien_desencofrada,no,diferente_zonas,seco,52
vigueta,diagonal_45_75,cerrada_fina,cara_inferior,unica,estable,no_hay,normal,poroso,no,no_visible,correctos,mas_50,industrial,subita_reciente,sobrecarga,reparada,no,solido,seco,39
pilar,diagonal_45,abierta,esquinas,periodica,se_cierra_al_descender,no_hay,normal,normal,no,no_visible,desplazados,5_a_20,sumergido,anos_despues,normal,recien_desencofrada,no,hueco,humedo,31
viga,red_mapa,cerrada_fina,perimetro,ramificada,se_cierra_al_descender,no_hay,normal,poroso,completamente,no_visible,correctos,20_a_50,sumergido,anos_despues,normal,original,no,solido,seco,68
mensula,diagonal_45,media,cabeza,multiples_distintos_planos,se_cierra_al_alejarse,recubrimiento_desprendido,normal,normal,no,manchas_oxido,desplazados,5_a_20,industrial,anos_despues,sobrecarga,original,no,diferente_zonas,seco,92
tabique_cerramiento,diagonal_45,cerrada_fina,esquinas,ramificada,estable,no_hay,manchas_oxido,poroso,parcialmente,no_visible,ausentes,menos_5,interior,primeras_semanas,normal,original,no,solido,humedo,75
mensula,vertical,cerrada_fina,cabeza,multiples_paralelas,se_cierra_al_descender,no_hay,normal,normal,no,manchas_oxido,correctos,menos_5,sumergido,subita_reciente,sobrecarga,reforzada,no,diferente_zonas,humedo,36
forjado_reticular,horizontal,media,base,multiples_distintos_planos,se_cierra_al_alejarse,perdida_seccion,manchas_blancas,normal,completamente,no_visible,correctos,menos_5,interior,durante_construccion,normal,reparada,no,hueco,humedo,56
cimentacion_zapata,horizontal,abierta,union_otro_elemento,multiples_distintos_planos,estable,no_hay,normal,normal,no,no_visible,correctos,menos_5,exterior_continental,anos_despues,normal,original,flecha_abajo,diferente_zonas,seco,81
vigueta,horizontal,media,cabeza,multiples_distintos_planos,aparecio_de_golpe,no_hay,normal,normal,no,no_visible,correctos,20_a_50,interior,primeras_semanas,normal,reparada,no,solido,salpicadura,42
viga,horizontal,abierta,cara_inferior,multiples_paralelas,se_cierra_al_alejarse,no_hay,manchas_oxido,normal,completamente,oxidada_visible,correctos,mas_50,exterior_continental,anos_despues,normal,original,no,diferente_zonas,seco,30
viga,horizontal,abierta,cabeza,periodica,se_cierra_al_descender,no_hay,manchas_oxido,normal,no,no_visible,correctos,menos_5,industrial,primeras_semanas,normal,recien_desencofrada,no,solido,salpicadura,39
tabique_cerramiento,sin_fisura,cerrada_fina,cabeza,unica,estable,recubrimiento_desprendido,oscurecido,normal,no,no_visible,correctos,5_a_20,industrial,durante_construccion,normal,original,no,solido,seco,75
tabique_cerramiento,diagonal_45,cerrada_fina,centro,periodica,estable,no_hay,normal,normal,no,no_visible,correctos,menos_5,interior,subita_reciente,impacto_sismo,original,no,diferente_zonas,humedo,64
viga,horizontal,media,cabeza,multiples_paralelas,aparecio_de_golpe,no_hay,manchas_oxido,normal,no,manchas_oxido,correctos,20_a_50,industrial,durante_construccion,sobrecarga,original,desplazamiento_lateral,hueco,humedo,24
tabique_cerramiento,diagonal_45,media,centro,multiples_distintos_planos,estable,no_hay,manchas_blancas,normal,no,no_visible,correctos,menos_5,exterior_continental,primeros_meses,normal,reparada,flecha_abajo,solido,seco,78
tabique_cerramiento,vertical,cerrada_fina,cabeza,multiples_distintos_planos,aparecio_de_golpe,no_hay,normal,poroso,no,no_visible,ausentes,menos_5,exterior_continental,subita_reciente,sobrecarga,reparada,no,diferente_zonas,seco,66
viga,diagonal_45_75,media,base,multiples_paralelas,estable,recubrimiento_desprendido,normal,normal,completamente,oxidada_visible,correctos,20_a_50,industrial,primeros_meses,sobrecarga,original,desplazamiento_lateral,hueco,seco,19
tabique_cerramiento,red_mapa,cerrada_fina,centro,ramificada,aparecio_de_golpe,no_hay,normal,normal,no,no_visible,correctos,5_a_20,sumergido,anos_despues,normal,reforzada,no,solido,seco,68
pilar,diagonal_45_75,media,cabeza,ramificada,se_cierra_al_descender,recubrimiento_desprendido,manchas_oxido,disgregado,parcialmente,oxidada_visible,correctos,20_a_50,costero_marino,anos_despues,normal,original,no,hueco,humedo,6
viga,sin_fisura,cerrada_fina,esquinas,unica,estable,perdida_seccion,manchas_oxido,normal,no,no_visible,correctos,20_a_50,interior,anos_despues,normal,original,flecha_abajo,hueco,seco,19
cimentacion_zapata,diagonal_45,abierta,perimetro,multiples_paralelas,se_cierra_al_descender,no_hay,manchas_oxido,normal,parcialmente,no_visible,correctos,20_a_50,exterior_continental,durante_construccion,normal,original,desplazamiento_lateral,diferente_zonas,seco,96
viga,vertical,cerrada_fina,union_otro_elemento,periodica,se_cierra_al_alejarse,recubrimiento_desprendido,manchas_blancas,humedo_filtraciones,no,no_visible,correctos,mas_50,exterior_continental,primeros_meses,normal,original,no,diferente_zonas,humedo,29
vigueta,vertical,media,perimetro,unica,estable,no_hay,oscurecido,normal,no,no_visible,correctos,menos_5,industrial,primeras_semanas,normal,original,no,solido,seco,83
voladizo,horizontal,media,centro,multiples_paralelas,aparecio_de_golpe,no_hay,normal,disgregado,no,manchas_oxido,correctos,mas_50,exterior_continental,subita_reciente,normal,original,no,solido,seco,62
cimentacion_zapata,diagonal_45_75,cerrada_fina,esquinas,periodica,estable,no_hay,manchas_blancas,normal,no,manchas_oxido,correctos,menos_5,exterior_continental,subita_reciente,normal,original,flecha_abajo,solido,salpicadura,75
viga,diagonal_45,abierta,cabeza,multiples_distintos_planos,se_cierra_al_alejarse,no_hay,normal,normal,no,no_visible,desplazados,menos_5,sumergido,anos_despues,impacto_sismo,reforzada,no,solido,seco,31
viga,diagonal_45,abierta,perimetro,unica,se_cierra_al_alejarse,no_hay,normal,normal,no,no_visible,separados,menos_5,costero_marino,primeras_semanas,normal,recien_desencofrada,no,solido,seco,27
forjado_reticular,red_mapa,cerrada_fina,union_otro_elemento,periodica,se_abre_con_tiempo,no_hay,normal,normal,no,no_visible,correctos,20_a_50,interior,primeras_semanas,normal,original,no,solido,humedo,54
viga,diagonal_45_75,cerrada_fina,perimetro,multiples_paralelas,estable,no_hay,oscurecido,normal,no,no_visible,desplazados,menos_5,exterior_continental,durante_construccion,normal,recien_desencofrada,no,solido,humedo,27
forjado_unidireccional,vertical,cerrada_fina,centro,multiples_distintos_planos,se_cierra_al_alejarse,no_hay,oscurecido,normal,no,no_visible,desplazados,5_a_20,industrial,primeras_semanas,sobrecarga,reforzada,no,solido,seco,66
voladizo,horizontal,media,cara_inferior,multiples_paralelas,se_cierra_al_descender,no_hay,manchas_oxido,normal,parcialmente,manchas_oxido,desplazados,20_a_50,costero_marino,anos_despues,sobrecarga,original,desplazamiento_lateral,hueco,seco,30
vigueta,vertical,abierta,cabeza,multiples_distintos_planos,aparecio_de_golpe,recubrimiento_desprendido,normal,normal,completamente,no_visible,correctos,menos_5,interior,anos_despues,normal,original,aplastamiento,diferente_zonas,seco,38
tabique_cerramiento,horizontal,abierta,centro,ramificada,estable,desmoronandose,normal,disgregado,no,manchas_oxido,correctos,menos_5,costero_marino,anos_despues,impacto_sismo,reparada,desplazamiento_lateral,solido,seco,74
tabique_cerramiento,diagonal_45,media,esquinas,multiples_paralelas,estable,no_hay,normal,normal,no,no_visible,correctos,menos_5,costero_marino,primeros_meses,normal,original,flecha_abajo,solido,seco,75
tabique_cerramiento,diagonal_45,grieta_separacion,centro,multiples_distintos_planos,estable,no_hay,normal,normal,parcialmente,no_visible,correctos,menos_5,exterior_continental,primeras_semanas,normal,original,no,diferente_zonas,seco,78
forjado_reticular,red_mapa,media,base,ramificada,estable,no_hay,normal,humedo_filtraciones,parcialmente,no_visible,correctos,20_a_50,exterior_continental,subita_reciente,normal,reparada,flecha_abajo,solido,filtracion_activa,79
muro,red_mapa,cerrada_fina,perimetro,multiples_paralelas,aparecio_de_golpe,no_hay,normal,disgregado,parcialmente,manchas_oxido,correctos,5_a_20,sumergido,durante_construccion,sobrecarga,original,aplastamiento,solido,humedo,79
viga,diagonal_45,cerrada_fina,base,multiples_paralelas,estable,no_hay,oscurecido,normal,parcialmente,no_visible,correctos,menos_5,industrial,primeros_meses,normal,original,flecha_abajo,diferente_zonas,humedo,23
pilar,horizontal,abierta,union_otro_elemento,unica,estable,recubrimiento_desprendido,normal,poroso,no,manchas_oxido,separados,mas_50,interior,anos_despues,normal,reforzada,flecha_abajo,diferente_zonas,seco,4
muro,horizontal,media,cabeza,unica,estable,recubrimiento_desprendido,manchas_oxido,normal,parcialmente,no_visible,correctos,20_a_50,industrial,primeros_meses,normal,original,aplastamiento,diferente_zonas,humedo,95
viga,diagonal_45_75,abierta,perimetro,multiples_paralelas,aparecio_de_golpe,recubrimiento_desprendido,normal,normal,parcialmente,manchas_oxido,desplazados,20_a_50,exterior_continental,anos_despues,normal,reparada,no,diferente_zonas,seco,22
muro,horizontal,cerrada_fina,centro,periodica,se_cierra_al_alejarse,no_hay,normal,normal,no,no_visible,separados,menos_5,industrial,subita_reciente,impacto_sismo,original,no,solido,seco,70
viga,diagonal_45_75,abierta,centro,unica,se_abre_con_tiempo,no_hay,normal,normal,parcialmente,manchas_oxido,correctos,20_a_50,interior,subita_reciente,normal,reforzada,no,diferente_zonas,seco,18
cimentacion_zapata,diagonal_45_75,abierta,cara_inferior,multiples_distintos_planos,estable,no_hay,normal,normal,no,no_visible,correctos,5_a_20,costero_marino,durante_construccion,sobrecarga,original,no,solido,seco,91
tabique_cerramiento,red_mapa,media,cabeza,multiples_distintos_planos,aparecio_de_golpe,no_hay,normal,poroso,parcialmente,oxidada_visible,correctos,20_a_50,costero_marino,primeras_semanas,descarga,recien_desencofrada,no,solido,seco,63
viga,vertical,media,esquinas,multiples_paralelas,se_abre_con_tiempo,no_hay,normal,normal,parcialmente,oxidada_visible,correctos,20_a_50,costero_marino,subita_reciente,sobrecarga,original,no,hueco,seco,7
pilar,red_mapa,grieta_separacion,cara_inferior,periodica,se_cierra_al_alejarse,desmoronandose,normal,poroso,completamente,no_visible,separados,20_a_50,costero_marino,durante_construccion,sobrecarga,original,desplazamiento_lateral,diferente_zonas,seco,2
tabique_cerramiento,sin_fisura,cerrada_fina,base,unica,estable,no_hay,manchas_blancas,normal,no,manchas_oxido,correctos,mas_50,costero_marino,anos_despues,descarga,original,flecha_abajo,solido,humedo,63
pilar,red_mapa,cerrada_fina,cara_inferior,periodica,aparecio_de_golpe,no_hay,manchas_oxido,humedo_filtraciones,no,no_visible,correctos,5_a_20,exterior_continental,subita_reciente,normal,recien_desencofrada,no,solido,filtracion_activa,10
tabique_cerramiento,vertical,abierta,ambas_caras,multiples_distintos_planos,se_abre_con_tiempo,no_hay,manchas_oxido,humedo_filtraciones,no,no_visible,correctos,5_a_20,sumergido,durante_construccion,normal,original,desplazamiento_lateral,hueco,humedo,82
cimentacion_zapata,sin_fisura,cerrada_fina,base,unica,estable,recubrimiento_desprendido,normal,poroso,parcialmente,no_visible,correctos,mas_50,costero_marino,primeras_semanas,normal,original,no,hueco,humedo,56
tabique_cerramiento,diagonal_45,cerrada_fina,ambas_caras,ramificada,estable,no_hay,normal,normal,parcialmente,no_visible,desplazados,menos_5,exterior_continental,anos_despues,sobrecarga,original,no,solido,seco,78
cimentacion_zapata,diagonal_45_75,abierta,perimetro,multiples_paralelas,estable,no_hay,manchas_oxido,normal,no,no_visible,separados,menos_5,sumergido,primeras_semanas,sobrecarga,original,flecha_abajo,hueco,seco,90
vigueta,diagonal_45_75,cerrada_fina,esquinas,periodica,se_abre_con_tiempo,no_hay,manchas_blancas,humedo_filtraciones,no,no_visible,correctos,mas_50,sumergido,primeros_meses,normal,original,no,diferente_zonas,humedo,10
mensula,diagonal_45,abierta,centro,ramificada,se_cierra_al_descender,recubrimiento_desprendido,manchas_oxido,normal,parcialmente,manchas_oxido,separados,20_a_50,costero_marino,primeros_meses,sobrecarga,reparada,desplazamiento_lateral,diferente_zonas,seco,35
tabique_cerramiento,horizontal,cerrada_fina,union_otro_elemento,ramificada,aparecio_de_golpe,no_hay,manchas_oxido,poroso,parcialmente,manchas_oxido,correctos,20_a_50,exterior_continental,subita_reciente,normal,original,no,solido,salpicadura,80
voladizo,diagonal_45,grieta_separacion,cara_inferior,unica,se_cierra_al_descender,perdida_seccion,oscurecido,normal,no,no_visible,correctos,mas_50,interior,primeros_meses,normal,original,no,diferente_zonas,seco,48
vigueta,diagonal_45,grieta_separacion,cabeza,multiples_distintos_planos,aparecio_de_golpe,no_hay,normal,normal,completamente,oxidada_visible,correctos,menos_5,costero_marino,primeras_semanas,sobrecarga,recien_desencofrada,aplastamiento,diferente_zonas,seco,15
forjado_unidireccional,red_mapa,grieta_separacion,ambas_caras,ramificada,aparecio_de_golpe,recubrimiento_desprendido,normal,disgregado,parcialmente,manchas_oxido,separados,20_a_50,industrial,durante_construccion,descarga,original,aplastamiento,diferente_zonas,seco,53
mensula,horizontal,cerrada_fina,centro,unica,aparecio_de_golpe,no_hay,normal,normal,parcialmente,oxidada_visible,correctos,5_a_20,interior,durante_construccion,normal,original,desplazamiento_lateral,diferente_zonas,seco,33
viga,horizontal,media,cara_inferior,unica,se_cierra_al_descender,recubrimiento_desprendido,manchas_oxido,normal,no,manchas_oxido,correctos,menos_5,exterior_continental,primeras_semanas,normal,original,giro_inclinacion,hueco,humedo,46
viga,diagonal_45_75,abierta,cabeza,periodica,aparecio_de_golpe,recubrimiento_desprendido,normal,normal,parcialmente,manchas_oxido,separados,5_a_20,interior,subita_reciente,sobrecarga,original,no,hueco,salpicadura,22
cimentacion_zapata,vertical,media,base,periodica,estable,recubrimiento_desprendido,normal,poroso,no,no_visible,correctos,menos_5,interior,primeras_semanas,normal,reforzada,flecha_abajo,diferente_zonas,seco,83
cimentacion_zapata,red_mapa,media,perimetro,multiples_distintos_planos,se_cierra_al_alejarse,recubrimiento_desprendido,normal,poroso,no,no_visible,correctos,mas_50,costero_marino,primeras_semanas,normal,original,flecha_abajo,solido,seco,94
viga,red_mapa,cerrada_fina,base,multiples_paralelas,se_cierra_al_alejarse,perdida_seccion,normal,normal,parcialmente,no_visible,correctos,5_a_20,costero_marino,subita_reciente,normal,original,no,diferente_zonas,filtracion_activa,59
vigueta,horizontal,cerrada_fina,ambas_caras,multiples_distintos_planos,se_cierra_al_descender,no_hay,normal,normal,no,no_visible,correctos,5_a_20,industrial,durante_construccion,normal,reparada,no,solido,seco,39
pilar,vertical,abierta,esquinas,unica,se_abre_con_tiempo,recubrimiento_desprendido,normal,normal,parcialmente,oxidada_visible,desplazados,menos_5,sumergido,subita_reciente,sobrecarga,original,no,solido,humedo,1
tabique_cerramiento,diagonal_45_75,media,cara_inferior,multiples_distintos_planos,aparecio_de_golpe,no_hay,normal,disgregado,no,no_visible,correctos,5_a_20,sumergido,primeros_meses,normal,original,flecha_abajo,solido,seco,68
muro,horizontal,abierta,base,ramificada,estable,no_hay,normal,poroso,no,no_visible,correctos,5_a_20,industrial,anos_despues,normal,original,flecha_abajo,diferente_zonas,seco,81
forjado_reticular,vertical,abierta,perimetro,periodica,aparecio_de_golpe,no_hay,oscurecido,normal,no,no_visible,desplazados,5_a_20,sumergido,primeros_meses,normal,reparada,desplazamiento_lateral,solido,seco,54
cimentacion_zapata,diagonal_45,grieta_separacion,perimetro,multiples_paralelas,aparecio_de_golpe,recubrimiento_desprendido,normal,disgregado,no,manchas_oxido,correctos,5_a_20,exterior_continental,subita_reciente,normal,original,desplazamiento_lateral,hueco,seco,84
viga,sin_fisura,cerrada_fina,cabeza,unica,estable,no_hay,manchas_oxido,poroso,completamente,no_visible,ausentes,5_a_20,sumergido,primeras_semanas,normal,recien_desencofrada,no,solido,filtracion_activa,25
vigueta,horizontal,media,cara_inferior,multiples_distintos_planos,se_cierra_al_alejarse,no_hay,manchas_oxido,humedo_filtraciones,no,no_visible,correctos,menos_5,interior,durante_construccion,normal,original,no,solido,filtracion_activa,40
viga,diagonal_45_75,cerrada_fina,union_otro_elemento,periodica,estable,no_hay,manchas_blancas,disgregado,no,no_visible,correctos,mas_50,exterior_continental,primeros_meses,normal,reforzada,no,solido,filtracion_activa,29
voladizo,vertical,cerrada_fina,cabeza,ramificada,estable,no_hay,manchas_oxido,normal,no,no_visible,correctos,menos_5,sumergido,primeros_meses,descarga,original,flecha_abajo,solido,seco,70
forjado_unidireccional,horizontal,cerrada_fina,base,multiples_paralelas,se_abre_con_tiempo,perdida_seccion,normal,disgregado,parcialmente,no_visible,separados,menos_5,industrial,anos_despues,sobrecarga,original,desplazamiento_lateral,diferente_zonas,seco,56
tabique_cerramiento,diagonal_45_75,cerrada_fina,esquinas,multiples_paralelas,estable,no_hay,normal,normal,no,no_visible,correctos,5_a_20,exterior_continental,anos_despues,normal,original,no,diferente_zonas,seco,75
mensula,red_mapa,cerrada_fina,ambas_caras,multiples_paralelas,estable,no_hay,normal,normal,completamente,oxidada_visible,correctos,5_a_20,costero_marino,primeras_semanas,descarga,original,no,solido,seco,63
voladizo,diagonal_45,media,cara_inferior,multiples_distintos_planos,se_abre_con_tiempo,perdida_seccion,normal,poroso,parcialmente,no_visible,correctos,menos_5,sumergido,durante_construccion,impacto_sismo,original,desplazamiento_lateral,diferente_zonas,seco,48
mensula,diagonal_45,grieta_separacion,ambas_caras,periodica,aparecio_de_golpe,recubrimiento_desprendido,normal,normal,parcialmente,manchas_oxido,ausentes,menos_5,interior,subita_reciente,sobrecarga,original,giro_inclinacion,diferente_zonas,seco,17
forjado_unidireccional,diagonal_45,media,cara_inferior,ramificada,estable,no_hay,manchas_oxido,normal,no,no_visible,correctos,menos_5,exterior_continental,primeros_meses,normal,original,no,solido,seco,71
tabique_cerramiento,diagonal_45,cerrada_fina,cabeza,ramificada,estable,no_hay,manchas_oxido,humedo_filtraciones,no,no_visible,correctos,menos_5,sumergido,primeras_semanas,normal,original,no,solido,humedo,77
viga,horizontal,media,union_otro_elemento,periodica,se_cierra_al_descender,recubrimiento_desprendido,normal,normal,completamente,oxidada_visible,correctos,menos_5,interior,subita_reciente,sobrecarga,reparada,no,solido,seco,19
pilar,red_mapa,cerrada_fina,esquinas,multiples_paralelas,se_cierra_al_alejarse,no_hay,manchas_oxido,humedo_filtraciones,no,no_visible,correctos,mas_50,costero_marino,primeros_meses,normal,original,no,solido,humedo,11
tabique_cerramiento,diagonal_45_75,abierta,perimetro,periodica,aparecio_de_golpe,no_hay,normal,humedo_filtraciones,parcialmente,no_visible,correctos,mas_50,costero_marino,subita_reciente,normal,original,no,diferente_zonas,filtracion_activa,79
vigueta,red_mapa,media,cabeza,unica,aparecio_de_golpe,recubrimiento_desprendido,normal,normal,no,no_visible,correctos,5_a_20,sumergido,anos_despues,sobrecarga,reforzada,aplastamiento,diferente_zonas,seco,38
vigueta,horizontal,cerrada_fina,cabeza,multiples_distintos_planos,se_abre_con_tiempo,no_hay,normal,disgregado,no,manchas_oxido,correctos,menos_5,interior,subita_reciente,normal,original,no,diferente_zonas,seco,42
viga,diagonal_45,abierta,cabeza,periodica,aparecio_de_golpe,perdida_seccion,normal,normal,parcialmente,oxidada_visible,desplazados,5_a_20,industrial,primeras_semanas,sobrecarga,recien_desencofrada,desplazamiento_lateral,diferente_zonas,seco,21
pilar,vertical,media,esquinas,multiples_paralelas,estable,no_hay,normal,normal,parcialmente,no_visible,correctos,menos_5,interior,anos_despues,impacto_sismo,reparada,desplazamiento_lateral,diferente_zonas,seco,16
pilar,red_mapa,abierta,ambas_caras,multiples_distintos_planos,aparecio_de_golpe,recubrimiento_desprendido,normal,normal,parcialmente,manchas_oxido,separados,20_a_50,industrial,subita_reciente,impacto_sismo,reparada,desplazamiento_lateral,diferente_zonas,filtracion_activa,3
pilar,red_mapa,media,esquinas,multiples_distintos_planos,estable,no_hay,manchas_oxido,humedo_filtraciones,no,no_visible,correctos,menos_5,costero_marino,subita_reciente,normal,original,flecha_abajo,diferente_zonas,humedo,11
tabique_cerramiento,horizontal,cerrada_fina,esquinas,periodica,estable,recubrimiento_desprendido,manchas_oxido,poroso,no,no_visible,correctos,menos_5,exterior_continental,primeros_meses,normal,original,no,diferente_zonas,humedo,77
vigueta,diagonal_45,abierta,union_otro_elemento,multiples_distintos_planos,se_cierra_al_alejarse,perdida_seccion,normal,disgregado,parcialmente,manchas_oxido,correctos,menos_5,exterior_continental,durante_construccion,descarga,recien_desencofrada,no,diferente_zonas,seco,41
muro,vertical,abierta,union_otro_elemento,multiples_paralelas,estable,no_hay,oscurecido,normal,parcialmente,oxidada_visible,correctos,20_a_50,exterior_continental,primeros_meses,normal,original,no,solido,seco,76
forjado_unidireccional,horizontal,abierta,union_otro_elemento,multiples_distintos_planos,se_cierra_al_alejarse,recubrimiento_desprendido,manchas_blancas,humedo_filtraciones,no,no_visible,separados,20_a_50,costero_marino,primeros_meses,normal,reparada,no,solido,filtracion_activa,67
muro,red_mapa,media,union_otro_elemento,ramificada,se_cierra_al_alejarse,no_hay,normal,normal,no,no_visible,separados,mas_50,interior,primeras_semanas,descarga,original,no,hueco,seco,94
pilar,horizontal,grieta_separacion,esquinas,ramificada,aparecio_de_golpe,perdida_seccion,normal,poroso,parcialmente,manchas_oxido,separados,20_a_50,exterior_continental,subita_reciente,sobrecarga,reparada,desplazamiento_lateral,diferente_zonas,seco,3
tabique_cerramiento,red_mapa,media,esquinas,multiples_distintos_planos,se_cierra_al_alejarse,no_hay,normal,normal,completamente,oxidada_visible,correctos,5_a_20,interior,anos_despues,normal,reparada,no,diferente_zonas,humedo,73
voladizo,red_mapa,abierta,esquinas,ramificada,se_abre_con_tiempo,no_hay,manchas_oxido,normal,no,no_visible,correctos,5_a_20,sumergido,subita_reciente,descarga,recien_desencofrada,no,solido,seco,94
forjado_reticular,diagonal_45_75,abierta,ambas_caras,ramificada,se_abre_con_tiempo,perdida_seccion,normal,poroso,completamente,oxidada_visible,ausentes,menos_5,sumergido,subita_reciente,normal,original,no,hueco,humedo,53
viga,horizontal,grieta_separacion,base,unica,aparecio_de_golpe,recubrimiento_desprendido,manchas_blancas,normal,completamente,manchas_oxido,correctos,5_a_20,interior,primeras_semanas,sobrecarga,original,flecha_abajo,solido,seco,19
tabique_cerramiento,diagonal_45_75,media,cara_inferior,ramificada,se_abre_con_tiempo,no_hay,normal,poroso,no,no_visible,correctos,menos_5,interior,primeros_meses,sobrecarga,original,desplazamiento_lateral,solido,seco,64
vigueta,vertical,media,esquinas,ramificada,se_abre_con_tiempo,recubrimiento_desprendido,oscurecido,normal,no,manchas_oxido,correctos,menos_5,interior,durante_construccion,descarga,recien_desencofrada,no,diferente_zonas,humedo,41
cimentacion_zapata,sin_fisura,cerrada_fina,esquinas,unica,estable,recubrimiento_desprendido,normal,normal,completamente,oxidada_visible,desplazados,menos_5,sumergido,subita_reciente,normal,original,desplazamiento_lateral,diferente_zonas,seco,1
tabique_cerramiento,red_mapa,cerrada_fina,ambas_caras,ramificada,se_cierra_al_alejarse,no_hay,oscurecido,normal,no,no_visible,correctos,menos_5,exterior_continental,primeras_semanas,sobrecarga,original,no,solido,seco,62
forjado_reticular,diagonal_45_75,media,union_otro_elemento,multiples_paralelas,se_cierra_al_alejarse,recubrimiento_desprendido,normal,normal,parcialmente,no_visible,desplazados,menos_5,industrial,durante_construccion,normal,recien_desencofrada,desplazamiento_lateral,diferente_zonas,seco,8
viga,horizontal,media,cabeza,unica,se_cierra_al_alejarse,no_hay,manchas_blancas,humedo_filtraciones,no,no_visible,ausentes,menos_5,sumergido,subita_reciente,normal,original,flecha_abajo,diferente_zonas,seco,27
viga,horizontal,media,centro,multiples_paralelas,se_cierra_al_descender,no_hay,manchas_oxido,normal,parcialmente,perdida_seccion,correctos,5_a_20,costero_marino,anos_despues,normal,original,no,hueco,seco,30
vigueta,horizontal,abierta,cabeza,multiples_distintos_planos,se_abre_con_tiempo,no_hay,oscurecido,humedo_filtraciones,no,manchas_oxido,separados,mas_50,costero_marino,primeras_semanas,normal,original,flecha_abajo,solido,filtracion_activa,37
cimentacion_zapata,red_mapa,media,cara_inferior,ramificada,se_cierra_al_alejarse,no_hay,normal,poroso,no,no_visible,correctos,menos_5,industrial,durante_construccion,normal,original,flecha_abajo,diferente_zonas,humedo,90
cimentacion_zapata,red_mapa,media,ambas_caras,multiples_distintos_planos,se_cierra_al_alejarse,no_hay,normal,poroso,no,manchas_oxido,separados,20_a_50,sumergido,primeros_meses,normal,original,giro_inclinacion,diferente_zonas,humedo,90
forjado_unidireccional,vertical,cerrada_fina,centro,ramificada,aparecio_de_golpe,no_hay,normal,normal,no,no_visible,desplazados,mas_50,industrial,primeras_semanas,normal,original,no,solido,humedo,69
cimentacion_zapata,vertical,media,base,multiples_distintos_planos,se_abre_con_tiempo,no_hay,manchas_oxido,normal,parcialmente,manchas_oxido,correctos,5_a_20,industrial,primeros_meses,normal,original,no,solido,humedo,94
vigueta,diagonal_45,media,centro,unica,aparecio_de_golpe,no_hay,manchas_blancas,poroso,no,no_visible,correctos,menos_5,costero_marino,durante_construccion,normal,recien_desencofrada,no,solido,humedo,40
mensula,horizontal,media,esquinas,multiples_paralelas,se_cierra_al_alejarse,no_hay,normal,normal,no,no_visible,correctos,mas_50,costero_marino,primeras_semanas,normal,original,no,solido,humedo,61
forjado_unidireccional,red_mapa,cerrada_fina,centro,multiples_distintos_planos,se_cierra_al_alejarse,recubrimiento_desprendido,normal,normal,no,no_visible,correctos,5_a_20,interior,primeros_meses,normal,original,aplastamiento,solido,humedo,69
muro,sin_fisura,cerrada_fina,esquinas,unica,estable,no_hay,oscurecido,normal,no,no_visible,correctos,menos_5,costero_marino,subita_reciente,sobrecarga,reparada,desplazamiento_lateral,hueco,seco,92
vigueta,vertical,media,union_otro_elemento,unica,se_cierra_al_descender,no_hay,normal,humedo_filtraciones,no,manchas_oxido,correctos,mas_50,sumergido,anos_despues,normal,original,desplazamiento_lateral,diferente_zonas,humedo,43
viga,diagonal_45,abierta,esquinas,unica,aparecio_de_golpe,perdida_seccion,normal,normal,parcialmente,oxidada_visible,separados,5_a_20,exterior_continental,subita_reciente,impacto_sismo,reparada,desplazamiento_lateral,diferente_zonas,seco,22
forjado_unidireccional,diagonal_45,abierta,union_otro_elemento,multiples_distintos_planos,se_abre_con_tiempo,recubrimiento_desprendido,normal,normal,no,no_visible,correctos,menos_5,exterior_continental,primeros_meses,normal,original,flecha_abajo,diferente_zonas,seco,56
viga,red_mapa,cerrada_fina,cabeza,unica,se_cierra_al_alejarse,no_hay,manchas_oxido,normal,no,no_visible,separados,menos_5,exterior_continental,primeras_semanas,normal,reparada,no,solido,seco,23
pilar,red_mapa,media,cabeza,multiples_paralelas,se_abre_con_tiempo,no_hay,oscurecido,normal,parcialmente,oxidada_visible,correctos,mas_50,industrial,durante_construccion,normal,original,desplazamiento_lateral,diferente_zonas,seco,13
viga,red_mapa,cerrada_fina,cabeza,unica,estable,no_hay,normal,normal,no,no_visible,correctos,20_a_50,exterior_continental,primeros_meses,sobrecarga,original,desplazamiento_lateral,solido,humedo,58
forjado_unidireccional,horizontal,abierta,cara_inferior,unica,estable,no_hay,manchas_oxido,normal,no,manchas_oxido,correctos,5_a_20,exterior_continental,primeros_meses,sobrecarga,original,flecha_abajo,solido,seco,45
tabique_cerramiento,vertical,cerrada_fina,esquinas,multiples_distintos_planos,aparecio_de_golpe,no_hay,normal,disgregado,parcialmente,manchas_oxido,correctos,5_a_20,sumergido,durante_construccion,sobrecarga,original,flecha_abajo,hueco,seco,9
muro,diagonal_45,cerrada_fina,esquinas,multiples_paralelas,estable,no_hay,normal,normal,no,no_visible,correctos,menos_5,exterior_continental,primeras_semanas,sobrecarga,original,no,solido,humedo,71
tabique_cerramiento,diagonal_45_75,cerrada_fina,cabeza,periodica,estable,no_hay,normal,poroso,parcialmente,perdida_seccion,separados,5_a_20,exterior_continental,subita_reciente,sobrecarga,original,flecha_abajo,solido,seco,78
viga,vertical,cerrada_fina,cabeza,unica,estable,no_hay,normal,poroso,parcialmente,manchas_oxido,correctos,5_a_20,costero_marino,durante_construccion,normal,reparada,desplazamiento_lateral,hueco,seco,13
mensula,horizontal,media,centro,multiples_paralelas,estable,recubrimiento_desprendido,manchas_blancas,normal,no,manchas_oxido,correctos,mas_50,costero_marino,primeros_meses,normal,reforzada,no,hueco,seco,34
viga,vertical,abierta,union_otro_elemento,multiples_paralelas,se_cierra_al_alejarse,recubrimiento_desprendido,manchas_oxido,humedo_filtraciones,completamente,oxidada_visible,correctos,5_a_20,costero_marino,subita_reciente,sobrecarga,reparada,flecha_abajo,hueco,salpicadura,26
muro,diagonal_45_75,media,centro,ramificada,estable,no_hay,manchas_blancas,normal,parcialmente,no_visible,correctos,menos_5,exterior_continental,anos_despues,sobrecarga,original,no,diferente_zonas,filtracion_activa,71
vigueta,diagonal_45_75,cerrada_fina,cabeza,multiples_distintos_planos,se_cierra_al_alejarse,no_hay,manchas_oxido,poroso,no,no_visible,correctos,menos_5,costero_marino,subita_reciente,sobrecarga,original,no,solido,seco,90
cimentacion_zapata,red_mapa,abierta,base,ramificada,se_cierra_al_alejarse,no_hay,normal,normal,no,no_visible,correctos,5_a_20,costero_marino,primeras_semanas,normal,original,no,diferente_zonas,humedo,90
tabique_cerramiento,diagonal_45,media,centro,multiples_distintos_planos,aparecio_de_golpe,no_hay,oscurecido,normal,parcialmente,no_visible,desplazados,menos_5,exterior_continental,anos_despues,sobrecarga,original,no,solido,seco,71
cimentacion_zapata,vertical,abierta,base,multiples_paralelas,estable,no_hay,normal,normal,no,no_visible,correctos,menos_5,interior,primeros_meses,normal,original,no,solido,seco,83
cimentacion_zapata,diagonal_45,media,union_otro_elemento,unica,aparecio_de_golpe,no_hay,normal,normal,no,no_visible,correctos,mas_50,exterior_continental,subita_reciente,impacto_sismo,original,flecha_abajo,hueco,humedo,96
voladizo,vertical,media,cara_inferior,periodica,se_abre_con_tiempo,recubrimiento_desprendido,normal,normal,no,manchas_oxido,correctos,20_a_50,sumergido,subita_reciente,sobrecarga,original,flecha_abajo,hueco,seco,45
vigueta,diagonal_45,media,centro,periodica,se_cierra_al_descender,no_hay,manchas_oxido,poroso,no,no_visible,correctos,mas_50,costero_marino,anos_despues,normal,original,no,solido,humedo,65
voladizo,horizontal,media,cara_inferior,multiples_distintos_planos,estable,no_hay,normal,poroso,completamente,oxidada_visible,separados,menos_5,industrial,subita_reciente,descarga,original,flecha_abajo,diferente_zonas,humedo,45
forjado_reticular,vertical,cerrada_fina,cabeza,multiples_distintos_planos,estable,recubrimiento_desprendido,oscurecido,normal,parcialmente,no_visible,correctos,menos_5,interior,durante_construccion,sobrecarga,recien_desencofrada,no,solido,seco,52
pilar,vertical,abierta,cabeza,multiples_distintos_planos,se_cierra_al_descender,no_hay,normal,poroso,parcialmente,perdida_seccion,correctos,mas_50,industrial,anos_despues,impacto_sismo,original,desplazamiento_lateral,hueco,humedo,9
cimentacion_zapata,vertical,media,cabeza,periodica,se_cierra_al_descender,no_hay,normal,normal,no,manchas_oxido,correctos,5_a_20,costero_marino,primeras_semanas,normal,recien_desencofrada,flecha_abajo,diferente_zonas,seco,92
muro,horizontal,abierta,cabeza,multiples_paralelas,se_cierra_al_descender,no_hay,normal,normal,no,manchas_oxido,correctos,5_a_20,interior,subita_reciente,sobrecarga,original,desplazamiento_lateral,diferente_zonas,seco,33
vigueta,sin_fisura,cerrada_fina,cabeza,unica,estable,perdida_seccion,normal,normal,parcialmente,oxidada_visible,correctos,5_a_20,interior,durante_construccion,normal,recien_desencofrada,flecha_abajo,hueco,seco,41
pilar,vertical,media,union_otro_elemento,periodica,aparecio_de_golpe,no_hay,normal,normal,completamente,no_visible,correctos,menos_5,industrial,primeras_semanas,descarga,recien_desencofrada,no,diferente_zonas,filtracion_activa,14
viga,horizontal,cerrada_fina,centro,ramificada,aparecio_de_golpe,desmoronandose,manchas_oxido,disgregado,no,manchas_oxido,correctos,mas_50,costero_marino,subita_reciente,sobrecarga,original,no,solido,seco,60
forjado_unidireccional,vertical,media,cara_inferior,unica,se_abre_con_tiempo,no_hay,normal,normal,parcialmente,manchas_oxido,correctos,5_a_20,sumergido,durante_construccion,normal,reparada,no,solido,seco,62
forjado_unidireccional,diagonal_45,cerrada_fina,cara_inferior,multiples_paralelas,se_abre_con_tiempo,no_hay,manchas_blancas,normal,parcialmente,no_visible,separados,5_a_20,interior,durante_construccion,impacto_sismo,original,no,solido,seco,64
tabique_cerramiento,vertical,cerrada_fina,cara_inferior,multiples_distintos_planos,se_abre_con_tiempo,no_hay,manchas_oxido,normal,no,no_visible,correctos,5_a_20,exterior_continental,primeros_meses,normal,reforzada,aplastamiento,solido,seco,57
voladizo,red_mapa,media,cara_inferior,multiples_distintos_planos,estable,no_hay,normal,normal,parcialmente,oxidada_visible,correctos,5_a_20,costero_marino,anos_despues,normal,original,desplazamiento_lateral,diferente_zonas,seco,74
viga,diagonal_45,media,cabeza,ramificada,estable,no_hay,normal,normal,no,no_visible,ausentes,5_a_20,sumergido,durante_construccion,normal,original,desplazamiento_lateral,hueco,seco,31
cimentacion_zapata,diagonal_45,abierta,base,unica,aparecio_de_golpe,no_hay,manchas_blancas,normal,no,no_visible,correctos,20_a_50,exterior_continental,subita_reciente,sobrecarga,reforzada,flecha_abajo,solido,humedo,86
tabique_cerramiento,diagonal_45_75,media,cabeza,ramificada,se_cierra_al_alejarse,recubrimiento_desprendido,normal,poroso,no,no_visible,correctos,menos_5,costero_marino,primeras_semanas,normal,original,flecha_abajo,solido,filtracion_activa,77
viga,sin_fisura,cerrada_fina,centro,unica,estable,recubrimiento_desprendido,normal,poroso,completamente,oxidada_visible,correctos,20_a_50,costero_marino,subita_reciente,normal,original,desplazamiento_lateral,hueco,seco,24
voladizo,horizontal,abierta,base,multiples_paralelas,se_cierra_al_descender,no_hay,normal,normal,parcialmente,manchas_oxido,correctos,mas_50,sumergido,primeros_meses,sobrecarga,original,flecha_abajo,diferente_zonas,seco,45
forjado_reticular,horizontal,media,ambas_caras,periodica,se_cierra_al_alejarse,no_hay,oscurecido,normal,no,no_visible,correctos,mas_50,interior,primeras_semanas,sobrecarga,original,flecha_abajo,diferente_zonas,seco,54
viga,diagonal_45_75,media,ambas_caras,multiples_paralelas,se_cierra_al_alejarse,no_hay,manchas_oxido,poroso,no,manchas_oxido,correctos,menos_5,costero_marino,anos_despues,normal,original,desplazamiento_lateral,hueco,salpicadura,26
muro,diagonal_45,cerrada_fina,perimetro,ramificada,se_cierra_al_alejarse,no_hay,normal,normal,no,manchas_oxido,correctos,5_a_20,exterior_continental,primeros_meses,normal,reparada,no,solido,seco,78
viga,diagonal_45,media,cabeza,multiples_distintos_planos,estable,no_hay,normal,normal,no,no_visible,correctos,20_a_50,industrial,anos_despues,normal,original,no,solido,seco,28
cimentacion_zapata,diagonal_45_75,abierta,ambas_caras,ramificada,se_cierra_al_alejarse,no_hay,normal,normal,no,no_visible,separados,5_a_20,interior,durante_construccion,sobrecarga,original,no,solido,seco,86
muro,red_mapa,media,cara_inferior,multiples_distintos_planos,estable,no_hay,normal,normal,parcialmente,oxidada_visible,correctos,20_a_50,exterior_continental,primeras_semanas,normal,original,no,solido,seco,69
cimentacion_zapata,diagonal_45_75,media,ambas_caras,multiples_paralelas,estable,no_hay,normal,normal,no,manchas_oxido,correctos,20_a_50,costero_marino,primeros_meses,normal,original,no,hueco,humedo,91
viga,diagonal_45,cerrada_fina,esquinas,periodica,aparecio_de_golpe,no_hay,manchas_oxido,humedo_filtraciones,completamente,no_visible,separados,menos_5,exterior_continental,durante_construccion,normal,recien_desencofrada,no,diferente_zonas,humedo,25
vigueta,vertical,cerrada_fina,cabeza,unica,aparecio_de_golpe,no_hay,normal,normal,parcialmente,manchas_oxido,correctos,mas_50,industrial,primeras_semanas,normal,recien_desencofrada,no,hueco,humedo,42
pilar,vertical,abierta,cabeza,unica,se_abre_con_tiempo,perdida_seccion,manchas_blancas,normal,parcialmente,no_visible,correctos,menos_5,costero_marino,primeros_meses,impacto_sismo,original,flecha_abajo,diferente_zonas,seco,4
voladizo,horizontal,cerrada_fina,centro,multiples_distintos_planos,aparecio_de_golpe,no_hay,normal,humedo_filtraciones,parcialmente,no_visible,correctos,20_a_50,exterior_continental,subita_reciente,normal,reforzada,desplazamiento_lateral,solido,humedo,79
cimentacion_zapata,red_mapa,abierta,cara_inferior,multiples_paralelas,estable,no_hay,manchas_blancas,normal,no,no_visible,correctos,menos_5,interior,subita_reciente,sobrecarga,reparada,desplazamiento_lateral,diferente_zonas,seco,90
tabique_cerramiento,vertical,cerrada_fina,cara_inferior,periodica,estable,no_hay,normal,poroso,no,no_visible,correctos,menos_5,exterior_continental,primeros_meses,normal,recien_desencofrada,no,solido,seco,73
tabique_cerramiento,diagonal_45,grieta_separacion,perimetro,unica,estable,no_hay,normal,normal,parcialmente,manchas_oxido,correctos,menos_5,exterior_continental,primeras_semanas,normal,original,no,hueco,seco,71
viga,red_mapa,media,base,unica,se_abre_con_tiempo,no_hay,normal,normal,completamente,manchas_oxido,correctos,menos_5,sumergido,primeras_semanas,descarga,recien_desencofrada,no,solido,seco,15
vigueta,diagonal_45,abierta,cabeza,multiples_paralelas,se_cierra_al_descender,no_hay,oscurecido,humedo_filtraciones,parcialmente,manchas_oxido,correctos,20_a_50,costero_marino,anos_despues,normal,original,flecha_abajo,hueco,humedo,37
viga,diagonal_45,media,perimetro,periodica,estable,perdida_seccion,normal,poroso,no,no_visible,separados,mas_50,sumergido,primeras_semanas,normal,original,desplazamiento_lateral,solido,humedo,18
viga,diagonal_45_75,media,esquinas,ramificada,se_cierra_al_descender,recubrimiento_desprendido,oscurecido,normal,completamente,no_visible,ausentes,5_a_20,sumergido,primeros_meses,sobrecarga,original,no,solido,humedo,31
viga,diagonal_45_75,cerrada_fina,union_otro_elemento,ramificada,aparecio_de_golpe,no_hay,normal,normal,no,no_visible,ausentes,5_a_20,exterior_continental,primeras_semanas,normal,reforzada,no,solido,humedo,23
viga,horizontal,media,cabeza,periodica,se_abre_con_tiempo,no_hay,normal,normal,completamente,no_visible,correctos,menos_5,sumergido,durante_construccion,normal,original,desplazamiento_lateral,hueco,seco,13
viga,vertical,cerrada_fina,cabeza,unica,aparecio_de_golpe,no_hay,normal,normal,completamente,no_visible,desplazados,menos_5,interior,durante_construccion,descarga,original,no,solido,seco,14
viga,vertical,cerrada_fina,base,periodica,estable,no_hay,normal,humedo_filtraciones,no,manchas_oxido,correctos,mas_50,exterior_continental,subita_reciente,normal,recien_desencofrada,no,diferente_zonas,humedo,29
viga,diagonal_45,media,union_otro_elemento,periodica,se_abre_con_tiempo,no_hay,normal,normal,no,no_visible,correctos,mas_50,industrial,subita_reciente,normal,original,no,diferente_zonas,humedo,28
viga,horizontal,cerrada_fina,esquinas,ramificada,estable,desmoronandose,manchas_blancas,disgregado,parcialmente,manchas_oxido,desplazados,menos_5,industrial,durante_construccion,normal,original,flecha_abajo,solido,seco,72
viga,horizontal,abierta,cabeza,multiples_paralelas,aparecio_de_golpe,recubrimiento_desprendido,normal,normal,parcialmente,manchas_oxido,separados,5_a_20,industrial,durante_construccion,normal,original,no,hueco,humedo,13
viga,diagonal_45_75,abierta,esquinas,ramificada,se_cierra_al_alejarse,no_hay,normal,normal,no,no_visible,correctos,menos_5,costero_marino,durante_construccion,sobrecarga,original,aplastamiento,solido,seco,16
cimentacion_zapata,vertical,abierta,base,multiples_distintos_planos,estable,desmoronandose,normal,poroso,no,no_visible,correctos,menos_5,costero_marino,primeras_semanas,normal,original,aplastamiento,solido,seco,83
vigueta,vertical,media,esquinas,ramificada,aparecio_de_golpe,recubrimiento_desprendido,manchas_blancas,normal,parcialmente,no_visible,correctos,mas_50,costero_marino,durante_construccion,sobrecarga,original,no,diferente_zonas,seco,42
viga,horizontal,media,cara_inferior,multiples_paralelas,se_abre_con_tiempo,no_hay,manchas_oxido,humedo_filtraciones,no,manchas_oxido,correctos,5_a_20,costero_marino,primeros_meses,sobrecarga,original,no,diferente_zonas,salpicadura,26
forjado_unidireccional,diagonal_45_75,media,ambas_caras,unica,estable,no_hay,normal,normal,no,manchas_oxido,correctos,menos_5,sumergido,durante_construccion,normal,recien_desencofrada,flecha_abajo,solido,seco,49
viga,vertical,cerrada_fina,base,periodica,aparecio_de_golpe,no_hay,manchas_blancas,poroso,no,no_visible,correctos,mas_50,costero_marino,durante_construccion,descarga,reparada,no,solido,humedo,29
forjado_unidireccional,diagonal_45,cerrada_fina,centro,multiples_paralelas,estable,no_hay,normal,normal,no,no_visible,correctos,menos_5,exterior_continental,primeras_semanas,normal,original,flecha_abajo,solido,seco,71
cimentacion_zapata,diagonal_45_75,media,ambas_caras,ramificada,se_cierra_al_alejarse,no_hay,normal,normal,no,no_visible,correctos,20_a_50,exterior_continental,primeras_semanas,sobrecarga,original,desplazamiento_lateral,solido,seco,90
pilar,diagonal_45_75,cerrada_fina,union_otro_elemento,ramificada,aparecio_de_golpe,recubrimiento_desprendido,normal,normal,completamente,oxidada_visible,separados,mas_50,sumergido,subita_reciente,impacto_sismo,reforzada,flecha_abajo,solido,seco,3
viga,diagonal_45,abierta,cara_inferior,multiples_paralelas,se_cierra_al_descender,recubrimiento_desprendido,normal,normal,no,manchas_oxido,correctos,20_a_50,costero_marino,primeras_semanas,sobrecarga,original,no,diferente_zonas,seco,19
cimentacion_zapata,sin_fisura,cerrada_fina,union_otro_elemento,unica,estable,no_hay,normal,normal,no,no_visible,correctos,menos_5,sumergido,primeras_semanas,normal,original,desplazamiento_lateral,hueco,humedo,89
forjado_reticular,sin_fisura,cerrada_fina,union_otro_elemento,unica,estable,recubrimiento_desprendido,normal,poroso,no,manchas_oxido,correctos,menos_5,exterior_continental,primeras_semanas,sobrecarga,recien_desencofrada,flecha_abajo,diferente_zonas,humedo,50
viga,red_mapa,media,ambas_caras,multiples_paralelas,se_cierra_al_alejarse,no_hay,normal,normal,no,manchas_oxido,correctos,mas_50,interior,primeros_meses,normal,original,flecha_abajo,solido,seco,28
voladizo,vertical,media,ambas_caras,periodica,se_cierra_al_descender,recubrimiento_desprendido,normal,poroso,parcialmente,manchas_oxido,correctos,20_a_50,sumergido,primeros_meses,normal,original,no,diferente_zonas,seco,46
viga,diagonal_45_75,grieta_separacion,cabeza,ramificada,aparecio_de_golpe,recubrimiento_desprendido,normal,humedo_filtraciones,parcialmente,manchas_oxido,separados,menos_5,costero_marino,durante_construccion,sobrecarga,original,giro_inclinacion,diferente_zonas,seco,21
pilar,vertical,grieta_separacion,ambas_caras,multiples_distintos_planos,se_abre_con_tiempo,perdida_seccion,normal,normal,no,manchas_oxido,ausentes,menos_5,sumergido,subita_reciente,normal,original,no,hueco,seco,3
viga,sin_fisura,cerrada_fina,esquinas,unica,estable,recubrimiento_desprendido,manchas_oxido,humedo_filtraciones,no,manchas_oxido,separados,menos_5,exterior_continental,durante_construccion,sobrecarga,original,giro_inclinacion,solido,seco,17
cimentacion_zapata,diagonal_45,cerrada_fina,union_otro_elemento,multiples_paralelas,estable,perdida_seccion,normal,normal,no,no_visible,correctos,5_a_20,interior,durante_construccion,sobrecarga,original,no,solido,seco,88
cimentacion_zapata,diagonal_45,media,base,periodica,estable,no_hay,normal,normal,no,manchas_oxido,correctos,mas_50,interior,primeras_semanas,sobrecarga,original,flecha_abajo,solido,seco,86
cimentacion_zapata,red_mapa,grieta_separacion,esquinas,ramificada,estable,no_hay,normal,normal,no,no_visible,separados,menos_5,costero_marino,durante_construccion,normal,original,desplazamiento_lateral,solido,humedo,94
pilar,vertical,abierta,esquinas,multiples_distintos_planos,estable,no_hay,normal,poroso,no,no_visible,correctos,5_a_20,sumergido,subita_reciente,sobrecarga,recien_desencofrada,desplazamiento_lateral,diferente_zonas,seco,16
pilar,diagonal_45_75,cerrada_fina,esquinas,periodica,aparecio_de_golpe,recubrimiento_desprendido,manchas_oxido,poroso,parcialmente,no_visible,correctos,5_a_20,sumergido,subita_reciente,normal,reparada,no,solido,humedo,10
pilar,horizontal,abierta,base,ramificada,se_cierra_al_alejarse,no_hay,normal,normal,no,manchas_oxido,correctos,mas_50,industrial,durante_construccion,sobrecarga,original,no,solido,seco,7
voladizo,red_mapa,cerrada_fina,centro,multiples_distintos_planos,estable,no_hay,normal,normal,no,no_visible,correctos,20_a_50,exterior_continental,anos_despues,normal,original,no,solido,salpicadura,68
muro,diagonal_45,cerrada_fina,esquinas,unica,se_cierra_al_alejarse,recubrimiento_desprendido,normal,normal,no,no_visible,correctos,menos_5,sumergido,subita_reciente,normal,recien_desencofrada,no,solido,humedo,75
forjado_unidireccional,horizontal,cerrada_fina,perimetro,unica,aparecio_de_golpe,recubrimiento_desprendido,manchas_oxido,normal,no,manchas_oxido,correctos,5_a_20,interior,primeras_semanas,normal,original,no,solido,seco,72
muro,red_mapa,cerrada_fina,esquinas,multiples_distintos_planos,estable,no_hay,normal,normal,no,no_visible,separados,menos_5,exterior_continental,subita_reciente,sobrecarga,original,no,diferente_zonas,filtracion_activa,73
pilar,red_mapa,abierta,base,periodica,estable,desmoronandose,oscurecido,disgregado,parcialmente,perdida_seccion,separados,20_a_50,industrial,durante_construccion,normal,original,flecha_abajo,diferente_zonas,seco,2
cimentacion_zapata,vertical,cerrada_fina,base,multiples_distintos_planos,se_abre_con_tiempo,no_hay,normal,normal,no,no_visible,separados,5_a_20,exterior_continental,subita_reciente,normal,original,no,diferente_zonas,seco,89
mensula,vertical,media,union_otro_elemento,unica,aparecio_de_golpe,no_hay,manchas_blancas,humedo_filtraciones,completamente,no_visible,ausentes,menos_5,costero_marino,anos_despues,sobrecarga,recien_desencofrada,no,solido,humedo,25
viga,red_mapa,media,ambas_caras,unica,aparecio_de_golpe,perdida_seccion,normal,normal,parcialmente,oxidada_visible,separados,5_a_20,exterior_continental,subita_reciente,normal,original,no,hueco,humedo,22
tabique_cerramiento,diagonal_45_75,abierta,base,multiples_distintos_planos,aparecio_de_golpe,no_hay,normal,disgregado,parcialmente,oxidada_visible,separados,20_a_50,sumergido,subita_reciente,sobrecarga,original,no,solido,humedo,20
viga,diagonal_45,media,esquinas,unica,se_abre_con_tiempo,no_hay,normal,poroso,parcialmente,no_visible,separados,mas_50,costero_marino,primeros_meses,normal,original,giro_inclinacion,diferente_zonas,seco,31
viga,diagonal_45_75,cerrada_fina,base,multiples_paralelas,aparecio_de_golpe,recubrimiento_desprendido,normal,humedo_filtraciones,no,no_visible,correctos,mas_50,sumergido,anos_despues,normal,original,no,solido,humedo,29
pilar,red_mapa,grieta_separacion,esquinas,multiples_distintos_planos,se_abre_con_tiempo,perdida_seccion,oscurecido,normal,completamente,manchas_oxido,separados,5_a_20,interior,durante_construccion,normal,original,no,diferente_zonas,humedo,1
tabique_cerramiento,diagonal_45,cerrada_fina,esquinas,periodica,estable,perdida_seccion,normal,humedo_filtraciones,completamente,no_visible,correctos,menos_5,sumergido,primeros_meses,normal,reparada,flecha_abajo,solido,humedo,77
vigueta,sin_fisura,cerrada_fina,cabeza,unica,estable,no_hay,manchas_blancas,humedo_filtraciones,parcialmente,manchas_oxido,separados,menos_5,exterior_continental,durante_construccion,normal,recien_desencofrada,no,diferente_zonas,humedo,40
tabique_cerramiento,red_mapa,media,centro,multiples_paralelas,se_cierra_al_alejarse,no_hay,normal,poroso,no,no_visible,separados,20_a_50,exterior_continental,subita_reciente,sobrecarga,original,no,solido,humedo,79
voladizo,red_mapa,cerrada_fina,cabeza,ramificada,se_cierra_al_descender,desmoronandose,normal,poroso,completamente,no_visible,correctos,mas_50,interior,subita_reciente,descarga,reforzada,aplastamiento,solido,seco,58
tabique_cerramiento,diagonal_45_75,cerrada_fina,esquinas,unica,estable,no_hay,manchas_blancas,humedo_filtraciones,no,no_visible,separados,5_a_20,sumergido,primeros_meses,sobrecarga,original,flecha_abajo,solido,humedo,77
muro,vertical,cerrada_fina,union_otro_elemento,multiples_paralelas,aparecio_de_golpe,recubrimiento_desprendido,normal,normal,no,no_visible,correctos,5_a_20,industrial,primeros_meses,sobrecarga,original,desplazamiento_lateral,solido,seco,92
forjado_reticular,red_mapa,cerrada_fina,cara_inferior,periodica,se_abre_con_tiempo,no_hay,normal,normal,completamente,oxidada_visible,correctos,5_a_20,sumergido,primeras_semanas,descarga,original,no,solido,seco,63
muro,diagonal_45_75,media,esquinas,multiples_paralelas,estable,no_hay,manchas_oxido,humedo_filtraciones,parcialmente,no_visible,correctos,menos_5,costero_marino,primeras_semanas,normal,reforzada,no,solido,humedo,77
viga,sin_fisura,cerrada_fina,cabeza,unica,estable,no_hay,normal,normal,no,no_visible,separados,menos_5,exterior_continental,durante_construccion,sobrecarga,recien_desencofrada,no,solido,humedo,27
viga,diagonal_45_75,grieta_separacion,base,unica,aparecio_de_golpe,desmoronandose,normal,disgregado,parcialmente,manchas_oxido,ausentes,menos_5,industrial,durante_construccion,normal,recien_desencofrada,giro_inclinacion,diferente_zonas,seco,21
viga,diagonal_45,abierta,union_otro_elemento,multiples_distintos_planos,se_cierra_al_descender,perdida_seccion,manchas_oxido,normal,parcialmente,manchas_oxido,correctos,menos_5,interior,primeros_meses,normal,original,no,solido,seco,18
vigueta,red_mapa,media,ambas_caras,ramificada,se_cierra_al_alejarse,no_hay,normal,poroso,completamente,manchas_oxido,correctos,mas_50,costero_marino,primeros_meses,normal,original,desplazamiento_lateral,solido,salpicadura,43
viga,diagonal_45_75,cerrada_fina,perimetro,multiples_distintos_planos,se_abre_con_tiempo,recubrimiento_desprendido,manchas_blancas,disgregado,no,no_visible,ausentes,mas_50,industrial,anos_despues,normal,reparada,no,solido,humedo,59
forjado_unidireccional,diagonal_45_75,cerrada_fina,centro,multiples_distintos_planos,se_cierra_al_alejarse,no_hay,manchas_blancas,normal,no,no_visible,correctos,20_a_50,costero_marino,primeras_semanas,sobrecarga,original,no,solido,seco,66
cimentacion_zapata,vertical,media,centro,unica,se_cierra_al_descender,desmoronandose,normal,poroso,parcialmente,no_visible,correctos,20_a_50,sumergido,primeros_meses,normal,reforzada,no,solido,seco,60
tabique_cerramiento,diagonal_45_75,cerrada_fina,union_otro_elemento,multiples_paralelas,se_cierra_al_alejarse,recubrimiento_desprendido,manchas_oxido,poroso,no,no_visible,ausentes,20_a_50,interior,anos_despues,sobrecarga,reforzada,desplazamiento_lateral,diferente_zonas,humedo,55
cimentacion_zapata,diagonal_45,cerrada_fina,base,multiples_paralelas,se_abre_con_tiempo,no_hay,manchas_blancas,humedo_filtraciones,completamente,perdida_seccion,correctos,menos_5,costero_marino,subita_reciente,sobrecarga,reparada,no,solido,humedo,29
cimentacion_zapata,diagonal_45,media,perimetro,periodica,aparecio_de_golpe,no_hay,manchas_oxido,poroso,no,no_visible,correctos,mas_50,sumergido,durante_construccion,normal,original,desplazamiento_lateral,diferente_zonas,filtracion_activa,82
viga,sin_fisura,cerrada_fina,cara_inferior,unica,estable,no_hay,normal,poroso,parcialmente,manchas_oxido,separados,menos_5,sumergido,durante_construccion,sobrecarga,recien_desencofrada,flecha_abajo,diferente_zonas,seco,15
pilar,sin_fisura,cerrada_fina,base,unica,estable,desmoronandose,normal,disgregado,completamente,no_visible,separados,menos_5,costero_marino,primeras_semanas,normal,recien_desencofrada,desplazamiento_lateral,diferente_zonas,seco,2
viga,red_mapa,grieta_separacion,perimetro,multiples_paralelas,aparecio_de_golpe,recubrimiento_desprendido,normal,normal,completamente,manchas_oxido,separados,20_a_50,industrial,durante_construccion,normal,original,desplazamiento_lateral,diferente_zonas,seco,22
cimentacion_zapata,sin_fisura,cerrada_fina,centro,unica,estable,no_hay,normal,normal,no,manchas_oxido,correctos,menos_5,industrial,primeras_semanas,normal,recien_desencofrada,flecha_abajo,hueco,seco,50
forjado_unidireccional,horizontal,cerrada_fina,union_otro_elemento,unica,se_cierra_al_descender,no_hay,normal,normal,no,no_visible,correctos,5_a_20,sumergido,anos_despues,impacto_sismo,original,no,diferente_zonas,seco,70
voladizo,red_mapa,abierta,union_otro_elemento,multiples_distintos_planos,se_cierra_al_descender,recubrimiento_desprendido,normal,normal,completamente,oxidada_visible,correctos,20_a_50,exterior_continental,primeras_semanas,normal,original,no,hueco,seco,46
muro,diagonal_45,abierta,cara_inferior,periodica,aparecio_de_golpe,perdida_seccion,normal,normal,no,manchas_oxido,ausentes,menos_5,industrial,durante_construccion,sobrecarga,recien_desencofrada,giro_inclinacion,hueco,seco,21
voladizo,horizontal,cerrada_fina,cara_inferior,ramificada,se_cierra_al_descender,no_hay,manchas_blancas,normal,no,no_visible,correctos,mas_50,costero_marino,primeros_meses,sobrecarga,original,flecha_abajo,solido,humedo,28
viga,sin_fisura,cerrada_fina,centro,unica,estable,no_hay,manchas_oxido,normal,completamente,oxidada_visible,correctos,mas_50,interior,primeras_semanas,normal,original,no,solido,seco,30
forjado_unidireccional,vertical,cerrada_fina,cara_inferior,multiples_paralelas,aparecio_de_golpe,no_hay,normal,normal,no,manchas_oxido,correctos,menos_5,costero_marino,primeros_meses,descarga,reparada,no,solido,seco,63
voladizo,diagonal_45,grieta_separacion,cara_inferior,unica,aparecio_de_golpe,no_hay,normal,normal,parcialmente,no_visible,correctos,mas_50,industrial,durante_construccion,sobrecarga,original,no,diferente_zonas,seco,48
cimentacion_zapata,diagonal_45_75,media,base,ramificada,aparecio_de_golpe,no_hay,normal,humedo_filtraciones,completamente,no_visible,separados,menos_5,sumergido,durante_construccion,sobrecarga,recien_desencofrada,flecha_abajo,solido,humedo,25
tabique_cerramiento,red_mapa,cerrada_fina,centro,multiples_distintos_planos,estable,no_hay,normal,normal,no,no_visible,correctos,mas_50,exterior_continental,primeros_meses,normal,original,no,solido,seco,68
pilar,red_mapa,cerrada_fina,perimetro,periodica,aparecio_de_golpe,no_hay,normal,humedo_filtraciones,no,no_visible,separados,20_a_50,sumergido,durante_construccion,normal,original,flecha_abajo,diferente_zonas,filtracion_activa,10
viga,diagonal_45_75,cerrada_fina,ambas_caras,multiples_paralelas,se_abre_con_tiempo,recubrimiento_desprendido,normal,normal,parcialmente,no_visible,correctos,mas_50,costero_marino,primeras_semanas,sobrecarga,original,no,solido,seco,64
tabique_cerramiento,vertical,cerrada_fina,cara_inferior,unica,aparecio_de_golpe,recubrimiento_desprendido,normal,poroso,no,no_visible,separados,mas_50,industrial,primeros_meses,sobrecarga,original,aplastamiento,solido,seco,60
pilar,vertical,abierta,esquinas,ramificada,aparecio_de_golpe,perdida_seccion,normal,normal,parcialmente,manchas_oxido,separados,mas_50,exterior_continental,durante_construccion,normal,reparada,flecha_abajo,solido,seco,1
muro,diagonal_45,abierta,esquinas,multiples_paralelas,se_abre_con_tiempo,recubrimiento_desprendido,oscurecido,normal,parcialmente,oxidada_visible,separados,mas_50,sumergido,primeras_semanas,normal,reparada,desplazamiento_lateral,solido,seco,18
pilar,red_mapa,media,esquinas,multiples_paralelas,aparecio_de_golpe,recubrimiento_desprendido,normal,normal,completamente,manchas_oxido,desplazados,menos_5,costero_marino,subita_reciente,sobrecarga,original,desplazamiento_lateral,diferente_zonas,seco,1
tabique_cerramiento,vertical,media,ambas_caras,multiples_distintos_planos,estable,no_hay,normal,normal,parcialmente,manchas_oxido,desplazados,menos_5,costero_marino,primeros_meses,normal,reforzada,aplastamiento,solido,humedo,74
cimentacion_zapata,diagonal_45,cerrada_fina,perimetro,periodica,aparecio_de_golpe,no_hay,normal,disgregado,no,no_visible,correctos,menos_5,interior,durante_construccion,normal,original,flecha_abajo,solido,humedo,91
tabique_cerramiento,horizontal,cerrada_fina,perimetro,multiples_distintos_planos,se_cierra_al_alejarse,no_hay,normal,normal,no,no_visible,correctos,20_a_50,costero_marino,anos_despues,normal,original,no,solido,seco,72
pilar,red_mapa,cerrada_fina,cabeza,multiples_distintos_planos,se_abre_con_tiempo,no_hay,manchas_blancas,normal,completamente,no_visible,correctos,menos_5,costero_marino,durante_construccion,normal,recien_desencofrada,no,solido,seco,14
viga,diagonal_45,cerrada_fina,centro,multiples_paralelas,se_cierra_al_alejarse,no_hay,normal,normal,no,no_visible,ausentes,5_a_20,industrial,primeros_meses,sobrecarga,original,flecha_abajo,solido,seco,62
vigueta,vertical,media,esquinas,multiples_distintos_planos,se_abre_con_tiempo,no_hay,normal,normal,parcialmente,oxidada_visible,correctos,mas_50,interior,primeros_meses,normal,original,no,diferente_zonas,seco,24
voladizo,red_mapa,cerrada_fina,base,multiples_paralelas,aparecio_de_golpe,no_hay,normal,normal,no,no_visible,correctos,mas_50,interior,subita_reciente,normal,original,no,diferente_zonas,seco,47
voladizo,diagonal_45,abierta,cara_inferior,multiples_distintos_planos,se_abre_con_tiempo,recubrimiento_desprendido,manchas_oxido,normal,parcialmente,no_visible,correctos,menos_5,costero_marino,subita_reciente,normal,original,no,solido,humedo,48
viga,horizontal,cerrada_fina,cabeza,multiples_paralelas,aparecio_de_golpe,no_hay,normal,normal,completamente,no_visible,correctos,menos_5,exterior_continental,durante_construccion,normal,recien_desencofrada,no,solido,seco,14
forjado_unidireccional,diagonal_45,abierta,centro,ramificada,se_cierra_al_alejarse,no_hay,normal,normal,no,no_visible,correctos,5_a_20,exterior_continental,primeros_meses,normal,original,no,solido,seco,71
vigueta,sin_fisura,cerrada_fina,cara_inferior,unica,estable,no_hay,normal,humedo_filtraciones,parcialmente,oxidada_visible,correctos,20_a_50,costero_marino,durante_construccion,normal,reparada,no,solido,salpicadura,43
cimentacion_zapata,red_mapa,cerrada_fina,centro,ramificada,se_cierra_al_alejarse,no_hay,oscurecido,normal,no,no_visible,ausentes,5_a_20,costero_marino,anos_despues,descarga,original,no,solido,seco,94
cimentacion_zapata,diagonal_45,cerrada_fina,cabeza,ramificada,estable,no_hay,normal,normal,parcialmente,no_visible,correctos,5_a_20,exterior_continental,anos_despues,normal,original,no,solido,seco,78
muro,vertical,cerrada_fina,cara_inferior,periodica,estable,recubrimiento_desprendido,normal,poroso,parcialmente,no_visible,separados,mas_50,costero_marino,anos_despues,normal,original,desplazamiento_lateral,diferente_zonas,humedo,82
pilar,horizontal,media,union_otro_elemento,unica,aparecio_de_golpe,no_hay,normal,normal,no,manchas_oxido,correctos,menos_5,exterior_continental,subita_reciente,sobrecarga,original,flecha_abajo,diferente_zonas,seco,7
muro,sin_fisura,cerrada_fina,esquinas,unica,estable,no_hay,normal,poroso,no,no_visible,correctos,mas_50,costero_marino,subita_reciente,sobrecarga,original,no,solido,humedo,80
viga,diagonal_45,media,base,ramificada,aparecio_de_golpe,perdida_seccion,normal,normal,completamente,oxidada_visible,desplazados,20_a_50,exterior_continental,subita_reciente,sobrecarga,original,desplazamiento_lateral,diferente_zonas,filtracion_activa,20
mensula,horizontal,cerrada_fina,base,ramificada,se_cierra_al_descender,no_hay,normal,normal,no,no_visible,correctos,menos_5,exterior_continental,primeros_meses,normal,reforzada,no,solido,filtracion_activa,36
tabique_cerramiento,diagonal_45,cerrada_fina,cara_inferior,ramificada,aparecio_de_golpe,recubrimiento_desprendido,manchas_blancas,normal,no,no_visible,correctos,mas_50,costero_marino,durante_construccion,sobrecarga,original,no,solido,seco,64
pilar,horizontal,grieta_separacion,cabeza,unica,estable,perdida_seccion,normal,normal,completamente,no_visible,ausentes,mas_50,sumergido,anos_despues,normal,original,flecha_abajo,hueco,seco,4
tabique_cerramiento,horizontal,cerrada_fina,cara_inferior,ramificada,estable,no_hay,normal,poroso,parcialmente,no_visible,correctos,5_a_20,sumergido,subita_reciente,normal,original,no,solido,seco,76
vigueta,horizontal,abierta,ambas_caras,ramificada,se_cierra_al_alejarse,no_hay,normal,humedo_filtraciones,parcialmente,manchas_oxido,correctos,menos_5,costero_marino,subita_reciente,sobrecarga,original,desplazamiento_lateral,hueco,salpicadura,43
tabique_cerramiento,red_mapa,cerrada_fina,ambas_caras,multiples_paralelas,estable,no_hay,normal,normal,no,no_visible,correctos,menos_5,exterior_continental,subita_reciente,normal,original,no,diferente_zonas,seco,73
cimentacion_zapata,diagonal_45,grieta_separacion,esquinas,periodica,estable,recubrimiento_desprendido,normal,disgregado,parcialmente,oxidada_visible,correctos,mas_50,sumergido,primeros_meses,normal,reforzada,no,solido,humedo,84
pilar,vertical,abierta,cara_inferior,ramificada,estable,no_hay,normal,normal,no,no_visible,correctos,5_a_20,sumergido,anos_despues,impacto_sismo,original,desplazamiento_lateral,hueco,seco,16
voladizo,red_mapa,media,ambas_caras,multiples_distintos_planos,se_abre_con_tiempo,no_hay,oscurecido,normal,no,manchas_oxido,correctos,mas_50,sumergido,primeras_semanas,normal,reparada,no,solido,seco,69
cimentacion_zapata,horizontal,media,cabeza,multiples_paralelas,se_abre_con_tiempo,recubrimiento_desprendido,normal,poroso,parcialmente,no_visible,correctos,mas_50,industrial,primeros_meses,sobrecarga,original,aplastamiento,solido,seco,92
mensula,red_mapa,abierta,cabeza,periodica,se_cierra_al_alejarse,recubrimiento_desprendido,normal,normal,parcialmente,no_visible,correctos,20_a_50,industrial,anos_despues,sobrecarga,original,no,diferente_zonas,humedo,34
viga,red_mapa,media,cara_inferior,multiples_distintos_planos,se_cierra_al_alejarse,no_hay,normal,normal,parcialmente,oxidada_visible,correctos,menos_5,industrial,primeras_semanas,sobrecarga,recien_desencofrada,no,diferente_zonas,humedo,15
tabique_cerramiento,diagonal_45_75,cerrada_fina,ambas_caras,ramificada,estable,no_hay,manchas_blancas,normal,no,no_visible,correctos,20_a_50,costero_marino,durante_construccion,normal,reparada,no,solido,salpicadura,94
vigueta,sin_fisura,cerrada_fina,centro,unica,estable,recubrimiento_desprendido,normal,normal,parcialmente,manchas_oxido,separados,20_a_50,interior,subita_reciente,sobrecarga,original,no,solido,seco,44
voladizo,vertical,grieta_separacion,union_otro_elemento,unica,se_abre_con_tiempo,recubrimiento_desprendido,manchas_blancas,normal,no,manchas_oxido,correctos,20_a_50,exterior_continental,durante_construccion,normal,reparada,no,hueco,seco,46
vigueta,red_mapa,media,union_otro_elemento,multiples_paralelas,estable,desmoronandose,normal,poroso,no,no_visible,correctos,5_a_20,exterior_continental,durante_construccion,normal,reforzada,no,diferente_zonas,seco,52
tabique_cerramiento,vertical,grieta_separacion,esquinas,unica,se_cierra_al_descender,recubrimiento_desprendido,normal,poroso,parcialmente,manchas_oxido,correctos,menos_5,industrial,primeros_meses,normal,original,no,diferente_zonas,seco,4
cimentacion_zapata,diagonal_45,grieta_separacion,cabeza,periodica,se_cierra_al_alejarse,perdida_seccion,manchas_oxido,normal,parcialmente,manchas_oxido,correctos,20_a_50,industrial,anos_despues,normal,original,desplazamiento_lateral,hueco,seco,84
muro,diagonal_45,media,cara_inferior,multiples_paralelas,estable,recubrimiento_desprendido,normal,normal,no,no_visible,separados,mas_50,industrial,durante_construccion,normal,original,flecha_abajo,solido,seco,96
forjado_unidireccional,diagonal_45_75,abierta,base,ramificada,se_abre_con_tiempo,recubrimiento_desprendido,normal,normal,parcialmente,manchas_oxido,separados,menos_5,sumergido,durante_construccion,normal,original,no,diferente_zonas,seco,51
tabique_cerramiento,diagonal_45_75,media,esquinas,periodica,estable,recubrimiento_desprendido,normal,normal,no,no_visible,correctos,menos_5,sumergido,primeros_meses,sobrecarga,reforzada,no,solido,salpicadura,75
viga,sin_fisura,cerrada_fina,ambas_caras,unica,estable,no_hay,manchas_blancas,humedo_filtraciones,parcialmente,no_visible,ausentes,5_a_20,sumergido,durante_construccion,normal,recien_desencofrada,no,solido,filtracion_activa,25
muro,diagonal_45,media,union_otro_elemento,multiples_distintos_planos,se_cierra_al_descender,no_hay,normal,normal,parcialmente,no_visible,separados,mas_50,industrial,durante_construccion,normal,reparada,flecha_abajo,diferente_zonas,humedo,96
pilar,horizontal,grieta_separacion,cabeza,multiples_paralelas,se_cierra_al_descender,recubrimiento_desprendido,manchas_blancas,disgregado,completamente,no_visible,separados,menos_5,exterior_continental,durante_construccion,normal,original,desplazamiento_lateral,hueco,seco,5
viga,vertical,cerrada_fina,base,multiples_paralelas,se_abre_con_tiempo,recubrimiento_desprendido,manchas_oxido,humedo_filtraciones,no,no_visible,correctos,5_a_20,exterior_continental,primeras_semanas,normal,original,no,solido,filtracion_activa,29
viga,diagonal_45,media,esquinas,unica,aparecio_de_golpe,recubrimiento_desprendido,manchas_oxido,humedo_filtraciones,parcialmente,no_visible,ausentes,menos_5,costero_marino,subita_reciente,normal,recien_desencofrada,no,solido,humedo,25
viga,diagonal_45,abierta,perimetro,multiples_paralelas,aparecio_de_golpe,perdida_seccion,manchas_blancas,poroso,parcialmente,manchas_oxido,correctos,20_a_50,industrial,anos_despues,descarga,original,desplazamiento_lateral,diferente_zonas,seco,18
muro,diagonal_45,media,base,unica,estable,no_hay,manchas_oxido,normal,no,no_visible,correctos,menos_5,costero_marino,primeros_meses,normal,reparada,no,solido,seco,88
viga,horizontal,media,cara_inferior,unica,estable,no_hay,normal,normal,no,manchas_oxido,correctos,menos_5,sumergido,primeras_semanas,impacto_sismo,original,desplazamiento_lateral,hueco,seco,16
pilar,diagonal_45,abierta,cabeza,unica,se_cierra_al_descender,perdida_seccion,normal,normal,completamente,no_visible,separados,menos_5,costero_marino,primeras_semanas,sobrecarga,recien_desencofrada,desplazamiento_lateral,diferente_zonas,seco,5
tabique_cerramiento,vertical,abierta,cabeza,multiples_distintos_planos,se_cierra_al_descender,recubrimiento_desprendido,normal,normal,parcialmente,no_visible,desplazados,menos_5,interior,primeras_semanas,normal,recien_desencofrada,giro_inclinacion,hueco,seco,8
forjado_unidireccional,diagonal_45,cerrada_fina,cara_inferior,periodica,aparecio_de_golpe,no_hay,normal,normal,no,no_visible,correctos,mas_50,industrial,primeros_meses,normal,reforzada,no,solido,seco,64
muro,diagonal_45,cerrada_fina,union_otro_elemento,unica,se_abre_con_tiempo,no_hay,manchas_blancas,normal,parcialmente,no_visible,correctos,20_a_50,sumergido,primeras_semanas,normal,reparada,giro_inclinacion,diferente_zonas,humedo,89
viga,diagonal_45,media,cabeza,unica,aparecio_de_golpe,recubrimiento_desprendido,manchas_oxido,normal,no,no_visible,desplazados,menos_5,industrial,primeras_semanas,normal,original,no,solido,seco,27
cimentacion_zapata,diagonal_45_75,media,base,unica,se_cierra_al_descender,no_hay,normal,normal,no,no_visible,correctos,mas_50,exterior_continental,anos_despues,normal,original,no,diferente_zonas,seco,91
cimentacion_zapata,diagonal_45,abierta,centro,multiples_distintos_planos,se_cierra_al_descender,no_hay,normal,normal,parcialmente,no_visible,correctos,5_a_20,interior,subita_reciente,normal,original,no,solido,humedo,93
forjado_unidireccional,horizontal,media,union_otro_elemento,multiples_paralelas,aparecio_de_golpe,no_hay,manchas_oxido,humedo_filtraciones,parcialmente,no_visible,correctos,20_a_50,exterior_continental,subita_reciente,sobrecarga,recien_desencofrada,no,solido,humedo,65
muro,sin_fisura,cerrada_fina,centro,unica,estable,no_hay,normal,normal,parcialmente,no_visible,desplazados,menos_5,interior,primeras_semanas,sobrecarga,recien_desencofrada,no,solido,seco,27
viga,diagonal_45_75,cerrada_fina,cara_inferior,multiples_paralelas,se_cierra_al_alejarse,no_hay,normal,normal,no,manchas_oxido,correctos,mas_50,exterior_continental,anos_despues,sobrecarga,original,no,solido,humedo,64
forjado_reticular,diagonal_45,media,union_otro_elemento,multiples_paralelas,se_cierra_al_descender,perdida_seccion,normal,normal,parcialmente,no_visible,correctos,menos_5,exterior_continental,durante_construccion,normal,reparada,no,hueco,seco,56
viga,vertical,media,union_otro_elemento,multiples_paralelas,se_abre_con_tiempo,no_hay,normal,normal,no,manchas_oxido,correctos,mas_50,industrial,durante_construccion,normal,original,no,hueco,seco,32
muro,diagonal_45,media,base,unica,se_cierra_al_descender,no_hay,normal,humedo_filtraciones,no,no_visible,correctos,menos_5,exterior_continental,durante_construccion,normal,reforzada,desplazamiento_lateral,hueco,humedo,82
pilar,horizontal,media,esquinas,unica,aparecio_de_golpe,perdida_seccion,normal,normal,completamente,manchas_oxido,desplazados,mas_50,exterior_continental,subita_reciente,sobrecarga,original,no,solido,seco,1
muro,red_mapa,media,union_otro_elemento,multiples_paralelas,aparecio_de_golpe,recubrimiento_desprendido,manchas_oxido,humedo_filtraciones,no,no_visible,correctos,mas_50,sumergido,subita_reciente,normal,reforzada,no,solido,humedo,79
forjado_unidireccional,diagonal_45_75,media,union_otro_elemento,unica,se_abre_con_tiempo,no_hay,normal,normal,no,no_visible,correctos,menos_5,sumergido,primeros_meses,descarga,reparada,desplazamiento_lateral,hueco,seco,96
pilar,red_mapa,cerrada_fina,union_otro_elemento,unica,aparecio_de_golpe,recubrimiento_desprendido,oscurecido,normal,parcialmente,no_visible,correctos,menos_5,industrial,durante_construccion,normal,recien_desencofrada,no,diferente_zonas,humedo,14
viga,diagonal_45,grieta_separacion,ambas_caras,multiples_paralelas,se_abre_con_tiempo,perdida_seccion,manchas_blancas,poroso,parcialmente,manchas_oxido,separados,menos_5,industrial,durante_construccion,sobrecarga,original,giro_inclinacion,diferente_zonas,seco,17
muro,diagonal_45_75,grieta_separacion,base,ramificada,aparecio_de_golpe,no_hay,manchas_oxido,humedo_filtraciones,no,no_visible,correctos,5_a_20,costero_marino,subita_reciente,normal,original,giro_inclinacion,hueco,filtracion_activa,87
muro,diagonal_45,media,esquinas,unica,estable,recubrimiento_desprendido,normal,poroso,parcialmente,perdida_seccion,separados,menos_5,costero_marino,primeros_meses,normal,original,no,solido,filtracion_activa,77
cimentacion_zapata,diagonal_45_75,grieta_separacion,union_otro_elemento,unica,se_abre_con_tiempo,no_hay,manchas_blancas,normal,parcialmente,no_visible,correctos,20_a_50,industrial,durante_construccion,sobrecarga,original,no,diferente_zonas,seco,88
vigueta,vertical,abierta,cabeza,ramificada,aparecio_de_golpe,desmoronandose,normal,disgregado,no,no_visible,correctos,menos_5,exterior_continental,durante_construccion,normal,original,no,diferente_zonas,seco,38
viga,diagonal_45,abierta,cabeza,unica,se_abre_con_tiempo,recubrimiento_desprendido,normal,normal,no,manchas_oxido,correctos,mas_50,interior,durante_construccion,normal,original,flecha_abajo,solido,humedo,24
forjado_reticular,horizontal,media,ambas_caras,multiples_distintos_planos,estable,no_hay,normal,normal,no,manchas_oxido,correctos,menos_5,exterior_continental,primeras_semanas,normal,original,desplazamiento_lateral,diferente_zonas,seco,74
forjado_unidireccional,diagonal_45,cerrada_fina,base,ramificada,se_cierra_al_alejarse,no_hay,manchas_oxido,normal,no,manchas_oxido,correctos,mas_50,interior,durante_construccion,normal,original,flecha_abajo,solido,seco,59
viga,vertical,grieta_separacion,base,ramificada,aparecio_de_golpe,no_hay,normal,normal,no,manchas_oxido,ausentes,20_a_50,interior,subita_reciente,sobrecarga,original,no,diferente_zonas,seco,20
cimentacion_zapata,horizontal,media,cara_inferior,multiples_paralelas,se_cierra_al_descender,recubrimiento_desprendido,manchas_blancas,normal,parcialmente,manchas_oxido,correctos,20_a_50,interior,subita_reciente,sobrecarga,reparada,flecha_abajo,hueco,seco,84
voladizo,horizontal,abierta,cabeza,multiples_distintos_planos,aparecio_de_golpe,recubrimiento_desprendido,manchas_oxido,poroso,parcialmente,oxidada_visible,separados,20_a_50,costero_marino,primeros_meses,normal,reforzada,no,hueco,salpicadura,6
forjado_reticular,horizontal,cerrada_fina,union_otro_elemento,multiples_distintos_planos,estable,recubrimiento_desprendido,normal,normal,no,no_visible,correctos,5_a_20,exterior_continental,durante_construccion,normal,original,flecha_abajo,solido,humedo,52
cimentacion_zapata,diagonal_45,abierta,cara_inferior,multiples_distintos_planos,se_abre_con_tiempo,recubrimiento_desprendido,normal,normal,parcialmente,manchas_oxido,correctos,20_a_50,costero_marino,primeras_semanas,normal,original,no,hueco,seco,84
voladizo,vertical,media,cara_inferior,ramificada,aparecio_de_golpe,no_hay,normal,normal,no,manchas_oxido,correctos,20_a_50,costero_marino,anos_despues,sobrecarga,original,flecha_abajo,diferente_zonas,seco,45
forjado_unidireccional,diagonal_45,cerrada_fina,cara_inferior,periodica,estable,no_hay,normal,poroso,no,no_visible,correctos,mas_50,costero_marino,primeros_meses,normal,original,flecha_abajo,solido,seco,63
cimentacion_zapata,horizontal,abierta,base,periodica,estable,no_hay,normal,normal,no,no_visible,correctos,5_a_20,interior,anos_despues,normal,original,aplastamiento,hueco,seco,95
cimentacion_zapata,diagonal_45_75,abierta,base,multiples_paralelas,se_abre_con_tiempo,no_hay,normal,normal,no,no_visible,separados,mas_50,industrial,durante_construccion,normal,original,flecha_abajo,solido,humedo,86
mensula,horizontal,cerrada_fina,cara_inferior,multiples_paralelas,se_cierra_al_descender,no_hay,normal,normal,no,no_visible,separados,5_a_20,costero_marino,subita_reciente,sobrecarga,reparada,flecha_abajo,diferente_zonas,seco,57
forjado_unidireccional,red_mapa,abierta,perimetro,ramificada,aparecio_de_golpe,recubrimiento_desprendido,normal,normal,completamente,manchas_oxido,separados,20_a_50,sumergido,subita_reciente,normal,recien_desencofrada,no,diferente_zonas,seco,53
vigueta,vertical,cerrada_fina,base,multiples_paralelas,estable,no_hay,oscurecido,humedo_filtraciones,no,manchas_oxido,correctos,mas_50,costero_marino,primeras_semanas,normal,reparada,desplazamiento_lateral,diferente_zonas,humedo,43
muro,vertical,media,cabeza,ramificada,se_cierra_al_alejarse,desmoronandose,normal,disgregado,no,no_visible,correctos,20_a_50,sumergido,primeros_meses,impacto_sismo,reforzada,no,solido,seco,70
viga,vertical,cerrada_fina,ambas_caras,multiples_paralelas,se_abre_con_tiempo,no_hay,normal,normal,no,no_visible,ausentes,menos_5,industrial,durante_construccion,sobrecarga,recien_desencofrada,no,solido,humedo,27
pilar,diagonal_45_75,media,cabeza,multiples_distintos_planos,aparecio_de_golpe,no_hay,manchas_blancas,poroso,parcialmente,no_visible,correctos,menos_5,sumergido,primeras_semanas,normal,original,flecha_abajo,diferente_zonas,seco,12
viga,sin_fisura,cerrada_fina,base,unica,estable,no_hay,normal,poroso,no,manchas_oxido,correctos,mas_50,industrial,anos_despues,normal,original,no,diferente_zonas,salpicadura,24
cimentacion_zapata,diagonal_45_75,media,esquinas,unica,estable,no_hay,manchas_blancas,normal,parcialmente,manchas_oxido,correctos,5_a_20,industrial,primeras_semanas,normal,original,desplazamiento_lateral,hueco,seco,96
forjado_unidireccional,diagonal_45_75,cerrada_fina,cabeza,multiples_distintos_planos,estable,no_hay,normal,poroso,parcialmente,no_visible,correctos,mas_50,exterior_continental,primeros_meses,normal,original,no,solido,seco,69
cimentacion_zapata,diagonal_45,media,union_otro_elemento,ramificada,se_cierra_al_descender,no_hay,manchas_blancas,disgregado,no,no_visible,correctos,menos_5,sumergido,primeros_meses,normal,recien_desencofrada,no,diferente_zonas,seco,93
viga,vertical,cerrada_fina,cara_inferior,ramificada,estable,recubrimiento_desprendido,oscurecido,normal,no,no_visible,correctos,5_a_20,sumergido,durante_construccion,impacto_sismo,original,no,solido,seco,16
cimentacion_zapata,vertical,media,base,multiples_distintos_planos,aparecio_de_golpe,no_hay,normal,normal,parcialmente,no_visible,correctos,mas_50,industrial,primeros_meses,normal,original,no,solido,seco,89
viga,diagonal_45_75,cerrada_fina,centro,unica,se_cierra_al_descender,no_hay,normal,normal,no,no_visible,desplazados,menos_5,interior,primeros_meses,normal,original,flecha_abajo,diferente_zonas,seco,31
viga,diagonal_45_75,cerrada_fina,base,periodica,aparecio_de_golpe,no_hay,manchas_oxido,humedo_filtraciones,no,no_visible,correctos,20_a_50,sumergido,primeras_semanas,descarga,reforzada,no,solido,humedo,29
mensula,vertical,cerrada_fina,union_otro_elemento,periodica,estable,recubrimiento_desprendido,oscurecido,normal,no,no_visible,separados,menos_5,interior,anos_despues,normal,reparada,no,solido,seco,36
mensula,diagonal_45_75,media,base,multiples_distintos_planos,estable,no_hay,manchas_oxido,humedo_filtraciones,no,no_visible,correctos,menos_5,costero_marino,durante_construccion,normal,reforzada,flecha_abajo,diferente_zonas,humedo,87
vigueta,red_mapa,media,base,unica,aparecio_de_golpe,no_hay,manchas_oxido,normal,no,no_visible,separados,20_a_50,interior,primeras_semanas,normal,reforzada,no,diferente_zonas,seco,39
forjado_reticular,diagonal_45_75,cerrada_fina,perimetro,multiples_paralelas,se_cierra_al_alejarse,no_hay,manchas_oxido,normal,no,no_visible,correctos,20_a_50,interior,anos_despues,normal,reforzada,desplazamiento_lateral,diferente_zonas,seco,96
mensula,horizontal,media,esquinas,multiples_distintos_planos,se_cierra_al_descender,no_hay,manchas_blancas,normal,completamente,oxidada_visible,correctos,20_a_50,sumergido,primeras_semanas,normal,original,no,hueco,humedo,33
muro,vertical,abierta,cabeza,periodica,se_abre_con_tiempo,recubrimiento_desprendido,normal,normal,no,no_visible,separados,5_a_20,industrial,anos_despues,sobrecarga,original,no,solido,seco,92
forjado_unidireccional,vertical,cerrada_fina,ambas_caras,multiples_distintos_planos,se_abre_con_tiempo,no_hay,normal,normal,completamente,no_visible,correctos,5_a_20,industrial,primeros_meses,normal,original,flecha_abajo,solido,seco,72
vigueta,diagonal_45_75,media,union_otro_elemento,unica,aparecio_de_golpe,no_hay,normal,normal,parcialmente,manchas_oxido,separados,menos_5,costero_marino,durante_construccion,normal,original,aplastamiento,solido,seco,41
pilar,diagonal_45_75,grieta_separacion,esquinas,unica,se_cierra_al_alejarse,recubrimiento_desprendido,normal,normal,completamente,no_visible,desplazados,menos_5,costero_marino,durante_construccion,normal,original,giro_inclinacion,solido,seco,5
vigueta,diagonal_45_75,media,ambas_caras,unica,se_cierra_al_alejarse,no_hay,normal,humedo_filtraciones,parcialmente,oxidada_visible,correctos,mas_50,costero_marino,durante_construccion,sobrecarga,original,no,diferente_zonas,salpicadura,43
viga,horizontal,media,base,unica,estable,no_hay,oscurecido,poroso,completamente,oxidada_visible,correctos,mas_50,interior,primeras_semanas,normal,recien_desencofrada,aplastamiento,diferente_zonas,seco,24
cimentacion_zapata,vertical,media,base,multiples_distintos_planos,se_cierra_al_alejarse,no_hay,normal,normal,no,no_visible,separados,5_a_20,costero_marino,anos_despues,sobrecarga,reparada,desplazamiento_lateral,hueco,humedo,81
vigueta,horizontal,cerrada_fina,ambas_caras,multiples_distintos_planos,se_cierra_al_alejarse,no_hay,normal,poroso,no,no_visible,correctos,menos_5,sumergido,durante_construccion,normal,reparada,no,diferente_zonas,humedo,72
pilar,diagonal_45_75,media,esquinas,ramificada,aparecio_de_golpe,no_hay,normal,normal,parcialmente,no_visible,ausentes,20_a_50,interior,durante_construccion,descarga,original,no,solido,seco,94
viga,red_mapa,abierta,union_otro_elemento,multiples_distintos_planos,aparecio_de_golpe,perdida_seccion,manchas_blancas,disgregado,parcialmente,perdida_seccion,ausentes,5_a_20,industrial,subita_reciente,sobrecarga,original,flecha_abajo,solido,humedo,22
pilar,diagonal_45,media,cara_inferior,periodica,estable,recubrimiento_desprendido,normal,poroso,parcialmente,manchas_oxido,correctos,mas_50,industrial,primeros_meses,sobrecarga,original,no,hueco,seco,48
tabique_cerramiento,diagonal_45,cerrada_fina,esquinas,unica,aparecio_de_golpe,no_hay,normal,normal,no,no_visible,correctos,5_a_20,costero_marino,primeras_semanas,normal,original,flecha_abajo,solido,seco,75
voladizo,diagonal_45,grieta_separacion,cara_inferior,ramificada,estable,recubrimiento_desprendido,normal,poroso,parcialmente,no_visible,correctos,menos_5,interior,primeros_meses,normal,recien_desencofrada,flecha_abajo,hueco,seco,48
forjado_unidireccional,sin_fisura,cerrada_fina,base,unica,estable,recubrimiento_desprendido,manchas_blancas,normal,completamente,no_visible,correctos,5_a_20,costero_marino,durante_construccion,normal,original,desplazamiento_lateral,diferente_zonas,seco,56
pilar,horizontal,abierta,ambas_caras,multiples_distintos_planos,aparecio_de_golpe,recubrimiento_desprendido,manchas_blancas,normal,completamente,oxidada_visible,ausentes,menos_5,exterior_continental,durante_construccion,impacto_sismo,original,desplazamiento_lateral,diferente_zonas,seco,3
cimentacion_zapata,diagonal_45,media,ambas_caras,multiples_distintos_planos,se_cierra_al_descender,no_hay,normal,normal,no,no_visible,correctos,20_a_50,sumergido,primeras_semanas,normal,reparada,no,diferente_zonas,seco,91
cimentacion_zapata,diagonal_45_75,cerrada_fina,cara_inferior,unica,aparecio_de_golpe,no_hay,normal,normal,no,no_visible,correctos,menos_5,sumergido,primeros_meses,normal,original,no,diferente_zonas,seco,64
tabique_cerramiento,diagonal_45_75,cerrada_fina,union_otro_elemento,multiples_paralelas,aparecio_de_golpe,no_hay,manchas_blancas,humedo_filtraciones,no,no_visible,separados,5_a_20,costero_marino,subita_reciente,normal,reparada,no,diferente_zonas,filtracion_activa,80
cimentacion_zapata,vertical,cerrada_fina,base,periodica,se_cierra_al_alejarse,no_hay,normal,normal,no,no_visible,correctos,5_a_20,interior,anos_despues,normal,original,no,solido,seco,83
pilar,horizontal,media,centro,multiples_paralelas,aparecio_de_golpe,no_hay,manchas_oxido,poroso,no,manchas_oxido,correctos,mas_50,sumergido,durante_construccion,sobrecarga,reforzada,flecha_abajo,diferente_zonas,seco,7
pilar,vertical,grieta_separacion,ambas_caras,multiples_distintos_planos,aparecio_de_golpe,recubrimiento_desprendido,normal,normal,parcialmente,oxidada_visible,separados,20_a_50,sumergido,subita_reciente,impacto_sismo,original,flecha_abajo,solido,seco,3
vigueta,sin_fisura,cerrada_fina,perimetro,unica,estable,no_hay,oscurecido,humedo_filtraciones,no,no_visible,separados,menos_5,sumergido,subita_reciente,descarga,reparada,no,diferente_zonas,humedo,37
vigueta,diagonal_45_75,abierta,perimetro,ramificada,se_abre_con_tiempo,no_hay,oscurecido,normal,parcialmente,oxidada_visible,correctos,mas_50,sumergido,anos_despues,sobrecarga,recien_desencofrada,desplazamiento_lateral,diferente_zonas,humedo,37
forjado_reticular,vertical,media,esquinas,unica,aparecio_de_golpe,desmoronandose,normal,poroso,no,no_visible,correctos,menos_5,costero_marino,anos_despues,normal,original,no,hueco,seco,42
viga,sin_fisura,cerrada_fina,cara_inferior,unica,estable,no_hay,normal,normal,completamente,oxidada_visible,correctos,menos_5,industrial,durante_construccion,sobrecarga,recien_desencofrada,flecha_abajo,solido,seco,15
pilar,red_mapa,abierta,esquinas,unica,estable,no_hay,normal,normal,no,no_visible,correctos,menos_5,costero_marino,anos_despues,sobrecarga,original,desplazamiento_lateral,diferente_zonas,salpicadura,16
tabique_cerramiento,vertical,media,perimetro,unica,se_cierra_al_descender,recubrimiento_desprendido,normal,humedo_filtraciones,parcialmente,oxidada_visible,correctos,20_a_50,costero_marino,subita_reciente,normal,recien_desencofrada,no,diferente_zonas,salpicadura,43
tabique_cerramiento,red_mapa,cerrada_fina,centro,multiples_paralelas,aparecio_de_golpe,recubrimiento_desprendido,normal,humedo_filtraciones,no,no_visible,correctos,5_a_20,costero_marino,subita_reciente,normal,original,no,solido,filtracion_activa,80
forjado_unidireccional,diagonal_45_75,media,perimetro,ramificada,aparecio_de_golpe,desmoronandose,normal,poroso,parcialmente,oxidada_visible,ausentes,mas_50,interior,subita_reciente,sobrecarga,recien_desencofrada,no,hueco,seco,53
tabique_cerramiento,diagonal_45_75,abierta,union_otro_elemento,unica,aparecio_de_golpe,recubrimiento_desprendido,normal,normal,parcialmente,no_visible,separados,menos_5,interior,primeras_semanas,sobrecarga,reparada,desplazamiento_lateral,solido,seco,55
pilar,horizontal,cerrada_fina,cabeza,multiples_paralelas,aparecio_de_golpe,no_hay,manchas_blancas,humedo_filtraciones,no,no_visible,correctos,5_a_20,exterior_continental,anos_despues,normal,original,no,solido,filtracion_activa,11
viga,horizontal,media,base,periodica,estable,desmoronandose,manchas_oxido,disgregado,parcialmente,no_visible,correctos,5_a_20,costero_marino,primeros_meses,normal,original,no,solido,filtracion_activa,29
voladizo,vertical,media,cara_inferior,multiples_paralelas,estable,no_hay,normal,normal,no,no_visible,correctos,menos_5,industrial,subita_reciente,sobrecarga,recien_desencofrada,flecha_abajo,diferente_zonas,seco,57
tabique_cerramiento,horizontal,cerrada_fina,ambas_caras,ramificada,se_cierra_al_alejarse,recubrimiento_desprendido,normal,normal,no,no_visible,correctos,20_a_50,sumergido,durante_construccion,normal,original,flecha_abajo,diferente_zonas,seco,72
vigueta,vertical,media,cara_inferior,periodica,estable,desmoronandose,normal,disgregado,completamente,oxidada_visible,correctos,mas_50,costero_marino,durante_construccion,normal,original,no,diferente_zonas,salpicadura,43
muro,vertical,cerrada_fina,base,periodica,se_abre_con_tiempo,no_hay,manchas_blancas,poroso,no,no_visible,correctos,mas_50,exterior_continental,subita_reciente,sobrecarga,original,no,solido,humedo,80
muro,diagonal_45_75,abierta,perimetro,multiples_distintos_planos,se_cierra_al_alejarse,recubrimiento_desprendido,normal,normal,parcialmente,no_visible,correctos,menos_5,costero_marino,anos_despues,normal,recien_desencofrada,desplazamiento_lateral,solido,seco,90
forjado_reticular,vertical,cerrada_fina,centro,unica,estable,recubrimiento_desprendido,normal,normal,no,no_visible,correctos,menos_5,sumergido,durante_construccion,impacto_sismo,recien_desencofrada,desplazamiento_lateral,solido,seco,52
muro,diagonal_45,cerrada_fina,esquinas,ramificada,se_cierra_al_alejarse,no_hay,manchas_oxido,humedo_filtraciones,parcialmente,no_visible,correctos,5_a_20,exterior_continental,primeras_semanas,normal,original,flecha_abajo,solido,humedo,77
cimentacion_zapata,horizontal,media,esquinas,unica,se_abre_con_tiempo,no_hay,normal,normal,no,no_visible,correctos,menos_5,industrial,subita_reciente,normal,reforzada,flecha_abajo,diferente_zonas,seco,92
muro,vertical,cerrada_fina,union_otro_elemento,unica,se_cierra_al_alejarse,no_hay,normal,normal,no,no_visible,correctos,menos_5,exterior_continental,primeras_semanas,descarga,original,no,solido,seco,78
pilar,diagonal_45,media,esquinas,periodica,se_abre_con_tiempo,perdida_seccion,manchas_oxido,poroso,no,no_visible,correctos,menos_5,exterior_continental,anos_despues,normal,reforzada,no,solido,humedo,12
voladizo,vertical,cerrada_fina,cabeza,ramificada,estable,recubrimiento_desprendido,normal,normal,no,no_visible,correctos,5_a_20,costero_marino,durante_construccion,sobrecarga,original,aplastamiento,solido,seco,58
mensula,vertical,media,centro,ramificada,estable,recubrimiento_desprendido,normal,normal,completamente,manchas_oxido,correctos,20_a_50,sumergido,primeros_meses,sobrecarga,reparada,flecha_abajo,diferente_zonas,seco,34
tabique_cerramiento,horizontal,media,union_otro_elemento,ramificada,se_cierra_al_alejarse,recubrimiento_desprendido,normal,poroso,no,manchas_oxido,correctos,5_a_20,costero_marino,durante_construccion,normal,original,desplazamiento_lateral,hueco,humedo,74
forjado_reticular,vertical,cerrada_fina,cara_inferior,unica,estable,no_hay,normal,normal,parcialmente,no_visible,correctos,menos_5,sumergido,durante_construccion,sobrecarga,recien_desencofrada,no,solido,seco,52
viga,diagonal_45,abierta,base,unica,estable,no_hay,normal,normal,parcialmente,no_visible,correctos,menos_5,costero_marino,primeras_semanas,normal,original,no,diferente_zonas,humedo,23
cimentacion_zapata,diagonal_45_75,cerrada_fina,cabeza,multiples_distintos_planos,se_cierra_al_alejarse,no_hay,normal,disgregado,no,no_visible,correctos,mas_50,interior,subita_reciente,normal,original,no,solido,seco,94
pilar,horizontal,abierta,union_otro_elemento,multiples_distintos_planos,estable,no_hay,normal,normal,parcialmente,no_visible,correctos,menos_5,costero_marino,durante_construccion,sobrecarga,original,desplazamiento_lateral,hueco,seco,16
voladizo,vertical,media,centro,unica,aparecio_de_golpe,desmoronandose,normal,disgregado,no,no_visible,correctos,20_a_50,exterior_continental,subita_reciente,normal,original,flecha_abajo,solido,humedo,60
cimentacion_zapata,red_mapa,media,base,multiples_distintos_planos,aparecio_de_golpe,no_hay,manchas_blancas,normal,parcialmente,no_visible,correctos,menos_5,industrial,subita_reciente,normal,original,desplazamiento_lateral,diferente_zonas,humedo,89
voladizo,sin_fisura,cerrada_fina,centro,unica,estable,recubrimiento_desprendido,manchas_oxido,normal,parcialmente,oxidada_visible,correctos,5_a_20,exterior_continental,primeras_semanas,sobrecarga,original,flecha_abajo,diferente_zonas,seco,45
pilar,red_mapa,media,centro,multiples_paralelas,aparecio_de_golpe,no_hay,manchas_oxido,normal,parcialmente,manchas_oxido,correctos,mas_50,interior,subita_reciente,sobrecarga,recien_desencofrada,flecha_abajo,hueco,seco,7
vigueta,red_mapa,media,centro,periodica,se_cierra_al_alejarse,recubrimiento_desprendido,oscurecido,normal,parcialmente,manchas_oxido,correctos,menos_5,exterior_continental,primeras_semanas,normal,recien_desencofrada,desplazamiento_lateral,hueco,seco,41
cimentacion_zapata,diagonal_45_75,abierta,union_otro_elemento,multiples_distintos_planos,se_cierra_al_descender,recubrimiento_desprendido,manchas_oxido,poroso,no,no_visible,correctos,20_a_50,interior,subita_reciente,normal,original,no,hueco,seco,85
mensula,vertical,cerrada_fina,base,ramificada,se_cierra_al_descender,no_hay,manchas_oxido,normal,parcialmente,no_visible,correctos,menos_5,interior,primeros_meses,normal,recien_desencofrada,no,solido,seco,36
vigueta,red_mapa,abierta,cara_inferior,ramificada,aparecio_de_golpe,no_hay,normal,normal,completamente,no_visible,separados,menos_5,exterior_continental,durante_construccion,normal,reparada,flecha_abajo,solido,seco,55
forjado_unidireccional,sin_fisura,cerrada_fina,centro,unica,estable,no_hay,normal,normal,parcialmente,manchas_oxido,correctos,menos_5,costero_marino,durante_construccion,normal,recien_desencofrada,giro_inclinacion,hueco,seco,50
voladizo,diagonal_45,media,cara_inferior,multiples_paralelas,se_abre_con_tiempo,recubrimiento_desprendido,normal,poroso,parcialmente,no_visible,correctos,20_a_50,costero_marino,durante_construccion,normal,original,no,diferente_zonas,seco,64
voladizo,horizontal,grieta_separacion,esquinas,multiples_paralelas,se_cierra_al_descender,perdida_seccion,normal,normal,parcialmente,oxidada_visible,correctos,20_a_50,costero_marino,primeras_semanas,sobrecarga,reparada,no,hueco,humedo,46
viga,diagonal_45,grieta_separacion,esquinas,unica,aparecio_de_golpe,recubrimiento_desprendido,normal,normal,parcialmente,manchas_oxido,separados,mas_50,costero_marino,subita_reciente,sobrecarga,original,giro_inclinacion,solido,seco,17
cimentacion_zapata,diagonal_45_75,media,perimetro,multiples_distintos_planos,aparecio_de_golpe,no_hay,normal,normal,no,no_visible,correctos,5_a_20,costero_marino,anos_despues,normal,original,desplazamiento_lateral,diferente_zonas,seco,96
tabique_cerramiento,horizontal,cerrada_fina,centro,unica,se_cierra_al_alejarse,recubrimiento_desprendido,manchas_oxido,normal,no,no_visible,correctos,menos_5,costero_marino,subita_reciente,normal,original,flecha_abajo,solido,humedo,60
viga,diagonal_45,cerrada_fina,cara_inferior,multiples_paralelas,se_abre_con_tiempo,no_hay,manchas_oxido,humedo_filtraciones,parcialmente,no_visible,correctos,5_a_20,costero_marino,anos_despues,sobrecarga,original,flecha_abajo,solido,humedo,65
vigueta,diagonal_45,media,centro,multiples_paralelas,estable,no_hay,normal,normal,no,manchas_oxido,correctos,menos_5,costero_marino,durante_construccion,normal,original,desplazamiento_lateral,hueco,salpicadura,91
forjado_unidireccional,sin_fisura,cerrada_fina,centro,unica,estable,perdida_seccion,normal,normal,parcialmente,oxidada_visible,correctos,menos_5,exterior_continental,durante_construccion,normal,recien_desencofrada,no,solido,seco,49
tabique_cerramiento,diagonal_45,grieta_separacion,esquinas,multiples_paralelas,estable,no_hay,manchas_oxido,normal,no,no_visible,correctos,menos_5,sumergido,subita_reciente,normal,reforzada,no,solido,seco,75
pilar,sin_fisura,cerrada_fina,cabeza,unica,estable,no_hay,manchas_oxido,normal,completamente,manchas_oxido,correctos,mas_50,industrial,primeros_meses,normal,original,flecha_abajo,solido,seco,13
voladizo,diagonal_45_75,media,base,multiples_distintos_planos,estable,no_hay,normal,normal,no,no_visible,correctos,menos_5,sumergido,anos_despues,sobrecarga,reparada,no,diferente_zonas,seco,47
vigueta,horizontal,abierta,ambas_caras,periodica,se_abre_con_tiempo,recubrimiento_desprendido,normal,normal,completamente,manchas_oxido,separados,mas_50,interior,subita_reciente,sobrecarga,original,desplazamiento_lateral,diferente_zonas,seco,44
tabique_cerramiento,horizontal,media,ambas_caras,multiples_paralelas,estable,recubrimiento_desprendido,normal,normal,no,no_visible,correctos,menos_5,exterior_continental,anos_despues,descarga,reparada,no,solido,seco,73
cimentacion_zapata,horizontal,media,base,unica,se_cierra_al_alejarse,no_hay,normal,normal,no,no_visible,correctos,menos_5,costero_marino,anos_despues,normal,original,flecha_abajo,diferente_zonas,seco,81
pilar,vertical,media,perimetro,unica,se_abre_con_tiempo,perdida_seccion,manchas_blancas,normal,parcialmente,no_visible,correctos,5_a_20,costero_marino,primeros_meses,sobrecarga,original,flecha_abajo,hueco,humedo,4
vigueta,horizontal,cerrada_fina,centro,periodica,se_abre_con_tiempo,recubrimiento_desprendido,normal,normal,no,no_visible,correctos,20_a_50,sumergido,primeras_semanas,normal,reparada,no,diferente_zonas,humedo,39
forjado_unidireccional,sin_fisura,cerrada_fina,centro,unica,estable,recubrimiento_desprendido,normal,normal,no,manchas_oxido,correctos,menos_5,exterior_continental,durante_construccion,sobrecarga,recien_desencofrada,no,hueco,seco,50
tabique_cerramiento,diagonal_45,abierta,cabeza,multiples_paralelas,se_abre_con_tiempo,perdida_seccion,manchas_blancas,poroso,no,manchas_oxido,ausentes,menos_5,costero_marino,primeras_semanas,normal,original,desplazamiento_lateral,diferente_zonas,seco,35
viga,vertical,cerrada_fina,perimetro,multiples_paralelas,aparecio_de_golpe,no_hay,normal,normal,no,no_visible,correctos,mas_50,costero_marino,subita_reciente,normal,original,no,solido,seco,62
cimentacion_zapata,vertical,media,cara_inferior,unica,se_abre_con_tiempo,recubrimiento_desprendido,normal,normal,no,no_visible,correctos,20_a_50,interior,anos_despues,normal,original,aplastamiento,diferente_zonas,filtracion_activa,95
vigueta,vertical,cerrada_fina,base,unica,aparecio_de_golpe,no_hay,normal,normal,no,no_visible,correctos,5_a_20,industrial,subita_reciente,normal,original,no,solido,humedo,76
viga,diagonal_45,cerrada_fina,centro,periodica,estable,no_hay,normal,normal,no,no_visible,separados,menos_5,exterior_continental,subita_reciente,normal,original,no,solido,seco,71
viga,diagonal_45,abierta,cabeza,ramificada,aparecio_de_golpe,no_hay,normal,normal,parcialmente,manchas_oxido,desplazados,mas_50,sumergido,primeras_semanas,sobrecarga,original,giro_inclinacion,diferente_zonas,filtracion_activa,17
voladizo,horizontal,media,cara_inferior,periodica,se_cierra_al_descender,no_hay,manchas_blancas,normal,completamente,oxidada_visible,correctos,menos_5,exterior_continental,durante_construccion,sobrecarga,original,flecha_abajo,diferente_zonas,filtracion_activa,45
cimentacion_zapata,diagonal_45,cerrada_fina,base,periodica,aparecio_de_golpe,no_hay,normal,normal,no,no_visible,correctos,5_a_20,interior,primeros_meses,normal,original,no,hueco,humedo,86
tabique_cerramiento,horizontal,cerrada_fina,cara_inferior,ramificada,se_cierra_al_alejarse,no_hay,normal,normal,no,manchas_oxido,correctos,mas_50,costero_marino,durante_construccion,descarga,original,no,solido,seco,63
muro,diagonal_45,media,base,unica,se_cierra_al_descender,no_hay,normal,humedo_filtraciones,no,no_visible,correctos,20_a_50,exterior_continental,durante_construccion,normal,original,desplazamiento_lateral,diferente_zonas,humedo,85
pilar,sin_fisura,cerrada_fina,cara_inferior,unica,estable,recubrimiento_desprendido,normal,normal,completamente,no_visible,desplazados,menos_5,exterior_continental,primeras_semanas,normal,recien_desencofrada,giro_inclinacion,solido,seco,5
forjado_reticular,sin_fisura,cerrada_fina,base,unica,estable,no_hay,manchas_blancas,humedo_filtraciones,no,no_visible,correctos,menos_5,exterior_continental,primeras_semanas,sobrecarga,original,no,solido,salpicadura,29
cimentacion_zapata,diagonal_45,media,perimetro,ramificada,aparecio_de_golpe,no_hay,manchas_blancas,disgregado,no,no_visible,correctos,mas_50,exterior_continental,anos_despues,sobrecarga,reforzada,desplazamiento_lateral,hueco,filtracion_activa,82
pilar,horizontal,media,base,ramificada,se_cierra_al_alejarse,no_hay,manchas_oxido,normal,parcialmente,oxidada_visible,correctos,menos_5,industrial,subita_reciente,impacto_sismo,original,desplazamiento_lateral,solido,seco,16
mensula,red_mapa,grieta_separacion,ambas_caras,multiples_paralelas,se_cierra_al_descender,no_hay,normal,normal,no,no_visible,desplazados,mas_50,exterior_continental,primeros_meses,descarga,reforzada,no,hueco,seco,55
forjado_unidireccional,vertical,cerrada_fina,perimetro,unica,se_cierra_al_alejarse,no_hay,normal,disgregado,no,no_visible,correctos,5_a_20,interior,durante_construccion,impacto_sismo,original,no,solido,seco,70
forjado_unidireccional,diagonal_45,abierta,perimetro,unica,se_abre_con_tiempo,no_hay,manchas_blancas,normal,completamente,oxidada_visible,correctos,menos_5,costero_marino,primeras_semanas,normal,recien_desencofrada,flecha_abajo,diferente_zonas,seco,49
tabique_cerramiento,vertical,cerrada_fina,base,multiples_distintos_planos,estable,no_hay,manchas_oxido,normal,no,no_visible,correctos,5_a_20,exterior_continental,primeros_meses,normal,original,flecha_abajo,solido,salpicadura,76
pilar,diagonal_45_75,media,union_otro_elemento,ramificada,se_abre_con_tiempo,perdida_seccion,normal,normal,completamente,no_visible,ausentes,menos_5,industrial,durante_construccion,sobrecarga,recien_desencofrada,desplazamiento_lateral,diferente_zonas,seco,5
muro,vertical,media,centro,multiples_distintos_planos,se_cierra_al_descender,no_hay,normal,poroso,no,manchas_oxido,correctos,menos_5,costero_marino,durante_construccion,normal,original,desplazamiento_lateral,solido,filtracion_activa,74
forjado_unidireccional,diagonal_45_75,abierta,base,unica,se_cierra_al_alejarse,desmoronandose,manchas_oxido,disgregado,no,no_visible,desplazados,menos_5,industrial,primeros_meses,normal,original,no,solido,seco,59
pilar,red_mapa,grieta_separacion,union_otro_elemento,multiples_paralelas,se_abre_con_tiempo,recubrimiento_desprendido,normal,poroso,completamente,manchas_oxido,separados,5_a_20,interior,primeras_semanas,normal,recien_desencofrada,desplazamiento_lateral,diferente_zonas,seco,8
viga,diagonal_45,abierta,base,ramificada,estable,no_hay,normal,poroso,parcialmente,manchas_oxido,desplazados,20_a_50,exterior_continental,subita_reciente,sobrecarga,original,no,hueco,seco,20
pilar,sin_fisura,cerrada_fina,centro,unica,estable,no_hay,manchas_blancas,poroso,parcialmente,no_visible,ausentes,5_a_20,costero_marino,primeros_meses,normal,original,no,solido,humedo,11
pilar,horizontal,grieta_separacion,cabeza,multiples_paralelas,aparecio_de_golpe,recubrimiento_desprendido,normal,normal,completamente,no_visible,correctos,20_a_50,exterior_continental,durante_construccion,normal,reparada,no,diferente_zonas,seco,4
muro,diagonal_45,abierta,base,multiples_distintos_planos,se_cierra_al_descender,no_hay,manchas_blancas,humedo_filtraciones,no,no_visible,correctos,mas_50,sumergido,primeros_meses,normal,original,desplazamiento_lateral,diferente_zonas,humedo,82
pilar,sin_fisura,cerrada_fina,union_otro_elemento,unica,estable,recubrimiento_desprendido,normal,normal,parcialmente,oxidada_visible,correctos,20_a_50,costero_marino,primeras_semanas,normal,original,no,diferente_zonas,salpicadura,6
cimentacion_zapata,vertical,abierta,base,unica,estable,no_hay,normal,normal,no,no_visible,correctos,menos_5,industrial,subita_reciente,normal,original,no,hueco,seco,88
viga,diagonal_45,abierta,cabeza,multiples_distintos_planos,aparecio_de_golpe,recubrimiento_desprendido,normal,normal,parcialmente,manchas_oxido,desplazados,menos_5,industrial,durante_construccion,sobrecarga,original,giro_inclinacion,diferente_zonas,humedo,21
tabique_cerramiento,vertical,cerrada_fina,cabeza,ramificada,aparecio_de_golpe,recubrimiento_desprendido,manchas_oxido,normal,no,no_visible,correctos,20_a_50,industrial,primeras_semanas,normal,original,aplastamiento,diferente_zonas,seco,58
viga,horizontal,media,union_otro_elemento,unica,se_cierra_al_descender,no_hay,normal,disgregado,no,no_visible,desplazados,5_a_20,exterior_continental,primeros_meses,sobrecarga,original,no,solido,seco,36
vigueta,red_mapa,grieta_separacion,esquinas,ramificada,aparecio_de_golpe,recubrimiento_desprendido,normal,normal,no,manchas_oxido,separados,20_a_50,sumergido,subita_reciente,sobrecarga,recien_desencofrada,desplazamiento_lateral,solido,humedo,44
voladizo,vertical,abierta,cabeza,multiples_paralelas,aparecio_de_golpe,no_hay,normal,humedo_filtraciones,no,manchas_oxido,correctos,20_a_50,costero_marino,subita_reciente,normal,original,no,diferente_zonas,salpicadura,43
muro,red_mapa,media,cabeza,ramificada,aparecio_de_golpe,no_hay,normal,normal,completamente,no_visible,correctos,20_a_50,sumergido,subita_reciente,impacto_sismo,reforzada,no,solido,humedo,94
pilar,sin_fisura,cerrada_fina,cabeza,unica,estable,no_hay,normal,humedo_filtraciones,parcialmente,oxidada_visible,correctos,5_a_20,costero_marino,primeros_meses,normal,original,flecha_abajo,diferente_zonas,salpicadura,43
cimentacion_zapata,diagonal_45_75,abierta,esquinas,multiples_distintos_planos,se_cierra_al_alejarse,recubrimiento_desprendido,oscurecido,humedo_filtraciones,no,no_visible,correctos,5_a_20,interior,anos_despues,descarga,reparada,no,solido,seco,94
viga,diagonal_45_75,cerrada_fina,base,periodica,estable,no_hay,manchas_blancas,humedo_filtraciones,no,no_visible,separados,mas_50,sumergido,durante_construccion,normal,original,no,solido,humedo,29
vigueta,horizontal,grieta_separacion,cabeza,unica,se_abre_con_tiempo,no_hay,normal,normal,no,no_visible,correctos,menos_5,sumergido,primeros_meses,sobrecarga,original,aplastamiento,diferente_zonas,humedo,42
cimentacion_zapata,diagonal_45_75,abierta,base,ramificada,aparecio_de_golpe,no_hay,manchas_oxido,normal,no,no_visible,separados,menos_5,sumergido,durante_construccion,normal,reparada,no,solido,filtracion_activa,87
vigueta,sin_fisura,cerrada_fina,cara_inferior,unica,estable,no_hay,normal,normal,no,no_visible,separados,5_a_20,sumergido,subita_reciente,normal,original,no,solido,seco,61
cimentacion_zapata,diagonal_45,media,perimetro,periodica,se_cierra_al_descender,no_hay,normal,normal,parcialmente,no_visible,separados,5_a_20,industrial,primeras_semanas,normal,original,no,solido,seco,91
vigueta,vertical,abierta,perimetro,multiples_distintos_planos,aparecio_de_golpe,recubrimiento_desprendido,manchas_blancas,normal,parcialmente,manchas_oxido,separados,5_a_20,industrial,subita_reciente,sobrecarga,original,desplazamiento_lateral,diferente_zonas,salpicadura,44
viga,diagonal_45_75,abierta,union_otro_elemento,periodica,se_abre_con_tiempo,recubrimiento_desprendido,normal,normal,parcialmente,manchas_oxido,desplazados,20_a_50,costero_marino,subita_reciente,normal,original,desplazamiento_lateral,hueco,seco,22
vigueta,diagonal_45,media,cara_inferior,multiples_paralelas,aparecio_de_golpe,no_hay,manchas_blancas,poroso,no,no_visible,correctos,menos_5,costero_marino,durante_construccion,sobrecarga,original,no,solido,humedo,40
forjado_unidireccional,horizontal,cerrada_fina,cara_inferior,periodica,se_abre_con_tiempo,no_hay,normal,normal,no,manchas_oxido,correctos,5_a_20,sumergido,anos_despues,descarga,original,flecha_abajo,solido,seco,57
viga,diagonal_45_75,grieta_separacion,esquinas,multiples_distintos_planos,aparecio_de_golpe,perdida_seccion,manchas_blancas,poroso,parcialmente,oxidada_visible,separados,menos_5,industrial,durante_construccion,impacto_sismo,original,giro_inclinacion,hueco,seco,17
pilar,vertical,abierta,esquinas,ramificada,se_abre_con_tiempo,recubrimiento_desprendido,normal,normal,completamente,manchas_oxido,separados,mas_50,industrial,subita_reciente,sobrecarga,original,flecha_abajo,hueco,seco,1
forjado_reticular,red_mapa,grieta_separacion,ambas_caras,periodica,estable,perdida_seccion,normal,normal,parcialmente,manchas_oxido,separados,5_a_20,exterior_continental,primeras_semanas,normal,reparada,desplazamiento_lateral,solido,seco,55
viga,diagonal_45_75,grieta_separacion,cara_inferior,unica,aparecio_de_golpe,recubrimiento_desprendido,normal,poroso,parcialmente,manchas_oxido,correctos,5_a_20,interior,anos_despues,normal,original,no,diferente_zonas,seco,18
cimentacion_zapata,red_mapa,cerrada_fina,centro,ramificada,estable,no_hay,manchas_oxido,normal,no,no_visible,correctos,20_a_50,costero_marino,primeras_semanas,descarga,original,giro_inclinacion,solido,seco,94
tabique_cerramiento,horizontal,media,esquinas,unica,se_cierra_al_alejarse,no_hay,normal,poroso,no,no_visible,correctos,5_a_20,costero_marino,anos_despues,normal,original,flecha_abajo,solido,seco,75
vigueta,red_mapa,cerrada_fina,esquinas,periodica,aparecio_de_golpe,perdida_seccion,normal,normal,no,manchas_oxido,correctos,5_a_20,interior,durante_construccion,descarga,original,flecha_abajo,hueco,seco,41
tabique_cerramiento,diagonal_45,media,cabeza,multiples_distintos_planos,aparecio_de_golpe,recubrimiento_desprendido,manchas_blancas,humedo_filtraciones,no,no_visible,correctos,20_a_50,sumergido,durante_construccion,normal,original,no,solido,humedo,80
mensula,red_mapa,media,base,multiples_distintos_planos,se_cierra_al_descender,no_hay,normal,humedo_filtraciones,no,no_visible,correctos,mas_50,sumergido,primeras_semanas,normal,original,no,diferente_zonas,humedo,87
muro,diagonal_45_75,media,base,ramificada,se_cierra_al_descender,no_hay,manchas_oxido,poroso,no,no_visible,ausentes,mas_50,exterior_continental,durante_construccion,normal,original,flecha_abajo,diferente_zonas,humedo,87
cimentacion_zapata,diagonal_45_75,abierta,cara_inferior,ramificada,se_cierra_al_alejarse,desmoronandose,normal,poroso,no,no_visible,correctos,20_a_50,interior,anos_despues,normal,original,no,diferente_zonas,seco,90
mensula,horizontal,abierta,esquinas,multiples_distintos_planos,se_cierra_al_descender,no_hay,normal,normal,parcialmente,perdida_seccion,separados,20_a_50,sumergido,subita_reciente,sobrecarga,original,flecha_abajo,diferente_zonas,seco,33
cimentacion_zapata,diagonal_45_75,media,cabeza,unica,se_cierra_al_descender,no_hay,normal,poroso,no,no_visible,correctos,5_a_20,interior,durante_construccion,normal,reparada,desplazamiento_lateral,diferente_zonas,humedo,92
viga,vertical,cerrada_fina,union_otro_elemento,periodica,estable,no_hay,normal,poroso,parcialmente,oxidada_visible,correctos,mas_50,costero_marino,primeros_meses,descarga,original,flecha_abajo,solido,seco,63
cimentacion_zapata,horizontal,cerrada_fina,centro,periodica,aparecio_de_golpe,recubrimiento_desprendido,normal,poroso,no,no_visible,separados,mas_50,exterior_continental,anos_despues,normal,original,no,solido,seco,39
voladizo,horizontal,media,base,unica,estable,no_hay,manchas_oxido,normal,no,no_visible,separados,5_a_20,industrial,durante_construccion,sobrecarga,original,no,solido,seco,47
viga,red_mapa,media,base,periodica,se_cierra_al_alejarse,recubrimiento_desprendido,manchas_blancas,humedo_filtraciones,no,no_visible,ausentes,menos_5,sumergido,primeras_semanas,normal,original,flecha_abajo,diferente_zonas,filtracion_activa,29
cimentacion_zapata,horizontal,media,base,periodica,estable,no_hay,normal,normal,no,no_visible,separados,5_a_20,industrial,primeros_meses,normal,original,no,solido,seco,83
vigueta,diagonal_45,media,cara_inferior,ramificada,se_cierra_al_descender,no_hay,manchas_blancas,poroso,no,no_visible,separados,mas_50,exterior_continental,anos_despues,normal,original,no,solido,seco,93
vigueta,horizontal,media,cabeza,multiples_distintos_planos,se_abre_con_tiempo,recubrimiento_desprendido,normal,normal,no,manchas_oxido,separados,menos_5,industrial,durante_construccion,normal,recien_desencofrada,no,hueco,seco,41
tabique_cerramiento,red_mapa,abierta,base,multiples_paralelas,aparecio_de_golpe,no_hay,normal,humedo_filtraciones,no,no_visible,correctos,5_a_20,exterior_continental,anos_despues,normal,reparada,desplazamiento_lateral,diferente_zonas,filtracion_activa,87
forjado_reticular,vertical,abierta,centro,unica,se_cierra_al_alejarse,no_hay,normal,normal,parcialmente,manchas_oxido,separados,menos_5,costero_marino,durante_construccion,normal,recien_desencofrada,no,hueco,seco,50
viga,diagonal_45,grieta_separacion,base,multiples_paralelas,aparecio_de_golpe,perdida_seccion,normal,normal,parcialmente,manchas_oxido,desplazados,5_a_20,exterior_continental,subita_reciente,sobrecarga,reforzada,desplazamiento_lateral,diferente_zonas,seco,17
viga,diagonal_45,grieta_separacion,esquinas,unica,se_abre_con_tiempo,recubrimiento_desprendido,normal,normal,no,manchas_oxido,separados,mas_50,industrial,primeras_semanas,sobrecarga,original,no,solido,seco,18
viga,diagonal_45_75,cerrada_fina,centro,multiples_paralelas,se_abre_con_tiempo,no_hay,normal,normal,completamente,oxidada_visible,correctos,20_a_50,interior,anos_despues,normal,original,flecha_abajo,solido,seco,32
tabique_cerramiento,diagonal_45,cerrada_fina,perimetro,multiples_paralelas,estable,no_hay,normal,normal,no,manchas_oxido,correctos,5_a_20,sumergido,anos_despues,normal,original,flecha_abajo,solido,seco,91
vigueta,red_mapa,cerrada_fina,cabeza,multiples_distintos_planos,se_cierra_al_alejarse,recubrimiento_desprendido,normal,normal,parcialmente,no_visible,separados,5_a_20,industrial,durante_construccion,normal,recien_desencofrada,desplazamiento_lateral,solido,seco,8
mensula,diagonal_45,abierta,cara_inferior,unica,aparecio_de_golpe,perdida_seccion,manchas_oxido,poroso,no,manchas_oxido,separados,5_a_20,interior,subita_reciente,sobrecarga,original,giro_inclinacion,hueco,seco,17
mensula,diagonal_45_75,cerrada_fina,cabeza,ramificada,estable,no_hay,oscurecido,normal,no,no_visible,ausentes,menos_5,interior,subita_reciente,normal,reforzada,no,solido,seco,36
vigueta,sin_fisura,cerrada_fina,base,unica,estable,no_hay,oscurecido,poroso,no,manchas_oxido,correctos,5_a_20,industrial,primeras_semanas,descarga,original,flecha_abajo,hueco,filtracion_activa,37
viga,diagonal_45,grieta_separacion,centro,periodica,aparecio_de_golpe,perdida_seccion,normal,poroso,parcialmente,manchas_oxido,correctos,5_a_20,industrial,subita_reciente,sobrecarga,reparada,flecha_abajo,solido,seco,18
muro,diagonal_45,abierta,base,multiples_distintos_planos,se_cierra_al_alejarse,no_hay,normal,normal,no,no_visible,correctos,20_a_50,sumergido,primeros_meses,normal,original,no,hueco,seco,86
mensula,horizontal,cerrada_fina,cabeza,periodica,se_cierra_al_descender,no_hay,normal,normal,parcialmente,manchas_oxido,correctos,mas_50,costero_marino,primeros_meses,sobrecarga,original,flecha_abajo,diferente_zonas,seco,33
voladizo,horizontal,abierta,centro,multiples_paralelas,se_abre_con_tiempo,no_hay,normal,poroso,parcialmente,oxidada_visible,correctos,5_a_20,interior,subita_reciente,sobrecarga,original,flecha_abajo,diferente_zonas,humedo,45
viga,sin_fisura,cerrada_fina,centro,unica,estable,no_hay,manchas_blancas,humedo_filtraciones,completamente,no_visible,desplazados,5_a_20,sumergido,primeras_semanas,normal,recien_desencofrada,no,solido,filtracion_activa,25
viga,vertical,cerrada_fina,union_otro_elemento,multiples_distintos_planos,estable,no_hay,normal,humedo_filtraciones,no,no_visible,correctos,5_a_20,sumergido,primeros_meses,sobrecarga,reparada,no,solido,filtracion_activa,67
tabique_cerramiento,diagonal_45_75,media,ambas_caras,multiples_distintos_planos,se_cierra_al_descender,no_hay,normal,normal,no,no_visible,correctos,5_a_20,sumergido,anos_despues,sobrecarga,original,no,solido,seco,68
viga,horizontal,abierta,centro,multiples_paralelas,estable,no_hay,manchas_blancas,poroso,parcialmente,oxidada_visible,correctos,mas_50,costero_marino,anos_despues,sobrecarga,original,flecha_abajo,diferente_zonas,humedo,33
mensula,diagonal_45_75,cerrada_fina,union_otro_elemento,periodica,se_cierra_al_descender,recubrimiento_desprendido,normal,normal,no,no_visible,correctos,menos_5,interior,primeras_semanas,normal,original,aplastamiento,solido,seco,36
mensula,vertical,cerrada_fina,union_otro_elemento,multiples_paralelas,se_cierra_al_descender,no_hay,normal,normal,no,no_visible,separados,menos_5,sumergido,primeros_meses,normal,original,no,solido,seco,36
cimentacion_zapata,vertical,media,base,ramificada,estable,no_hay,manchas_blancas,normal,no,manchas_oxido,correctos,5_a_20,exterior_continental,durante_construccion,normal,reparada,no,solido,seco,83
forjado_unidireccional,diagonal_45,cerrada_fina,cara_inferior,periodica,se_abre_con_tiempo,desmoronandose,normal,poroso,parcialmente,no_visible,separados,mas_50,sumergido,subita_reciente,normal,reforzada,no,diferente_zonas,seco,56
cimentacion_zapata,vertical,abierta,base,ramificada,estable,no_hay,normal,normal,no,no_visible,correctos,20_a_50,costero_marino,durante_construccion,normal,original,no,solido,seco,83
vigueta,red_mapa,abierta,esquinas,periodica,aparecio_de_golpe,recubrimiento_desprendido,manchas_blancas,normal,no,no_visible,separados,5_a_20,exterior_continental,anos_despues,normal,recien_desencofrada,giro_inclinacion,diferente_zonas,seco,38
cimentacion_zapata,horizontal,media,union_otro_elemento,periodica,se_cierra_al_descender,no_hay,normal,poroso,parcialmente,no_visible,correctos,20_a_50,costero_marino,primeros_meses,normal,original,flecha_abajo,solido,filtracion_activa,86
forjado_unidireccional,diagonal_45_75,abierta,union_otro_elemento,periodica,se_abre_con_tiempo,recubrimiento_desprendido,normal,humedo_filtraciones,no,manchas_oxido,ausentes,menos_5,costero_marino,primeras_semanas,sobrecarga,reparada,desplazamiento_lateral,solido,seco,51
vigueta,horizontal,media,cabeza,unica,se_abre_con_tiempo,no_hay,normal,normal,no,manchas_oxido,correctos,menos_5,sumergido,primeros_meses,normal,reparada,desplazamiento_lateral,diferente_zonas,seco,39
vigueta,horizontal,abierta,cabeza,unica,aparecio_de_golpe,no_hay,normal,normal,no,no_visible,correctos,5_a_20,sumergido,durante_construccion,normal,reforzada,flecha_abajo,solido,humedo,42
mensula,diagonal_45,grieta_separacion,cara_inferior,multiples_distintos_planos,se_cierra_al_descender,perdida_seccion,normal,normal,no,no_visible,correctos,5_a_20,sumergido,durante_construccion,sobrecarga,recien_desencofrada,desplazamiento_lateral,hueco,salpicadura,34
muro,red_mapa,cerrada_fina,cabeza,ramificada,estable,no_hay,normal,normal,no,manchas_oxido,correctos,menos_5,costero_marino,durante_construccion,descarga,original,no,solido,seco,94
muro,diagonal_45,abierta,union_otro_elemento,unica,estable,desmoronandose,manchas_oxido,poroso,no,no_visible,correctos,5_a_20,industrial,anos_despues,normal,original,aplastamiento,diferente_zonas,seco,95
cimentacion_zapata,vertical,abierta,cabeza,unica,aparecio_de_golpe,desmoronandose,normal,poroso,no,no_visible,correctos,20_a_50,interior,subita_reciente,sobrecarga,reforzada,desplazamiento_lateral,solido,salpicadura,42
viga,diagonal_45,media,union_otro_elemento,multiples_paralelas,se_abre_con_tiempo,no_hay,normal,normal,parcialmente,no_visible,desplazados,5_a_20,interior,subita_reciente,normal,recien_desencofrada,no,solido,seco,27
viga,vertical,media,base,periodica,aparecio_de_golpe,recubrimiento_desprendido,manchas_oxido,normal,no,manchas_oxido,separados,5_a_20,sumergido,subita_reciente,sobrecarga,original,flecha_abajo,diferente_zonas,seco,20
tabique_cerramiento,red_mapa,cerrada_fina,centro,multiples_distintos_planos,aparecio_de_golpe,no_hay,normal,poroso,parcialmente,no_visible,correctos,mas_50,sumergido,anos_despues,normal,reparada,desplazamiento_lateral,solido,seco,68
tabique_cerramiento,diagonal_45,cerrada_fina,esquinas,multiples_paralelas,estable,no_hay,manchas_blancas,poroso,parcialmente,no_visible,separados,menos_5,interior,primeros_meses,sobrecarga,original,no,solido,salpicadura,77
viga,horizontal,cerrada_fina,esquinas,ramificada,se_abre_con_tiempo,no_hay,manchas_blancas,humedo_filtraciones,no,manchas_oxido,correctos,menos_5,exterior_continental,durante_construccion,normal,recien_desencofrada,no,solido,filtracion_activa,40
voladizo,red_mapa,cerrada_fina,ambas_caras,multiples_paralelas,estable,no_hay,normal,normal,no,no_visible,separados,20_a_50,exterior_continental,primeras_semanas,sobrecarga,original,no,solido,seco,66
tabique_cerramiento,sin_fisura,cerrada_fina,centro,unica,estable,no_hay,normal,normal,no,no_visible,correctos,5_a_20,costero_marino,durante_construccion,normal,original,no,solido,seco,69
mensula,diagonal_45_75,cerrada_fina,union_otro_elemento,multiples_distintos_planos,se_cierra_al_descender,no_hay,normal,normal,no,no_visible,correctos,mas_50,costero_marino,primeras_semanas,sobrecarga,reparada,flecha_abajo,solido,seco,66
voladizo,horizontal,media,union_otro_elemento,periodica,aparecio_de_golpe,recubrimiento_desprendido,normal,normal,parcialmente,oxidada_visible,correctos,5_a_20,industrial,subita_reciente,sobrecarga,original,desplazamiento_lateral,hueco,seco,46
muro,diagonal_45,cerrada_fina,union_otro_elemento,multiples_distintos_planos,se_abre_con_tiempo,no_hay,manchas_blancas,humedo_filtraciones,parcialmente,no_visible,correctos,5_a_20,exterior_continental,durante_construccion,normal,original,no,solido,humedo,79
pilar,vertical,abierta,ambas_caras,multiples_paralelas,estable,no_hay,normal,normal,no,no_visible,correctos,menos_5,sumergido,durante_construccion,normal,reforzada,no,diferente_zonas,seco,83
vigueta,sin_fisura,cerrada_fina,ambas_caras,unica,estable,perdida_seccion,normal,normal,parcialmente,perdida_seccion,desplazados,mas_50,exterior_continental,subita_reciente,normal,original,no,hueco,seco,44
viga,horizontal,media,cara_inferior,periodica,estable,recubrimiento_desprendido,manchas_oxido,normal,parcialmente,manchas_oxido,separados,5_a_20,sumergido,anos_despues,sobrecarga,original,desplazamiento_lateral,hueco,seco,30
pilar,horizontal,cerrada_fina,ambas_caras,periodica,se_cierra_al_descender,no_hay,manchas_oxido,humedo_filtraciones,parcialmente,no_visible,correctos,menos_5,costero_marino,primeros_meses,normal,original,flecha_abajo,solido,humedo,65
forjado_reticular,vertical,cerrada_fina,ambas_caras,unica,aparecio_de_golpe,no_hay,normal,normal,no,no_visible,ausentes,menos_5,industrial,primeros_meses,sobrecarga,recien_desencofrada,no,solido,humedo,27
pilar,vertical,cerrada_fina,cabeza,ramificada,aparecio_de_golpe,no_hay,normal,normal,parcialmente,no_visible,correctos,mas_50,industrial,durante_construccion,normal,original,no,solido,seco,14
muro,diagonal_45,abierta,cara_inferior,multiples_paralelas,aparecio_de_golpe,no_hay,manchas_oxido,normal,no,no_visible,correctos,menos_5,exterior_continental,durante_construccion,normal,reforzada,no,solido,seco,82
vigueta,diagonal_45,media,esquinas,unica,aparecio_de_golpe,no_hay,normal,normal,no,no_visible,correctos,mas_50,industrial,anos_despues,sobrecarga,original,no,diferente_zonas,seco,42
tabique_cerramiento,horizontal,media,cabeza,multiples_distintos_planos,se_cierra_al_descender,no_hay,normal,normal,no,no_visible,correctos,5_a_20,sumergido,anos_despues,impacto_sismo,original,desplazamiento_lateral,solido,seco,70
muro,diagonal_45,media,esquinas,ramificada,estable,no_hay,manchas_oxido,normal,no,no_visible,correctos,mas_50,industrial,subita_reciente,normal,original,no,diferente_zonas,seco,93
cimentacion_zapata,diagonal_45_75,abierta,base,ramificada,se_cierra_al_descender,no_hay,manchas_oxido,humedo_filtraciones,no,no_visible,correctos,5_a_20,exterior_continental,primeras_semanas,normal,original,no,diferente_zonas,humedo,87
mensula,diagonal_45,cerrada_fina,cara_inferior,unica,se_cierra_al_alejarse,no_hay,normal,normal,no,no_visible,separados,20_a_50,interior,durante_construccion,sobrecarga,recien_desencofrada,no,solido,seco,64
vigueta,horizontal,grieta_separacion,esquinas,multiples_paralelas,aparecio_de_golpe,recubrimiento_desprendido,normal,poroso,parcialmente,oxidada_visible,ausentes,20_a_50,sumergido,subita_reciente,sobrecarga,original,desplazamiento_lateral,solido,seco,44
viga,diagonal_45,abierta,cabeza,ramificada,estable,no_hay,normal,poroso,no,manchas_oxido,correctos,menos_5,costero_marino,durante_construccion,descarga,recien_desencofrada,aplastamiento,hueco,seco,49
muro,vertical,media,esquinas,multiples_distintos_planos,aparecio_de_golpe,recubrimiento_desprendido,normal,normal,parcialmente,oxidada_visible,separados,mas_50,industrial,durante_construccion,impacto_sismo,original,desplazamiento_lateral,diferente_zonas,seco,3
viga,vertical,media,centro,multiples_paralelas,estable,no_hay,normal,poroso,parcialmente,no_visible,desplazados,mas_50,costero_marino,primeras_semanas,normal,original,desplazamiento_lateral,solido,salpicadura,26
viga,diagonal_45,media,cara_inferior,unica,se_cierra_al_alejarse,no_hay,normal,normal,completamente,oxidada_visible,correctos,menos_5,interior,durante_construccion,sobrecarga,recien_desencofrada,aplastamiento,solido,seco,15
cimentacion_zapata,vertical,cerrada_fina,base,unica,estable,no_hay,normal,normal,no,no_visible,correctos,menos_5,sumergido,primeras_semanas,normal,original,no,solido,seco,83
tabique_cerramiento,vertical,media,perimetro,periodica,se_cierra_al_descender,recubrimiento_desprendido,manchas_oxido,normal,parcialmente,no_visible,separados,menos_5,costero_marino,anos_despues,impacto_sismo,original,no,diferente_zonas,seco,70
viga,red_mapa,abierta,cabeza,unica,aparecio_de_golpe,recubrimiento_desprendido,oscurecido,normal,parcialmente,manchas_oxido,separados,20_a_50,sumergido,subita_reciente,normal,original,flecha_abajo,solido,seco,22
cimentacion_zapata,red_mapa,media,cabeza,multiples_paralelas,estable,no_hay,normal,normal,parcialmente,no_visible,correctos,mas_50,sumergido,primeros_meses,normal,reparada,desplazamiento_lateral,solido,seco,92
vigueta,red_mapa,cerrada_fina,union_otro_elemento,unica,aparecio_de_golpe,recubrimiento_desprendido,oscurecido,normal,no,no_visible,correctos,mas_50,industrial,primeros_meses,normal,original,aplastamiento,hueco,seco,38
tabique_cerramiento,horizontal,abierta,cara_inferior,multiples_distintos_planos,estable,no_hay,normal,poroso,no,manchas_oxido,correctos,menos_5,costero_marino,anos_despues,impacto_sismo,original,desplazamiento_lateral,diferente_zonas,salpicadura,74
cimentacion_zapata,red_mapa,abierta,cabeza,multiples_distintos_planos,se_cierra_al_descender,no_hay,normal,poroso,no,manchas_oxido,correctos,20_a_50,sumergido,anos_despues,normal,original,no,solido,humedo,91
voladizo,diagonal_45,grieta_separacion,cara_inferior,ramificada,se_abre_con_tiempo,recubrimiento_desprendido,normal,normal,no,no_visible,correctos,mas_50,exterior_continental,primeros_meses,normal,original,desplazamiento_lateral,diferente_zonas,humedo,48
viga,diagonal_45_75,media,esquinas,periodica,se_cierra_al_alejarse,no_hay,normal,humedo_filtraciones,completamente,oxidada_visible,correctos,20_a_50,costero_marino,primeras_semanas,normal,recien_desencofrada,desplazamiento_lateral,solido,humedo,26
pilar,red_mapa,abierta,cabeza,ramificada,se_cierra_al_alejarse,perdida_seccion,normal,poroso,completamente,manchas_oxido,correctos,5_a_20,costero_marino,anos_despues,normal,original,desplazamiento_lateral,solido,humedo,6
viga,red_mapa,cerrada_fina,cara_inferior,periodica,aparecio_de_golpe,no_hay,manchas_oxido,humedo_filtraciones,no,no_visible,correctos,mas_50,costero_marino,primeras_semanas,normal,original,no,solido,filtracion_activa,10
forjado_unidireccional,horizontal,media,perimetro,ramificada,se_cierra_al_alejarse,no_hay,normal,normal,no,no_visible,correctos,menos_5,sumergido,durante_construccion,normal,original,no,diferente_zonas,seco,72
vigueta,red_mapa,media,base,unica,se_abre_con_tiempo,recubrimiento_desprendido,normal,normal,parcialmente,manchas_oxido,separados,5_a_20,sumergido,subita_reciente,normal,original,desplazamiento_lateral,diferente_zonas,humedo,22
pilar,red_mapa,cerrada_fina,union_otro_elemento,periodica,aparecio_de_golpe,no_hay,normal,humedo_filtraciones,no,no_visible,correctos,20_a_50,costero_marino,durante_construccion,normal,original,no,solido,humedo,10
tabique_cerramiento,diagonal_45_75,abierta,centro,multiples_paralelas,estable,no_hay,normal,normal,parcialmente,no_visible,correctos,menos_5,exterior_continental,durante_construccion,normal,recien_desencofrada,no,solido,filtracion_activa,71
tabique_cerramiento,diagonal_45,cerrada_fina,ambas_caras,multiples_distintos_planos,se_cierra_al_descender,no_hay,normal,normal,no,manchas_oxido,correctos,20_a_50,exterior_continental,subita_reciente,sobrecarga,original,no,solido,seco,93
cimentacion_zapata,vertical,abierta,union_otro_elemento,multiples_distintos_planos,se_cierra_al_alejarse,no_hay,normal,normal,no,no_visible,correctos,5_a_20,interior,subita_reciente,normal,reparada,no,diferente_zonas,humedo,83
viga,red_mapa,abierta,centro,periodica,estable,no_hay,manchas_oxido,humedo_filtraciones,completamente,perdida_seccion,correctos,20_a_50,costero_marino,subita_reciente,sobrecarga,original,flecha_abajo,hueco,salpicadura,26
tabique_cerramiento,diagonal_45_75,media,esquinas,multiples_distintos_planos,se_cierra_al_descender,no_hay,normal,normal,no,no_visible,correctos,5_a_20,costero_marino,primeros_meses,sobrecarga,original,no,solido,seco,68
vigueta,horizontal,media,esquinas,unica,aparecio_de_golpe,recubrimiento_desprendido,normal,normal,no,no_visible,correctos,menos_5,sumergido,primeras_semanas,normal,original,aplastamiento,diferente_zonas,seco,38
tabique_cerramiento,sin_fisura,cerrada_fina,cara_inferior,unica,estable,recubrimiento_desprendido,normal,humedo_filtraciones,no,no_visible,correctos,20_a_50,costero_marino,primeros_meses,sobrecarga,original,no,solido,humedo,67
viga,diagonal_45_75,cerrada_fina,cara_inferior,periodica,aparecio_de_golpe,no_hay,oscurecido,humedo_filtraciones,parcialmente,manchas_oxido,separados,menos_5,exterior_continental,durante_construccion,normal,original,no,solido,filtracion_activa,25
pilar,diagonal_45,cerrada_fina,ambas_caras,ramificada,se_cierra_al_alejarse,no_hay,manchas_blancas,humedo_filtraciones,no,no_visible,correctos,menos_5,interior,durante_construccion,normal,recien_desencofrada,flecha_abajo,solido,humedo,40
tabique_cerramiento,vertical,cerrada_fina,cabeza,periodica,aparecio_de_golpe,no_hay,normal,poroso,no,no_visible,correctos,mas_50,costero_marino,primeros_meses,impacto_sismo,original,no,solido,seco,70
voladizo,diagonal_45,abierta,cara_inferior,multiples_distintos_planos,aparecio_de_golpe,recubrimiento_desprendido,normal,poroso,no,no_visible,correctos,5_a_20,interior,subita_reciente,normal,original,desplazamiento_lateral,hueco,seco,48
forjado_unidireccional,vertical,cerrada_fina,base,multiples_distintos_planos,estable,no_hay,manchas_oxido,normal,no,no_visible,correctos,mas_50,sumergido,primeros_meses,normal,reforzada,no,solido,filtracion_activa,69
forjado_unidireccional,horizontal,media,perimetro,ramificada,se_abre_con_tiempo,no_hay,manchas_oxido,normal,completamente,oxidada_visible,separados,menos_5,sumergido,primeros_meses,normal,original,flecha_abajo,hueco,humedo,54
viga,diagonal_45,abierta,ambas_caras,periodica,se_abre_con_tiempo,recubrimiento_desprendido,normal,disgregado,completamente,manchas_oxido,desplazados,menos_5,costero_marino,durante_construccion,sobrecarga,recien_desencofrada,giro_inclinacion,hueco,seco,21
vigueta,horizontal,media,union_otro_elemento,multiples_paralelas,aparecio_de_golpe,perdida_seccion,normal,normal,no,manchas_oxido,desplazados,mas_50,sumergido,anos_despues,descarga,original,flecha_abajo,diferente_zonas,seco,44
cimentacion_zapata,horizontal,abierta,union_otro_elemento,unica,se_cierra_al_alejarse,no_hay,normal,normal,no,no_visible,correctos,20_a_50,exterior_continental,primeras_semanas,normal,original,desplazamiento_lateral,hueco,salpicadura,92
forjado_unidireccional,sin_fisura,cerrada_fina,cabeza,unica,estable,no_hay,normal,normal,no,manchas_oxido,correctos,20_a_50,costero_marino,subita_reciente,normal,original,giro_inclinacion,solido,seco,62
viga,diagonal_45_75,media,esquinas,multiples_distintos_planos,se_cierra_al_alejarse,no_hay,oscurecido,normal,completamente,manchas_oxido,correctos,mas_50,industrial,primeras_semanas,normal,reparada,flecha_abajo,solido,humedo,13
tabique_cerramiento,vertical,cerrada_fina,base,unica,se_abre_con_tiempo,no_hay,normal,normal,no,no_visible,separados,menos_5,exterior_continental,primeros_meses,normal,original,no,diferente_zonas,seco,78
muro,diagonal_45_75,cerrada_fina,perimetro,multiples_distintos_planos,se_cierra_al_alejarse,no_hay,normal,normal,no,no_visible,correctos,menos_5,exterior_continental,durante_construccion,sobrecarga,original,no,solido,seco,78
tabique_cerramiento,diagonal_45,cerrada_fina,esquinas,ramificada,estable,no_hay,normal,humedo_filtraciones,no,no_visible,correctos,5_a_20,costero_marino,primeras_semanas,normal,original,no,solido,seco,75
cimentacion_zapata,diagonal_45,media,base,multiples_distintos_planos,aparecio_de_golpe,no_hay,normal,normal,parcialmente,manchas_oxido,separados,20_a_50,interior,durante_construccion,normal,original,no,hueco,humedo,20
mensula,red_mapa,cerrada_fina,base,unica,estable,no_hay,oscurecido,normal,no,no_visible,correctos,5_a_20,exterior_continental,subita_reciente,sobrecarga,original,no,solido,seco,47
pilar,red_mapa,abierta,base,ramificada,se_cierra_al_descender,recubrimiento_desprendido,manchas_oxido,poroso,parcialmente,oxidada_visible,correctos,20_a_50,costero_marino,anos_despues,normal,reforzada,no,diferente_zonas,humedo,6
forjado_unidireccional,red_mapa,grieta_separacion,ambas_caras,periodica,se_abre_con_tiempo,perdida_seccion,oscurecido,poroso,completamente,no_visible,separados,5_a_20,industrial,subita_reciente,normal,original,flecha_abajo,hueco,seco,55
tabique_cerramiento,diagonal_45_75,cerrada_fina,perimetro,unica,estable,no_hay,normal,normal,no,no_visible,correctos,menos_5,interior,anos_despues,normal,original,no,solido,seco,78
forjado_unidireccional,red_mapa,grieta_separacion,perimetro,multiples_distintos_planos,aparecio_de_golpe,recubrimiento_desprendido,normal,poroso,completamente,oxidada_visible,separados,20_a_50,exterior_continental,subita_reciente,normal,original,flecha_abajo,hueco,seco,53
tabique_cerramiento,diagonal_45,cerrada_fina,esquinas,multiples_paralelas,estable,no_hay,manchas_oxido,humedo_filtraciones,no,no_visible,separados,menos_5,interior,primeras_semanas,impacto_sismo,original,no,solido,humedo,77
muro,horizontal,media,cabeza,multiples_distintos_planos,se_cierra_al_descender,recubrimiento_desprendido,normal,normal,no,no_visible,ausentes,menos_5,exterior_continental,primeras_semanas,impacto_sismo,reparada,flecha_abajo,solido,humedo,57
cimentacion_zapata,diagonal_45_75,media,perimetro,multiples_distintos_planos,se_cierra_al_alejarse,no_hay,normal,normal,no,no_visible,correctos,20_a_50,industrial,subita_reciente,sobrecarga,recien_desencofrada,no,diferente_zonas,seco,90
voladizo,horizontal,media,cara_inferior,ramificada,aparecio_de_golpe,perdida_seccion,normal,humedo_filtraciones,no,manchas_oxido,correctos,5_a_20,industrial,primeros_meses,sobrecarga,original,flecha_abajo,hueco,seco,45
muro,red_mapa,media,base,multiples_paralelas,se_cierra_al_alejarse,no_hay,manchas_blancas,humedo_filtraciones,no,no_visible,correctos,5_a_20,costero_marino,primeras_semanas,normal,original,no,diferente_zonas,humedo,10
tabique_cerramiento,diagonal_45,cerrada_fina,base,periodica,se_cierra_al_alejarse,no_hay,normal,normal,parcialmente,no_visible,correctos,menos_5,industrial,primeros_meses,sobrecarga,original,no,solido,seco,59
pilar,horizontal,cerrada_fina,cabeza,multiples_paralelas,aparecio_de_golpe,no_hay,manchas_blancas,humedo_filtraciones,no,no_visible,correctos,menos_5,exterior_continental,anos_despues,normal,original,no,solido,humedo,11
vigueta,red_mapa,abierta,centro,ramificada,estable,recubrimiento_desprendido,normal,poroso,parcialmente,oxidada_visible,correctos,menos_5,costero_marino,anos_despues,normal,original,flecha_abajo,solido,humedo,43
pilar,horizontal,cerrada_fina,union_otro_elemento,multiples_distintos_planos,se_cierra_al_descender,no_hay,manchas_oxido,humedo_filtraciones,no,no_visible,desplazados,mas_50,costero_marino,subita_reciente,normal,reparada,no,solido,humedo,10
forjado_unidireccional,diagonal_45,cerrada_fina,centro,multiples_paralelas,aparecio_de_golpe,no_hay,manchas_blancas,humedo_filtraciones,no,no_visible,correctos,menos_5,exterior_continental,primeros_meses,normal,original,no,diferente_zonas,humedo,67
vigueta,diagonal_45,media,esquinas,ramificada,estable,no_hay,normal,normal,no,manchas_oxido,correctos,menos_5,interior,primeras_semanas,normal,original,no,solido,humedo,39
viga,horizontal,media,centro,multiples_paralelas,se_cierra_al_alejarse,no_hay,manchas_oxido,normal,completamente,oxidada_visible,correctos,5_a_20,industrial,anos_despues,normal,original,flecha_abajo,diferente_zonas,seco,30
tabique_cerramiento,horizontal,cerrada_fina,cara_inferior,ramificada,aparecio_de_golpe,no_hay,manchas_oxido,poroso,no,no_visible,correctos,menos_5,interior,durante_construccion,normal,original,no,solido,filtracion_activa,79
forjado_reticular,vertical,media,cabeza,multiples_distintos_planos,aparecio_de_golpe,recubrimiento_desprendido,normal,normal,no,no_visible,correctos,menos_5,sumergido,primeros_meses,normal,original,aplastamiento,solido,seco,38
viga,sin_fisura,cerrada_fina,centro,unica,estable,recubrimiento_desprendido,normal,normal,no,no_visible,correctos,20_a_50,interior,anos_despues,descarga,original,no,solido,seco,68
forjado_reticular,diagonal_45_75,grieta_separacion,base,ramificada,se_cierra_al_descender,recubrimiento_desprendido,normal,normal,parcialmente,oxidada_visible,separados,20_a_50,industrial,durante_construccion,normal,original,flecha_abajo,diferente_zonas,seco,51
viga,diagonal_45,cerrada_fina,union_otro_elemento,periodica,estable,no_hay,normal,humedo_filtraciones,no,no_visible,desplazados,20_a_50,exterior_continental,primeras_semanas,normal,original,aplastamiento,solido,humedo,29
mensula,diagonal_45,grieta_separacion,centro,unica,se_abre_con_tiempo,recubrimiento_desprendido,normal,normal,no,manchas_oxido,separados,mas_50,industrial,anos_despues,normal,original,no,diferente_zonas,humedo,35
viga,diagonal_45,cerrada_fina,ambas_caras,unica,se_cierra_al_descender,no_hay,normal,humedo_filtraciones,no,no_visible,correctos,menos_5,costero_marino,subita_reciente,normal,recien_desencofrada,no,solido,humedo,65
pilar,vertical,grieta_separacion,base,multiples_paralelas,se_abre_con_tiempo,desmoronandose,normal,disgregado,parcialmente,manchas_oxido,correctos,5_a_20,industrial,anos_despues,normal,original,desplazamiento_lateral,diferente_zonas,seco,2
forjado_reticular,red_mapa,cerrada_fina,union_otro_elemento,unica,se_cierra_al_alejarse,no_hay,normal,normal,parcialmente,no_visible,correctos,5_a_20,costero_marino,durante_construccion,sobrecarga,recien_desencofrada,no,solido,seco,52
viga,vertical,abierta,cabeza,periodica,se_cierra_al_alejarse,recubrimiento_desprendido,normal,normal,parcialmente,oxidada_visible,separados,menos_5,sumergido,primeros_meses,sobrecarga,reparada,flecha_abajo,solido,seco,30
tabique_cerramiento,diagonal_45_75,cerrada_fina,perimetro,periodica,estable,no_hay,normal,poroso,no,no_visible,correctos,menos_5,exterior_continental,durante_construccion,sobrecarga,original,no,solido,humedo,78
muro,horizontal,media,cabeza,periodica,aparecio_de_golpe,no_hay,normal,normal,parcialmente,manchas_oxido,correctos,menos_5,exterior_continental,durante_construccion,normal,reparada,no,diferente_zonas,seco,13
pilar,red_mapa,media,centro,periodica,estable,no_hay,normal,poroso,no,no_visible,separados,menos_5,costero_marino,primeras_semanas,normal,original,no,solido,humedo,10
forjado_reticular,diagonal_45,media,base,unica,se_cierra_al_alejarse,recubrimiento_desprendido,manchas_blancas,poroso,completamente,no_visible,correctos,mas_50,exterior_continental,durante_construccion,normal,reforzada,no,hueco,humedo,56
viga,diagonal_45,media,union_otro_elemento,ramificada,aparecio_de_golpe,no_hay,normal,normal,no,manchas_oxido,separados,menos_5,interior,subita_reciente,sobrecarga,original,no,hueco,seco,20
tabique_cerramiento,horizontal,cerrada_fina,centro,ramificada,estable,no_hay,normal,normal,no,no_visible,correctos,mas_50,industrial,primeras_semanas,sobrecarga,original,flecha_abajo,solido,seco,57
forjado_unidireccional,diagonal_45_75,media,base,ramificada,se_abre_con_tiempo,no_hay,normal,normal,parcialmente,oxidada_visible,separados,menos_5,interior,subita_reciente,sobrecarga,original,no,diferente_zonas,seco,20
viga,diagonal_45_75,media,union_otro_elemento,unica,se_cierra_al_alejarse,no_hay,normal,normal,completamente,no_visible,desplazados,menos_5,interior,durante_construccion,normal,recien_desencofrada,no,solido,seco,27
viga,red_mapa,abierta,perimetro,ramificada,se_abre_con_tiempo,recubrimiento_desprendido,normal,normal,completamente,manchas_oxido,separados,20_a_50,sumergido,subita_reciente,normal,original,flecha_abajo,solido,seco,22
pilar,horizontal,grieta_separacion,esquinas,periodica,se_cierra_al_descender,desmoronandose,normal,poroso,parcialmente,manchas_oxido,correctos,menos_5,interior,anos_despues,impacto_sismo,reparada,flecha_abajo,diferente_zonas,seco,9
muro,horizontal,cerrada_fina,union_otro_elemento,unica,se_cierra_al_alejarse,recubrimiento_desprendido,normal,normal,no,no_visible,correctos,5_a_20,exterior_continental,primeros_meses,impacto_sismo,original,no,solido,seco,70
tabique_cerramiento,diagonal_45,media,esquinas,ramificada,se_cierra_al_alejarse,no_hay,normal,normal,parcialmente,no_visible,correctos,menos_5,exterior_continental,subita_reciente,normal,original,no,solido,seco,59
viga,red_mapa,abierta,esquinas,unica,se_cierra_al_alejarse,recubrimiento_desprendido,manchas_blancas,humedo_filtraciones,parcialmente,oxidada_visible,correctos,menos_5,sumergido,primeras_semanas,normal,original,no,diferente_zonas,humedo,26
cimentacion_zapata,vertical,media,esquinas,multiples_paralelas,se_cierra_al_alejarse,no_hay,normal,normal,parcialmente,manchas_oxido,correctos,mas_50,interior,anos_despues,normal,original,flecha_abajo,diferente_zonas,seco,32
cimentacion_zapata,horizontal,media,union_otro_elemento,multiples_distintos_planos,se_cierra_al_alejarse,recubrimiento_desprendido,normal,normal,no,no_visible,correctos,menos_5,interior,anos_despues,normal,original,giro_inclinacion,hueco,seco,89
pilar,diagonal_45_75,abierta,cabeza,ramificada,se_cierra_al_alejarse,no_hay,normal,normal,no,no_visible,ausentes,mas_50,sumergido,anos_despues,impacto_sismo,original,no,diferente_zonas,humedo,12
cimentacion_zapata,diagonal_45_75,abierta,esquinas,periodica,aparecio_de_golpe,recubrimiento_desprendido,manchas_oxido,poroso,parcialmente,oxidada_visible,correctos,mas_50,exterior_continental,durante_construccion,sobrecarga,recien_desencofrada,no,diferente_zonas,humedo,84
viga,diagonal_45,abierta,cara_inferior,ramificada,aparecio_de_golpe,recubrimiento_desprendido,normal,normal,completamente,manchas_oxido,ausentes,menos_5,costero_marino,primeras_semanas,sobrecarga,recien_desencofrada,desplazamiento_lateral,diferente_zonas,seco,21
forjado_unidireccional,diagonal_45_75,media,cabeza,multiples_distintos_planos,estable,desmoronandose,normal,poroso,parcialmente,no_visible,correctos,mas_50,industrial,primeros_meses,normal,reforzada,no,solido,seco,58
viga,vertical,media,cara_inferior,multiples_paralelas,aparecio_de_golpe,no_hay,oscurecido,normal,completamente,no_visible,ausentes,menos_5,costero_marino,durante_construccion,normal,recien_desencofrada,giro_inclinacion,solido,seco,25
forjado_reticular,red_mapa,cerrada_fina,centro,ramificada,estable,no_hay,normal,normal,completamente,oxidada_visible,correctos,menos_5,industrial,durante_construccion,normal,recien_desencofrada,no,hueco,seco,50
pilar,red_mapa,grieta_separacion,ambas_caras,ramificada,se_cierra_al_descender,recubrimiento_desprendido,normal,poroso,parcialmente,oxidada_visible,correctos,mas_50,costero_marino,anos_despues,normal,original,no,solido,salpicadura,6
muro,horizontal,media,cabeza,unica,se_cierra_al_alejarse,recubrimiento_desprendido,normal,normal,completamente,no_visible,desplazados,menos_5,industrial,durante_construccion,sobrecarga,recien_desencofrada,desplazamiento_lateral,diferente_zonas,seco,5
vigueta,sin_fisura,cerrada_fina,base,unica,estable,desmoronandose,normal,disgregado,no,no_visible,correctos,menos_5,sumergido,durante_construccion,normal,recien_desencofrada,no,solido,humedo,40
tabique_cerramiento,vertical,cerrada_fina,perimetro,unica,se_cierra_al_alejarse,no_hay,normal,normal,parcialmente,no_visible,correctos,5_a_20,costero_marino,subita_reciente,impacto_sismo,original,no,diferente_zonas,seco,70
forjado_unidireccional,sin_fisura,cerrada_fina,base,unica,estable,no_hay,normal,humedo_filtraciones,parcialmente,manchas_oxido,correctos,menos_5,interior,anos_despues,normal,reparada,no,solido,seco,62
viga,diagonal_45_75,grieta_separacion,esquinas,ramificada,se_abre_con_tiempo,perdida_seccion,normal,normal,completamente,manchas_oxido,correctos,menos_5,industrial,durante_construccion,sobrecarga,original,no,hueco,seco,18
vigueta,vertical,abierta,esquinas,unica,se_abre_con_tiempo,recubrimiento_desprendido,normal,poroso,no,no_visible,correctos,5_a_20,costero_marino,anos_despues,normal,original,aplastamiento,solido,seco,38
viga,red_mapa,media,union_otro_elemento,multiples_paralelas,aparecio_de_golpe,no_hay,manchas_oxido,humedo_filtraciones,no,no_visible,correctos,menos_5,exterior_continental,subita_reciente,normal,original,flecha_abajo,solido,filtracion_activa,29
viga,diagonal_45,media,perimetro,multiples_distintos_planos,estable,recubrimiento_desprendido,normal,normal,no,no_visible,correctos,20_a_50,costero_marino,durante_construccion,sobrecarga,original,flecha_abajo,solido,seco,66
cimentacion_zapata,diagonal_45_75,media,base,ramificada,estable,no_hay,manchas_oxido,humedo_filtraciones,no,no_visible,correctos,20_a_50,exterior_continental,anos_despues,normal,original,flecha_abajo,diferente_zonas,seco,87
viga,sin_fisura,cerrada_fina,base,unica,estable,no_hay,normal,poroso,parcialmente,oxidada_visible,correctos,menos_5,costero_marino,anos_despues,normal,recien_desencofrada,no,diferente_zonas,salpicadura,26
tabique_cerramiento,diagonal_45_75,cerrada_fina,esquinas,multiples_paralelas,estable,no_hay,normal,humedo_filtraciones,no,no_visible,correctos,menos_5,sumergido,primeras_semanas,sobrecarga,original,flecha_abajo,solido,filtracion_activa,77
cimentacion_zapata,diagonal_45_75,abierta,base,ramificada,se_cierra_al_alejarse,no_hay,manchas_blancas,humedo_filtraciones,parcialmente,manchas_oxido,separados,5_a_20,costero_marino,anos_despues,sobrecarga,original,flecha_abajo,hueco,filtracion_activa,87
vigueta,horizontal,cerrada_fina,cabeza,ramificada,se_abre_con_tiempo,no_hay,manchas_blancas,humedo_filtraciones,no,no_visible,correctos,menos_5,exterior_continental,primeras_semanas,normal,original,no,solido,humedo,40
viga,horizontal,media,base,periodica,se_cierra_al_descender,desmoronandose,normal,disgregado,no,manchas_oxido,correctos,menos_5,interior,durante_construccion,normal,recien_desencofrada,desplazamiento_lateral,diferente_zonas,humedo,49
forjado_reticular,red_mapa,media,perimetro,ramificada,aparecio_de_golpe,no_hay,manchas_blancas,humedo_filtraciones,no,no_visible,correctos,20_a_50,exterior_continental,subita_reciente,normal,original,no,solido,humedo,79
forjado_unidireccional,horizontal,cerrada_fina,cara_inferior,multiples_distintos_planos,estable,no_hay,manchas_oxido,normal,no,manchas_oxido,correctos,5_a_20,industrial,primeras_semanas,sobrecarga,reforzada,flecha_abajo,solido,seco,57
pilar,diagonal_45_75,media,esquinas,multiples_distintos_planos,aparecio_de_golpe,recubrimiento_desprendido,normal,normal,parcialmente,oxidada_visible,separados,20_a_50,costero_marino,subita_reciente,sobrecarga,original,desplazamiento_lateral,solido,seco,1
viga,diagonal_45_75,abierta,base,multiples_distintos_planos,se_abre_con_tiempo,recubrimiento_desprendido,manchas_oxido,normal,completamente,oxidada_visible,desplazados,mas_50,sumergido,subita_reciente,sobrecarga,reparada,flecha_abajo,hueco,humedo,20
tabique_cerramiento,diagonal_45_75,cerrada_fina,centro,ramificada,aparecio_de_golpe,no_hay,normal,normal,no,no_visible,correctos,5_a_20,interior,durante_construccion,normal,original,no,solido,seco,64
cimentacion_zapata,diagonal_45_75,abierta,union_otro_elemento,multiples_paralelas,aparecio_de_golpe,no_hay,normal,normal,no,no_visible,correctos,menos_5,costero_marino,anos_despues,normal,original,no,solido,seco,88
vigueta,vertical,cerrada_fina,ambas_caras,ramificada,se_cierra_al_descender,no_hay,oscurecido,humedo_filtraciones,no,manchas_oxido,correctos,menos_5,exterior_continental,primeros_meses,normal,original,desplazamiento_lateral,diferente_zonas,humedo,37
tabique_cerramiento,red_mapa,cerrada_fina,cabeza,periodica,se_abre_con_tiempo,recubrimiento_desprendido,normal,normal,no,no_visible,correctos,20_a_50,costero_marino,primeras_semanas,sobrecarga,original,no,diferente_zonas,seco,76
mensula,diagonal_45_75,grieta_separacion,centro,periodica,se_abre_con_tiempo,recubrimiento_desprendido,normal,normal,completamente,oxidada_visible,separados,menos_5,interior,primeros_meses,sobrecarga,reparada,no,solido,seco,35
forjado_reticular,diagonal_45_75,media,ambas_caras,periodica,aparecio_de_golpe,no_hay,normal,normal,no,no_visible,separados,mas_50,costero_marino,durante_construccion,descarga,original,desplazamiento_lateral,diferente_zonas,seco,54
mensula,diagonal_45_75,grieta_separacion,esquinas,multiples_distintos_planos,se_cierra_al_alejarse,recubrimiento_desprendido,normal,normal,no,manchas_oxido,separados,5_a_20,exterior_continental,durante_construccion,normal,original,no,hueco,seco,35
tabique_cerramiento,vertical,media,cara_inferior,periodica,se_cierra_al_alejarse,no_hay,manchas_oxido,normal,parcialmente,oxidada_visible,correctos,menos_5,costero_marino,anos_despues,normal,original,no,diferente_zonas,humedo,74
forjado_unidireccional,red_mapa,cerrada_fina,centro,multiples_distintos_planos,aparecio_de_golpe,no_hay,normal,normal,parcialmente,no_visible,correctos,menos_5,industrial,anos_despues,sobrecarga,original,giro_inclinacion,solido,seco,66
cimentacion_zapata,diagonal_45_75,media,base,ramificada,estable,no_hay,normal,normal,no,no_visible,correctos,mas_50,industrial,primeras_semanas,normal,original,no,diferente_zonas,seco,86
tabique_cerramiento,diagonal_45_75,cerrada_fina,cara_inferior,unica,estable,no_hay,normal,normal,no,no_visible,correctos,menos_5,exterior_continental,primeras_semanas,normal,original,no,solido,seco,71
forjado_unidireccional,vertical,media,union_otro_elemento,ramificada,estable,no_hay,manchas_oxido,normal,no,no_visible,correctos,menos_5,exterior_continental,durante_construccion,normal,recien_desencofrada,flecha_abajo,solido,seco,52
pilar,vertical,abierta,cabeza,multiples_paralelas,aparecio_de_golpe,no_hay,normal,poroso,no,manchas_oxido,correctos,mas_50,costero_marino,subita_reciente,sobrecarga,recien_desencofrada,flecha_abajo,solido,humedo,7
forjado_unidireccional,vertical,cerrada_fina,base,periodica,estable,no_hay,normal,normal,no,no_visible,correctos,menos_5,sumergido,anos_despues,sobrecarga,original,no,solido,seco,52
voladizo,red_mapa,cerrada_fina,centro,multiples_paralelas,se_cierra_al_alejarse,no_hay,normal,poroso,parcialmente,no_visible,correctos,menos_5,exterior_continental,durante_construccion,normal,original,aplastamiento,solido,seco,60
pilar,horizontal,media,perimetro,multiples_paralelas,se_cierra_al_descender,no_hay,manchas_oxido,normal,no,no_visible,correctos,menos_5,interior,subita_reciente,descarga,original,no,hueco,seco,16
muro,sin_fisura,cerrada_fina,cabeza,unica,estable,no_hay,normal,normal,no,manchas_oxido,correctos,menos_5,sumergido,primeros_meses,normal,recien_desencofrada,no,solido,seco,61
mensula,horizontal,abierta,centro,ramificada,se_cierra_al_descender,recubrimiento_desprendido,normal,normal,no,manchas_oxido,ausentes,5_a_20,industrial,subita_reciente,sobrecarga,original,desplazamiento_lateral,solido,seco,33
forjado_unidireccional,diagonal_45,abierta,union_otro_elemento,periodica,se_cierra_al_alejarse,recubrimiento_desprendido,normal,normal,completamente,no_visible,correctos,menos_5,sumergido,durante_construccion,normal,original,no,diferente_zonas,seco,56
tabique_cerramiento,vertical,cerrada_fina,centro,periodica,estable,recubrimiento_desprendido,normal,normal,no,no_visible,ausentes,menos_5,exterior_continental,primeras_semanas,sobrecarga,original,no,solido,seco,73
forjado_unidireccional,sin_fisura,cerrada_fina,union_otro_elemento,unica,estable,no_hay,normal,poroso,no,no_visible,correctos,5_a_20,sumergido,durante_construccion,normal,recien_desencofrada,no,solido,humedo,52
viga,diagonal_45_75,media,perimetro,multiples_paralelas,se_cierra_al_alejarse,recubrimiento_desprendido,normal,normal,parcialmente,manchas_oxido,separados,menos_5,sumergido,subita_reciente,sobrecarga,original,giro_inclinacion,hueco,seco,17
muro,vertical,media,perimetro,multiples_distintos_planos,estable,no_hay,normal,normal,no,no_visible,correctos,5_a_20,industrial,subita_reciente,normal,reparada,no,hueco,seco,89
muro,vertical,media,cabeza,multiples_paralelas,se_cierra_al_descender,no_hay,normal,normal,no,no_visible,correctos,menos_5,exterior_continental,anos_despues,descarga,original,no,solido,humedo,81
muro,red_mapa,cerrada_fina,perimetro,ramificada,se_abre_con_tiempo,no_hay,normal,poroso,no,no_visible,correctos,20_a_50,industrial,durante_construccion,normal,original,no,solido,seco,39
muro,vertical,media,esquinas,ramificada,estable,no_hay,normal,normal,no,no_visible,correctos,5_a_20,sumergido,primeros_meses,sobrecarga,reparada,no,solido,humedo,72
pilar,vertical,cerrada_fina,cara_inferior,multiples_paralelas,estable,no_hay,normal,normal,parcialmente,oxidada_visible,correctos,5_a_20,interior,durante_construccion,normal,original,flecha_abajo,diferente_zonas,seco,32
muro,red_mapa,media,union_otro_elemento,ramificada,se_cierra_al_descender,no_hay,normal,disgregado,parcialmente,no_visible,correctos,menos_5,sumergido,primeras_semanas,sobrecarga,original,flecha_abajo,solido,seco,91
voladizo,diagonal_45_75,grieta_separacion,cara_inferior,multiples_distintos_planos,aparecio_de_golpe,no_hay,normal,normal,parcialmente,no_visible,correctos,5_a_20,costero_marino,primeras_semanas,normal,original,no,diferente_zonas,seco,48
viga,vertical,media,cara_inferior,unica,se_cierra_al_alejarse,no_hay,normal,poroso,parcialmente,oxidada_visible,correctos,menos_5,industrial,durante_construccion,sobrecarga,original,flecha_abajo,diferente_zonas,salpicadura,15
cimentacion_zapata,horizontal,media,union_otro_elemento,periodica,aparecio_de_golpe,desmoronandose,oscurecido,poroso,no,no_visible,correctos,20_a_50,exterior_continental,primeros_meses,sobrecarga,original,no,solido,seco,95
muro,sin_fisura,cerrada_fina,union_otro_elemento,unica,estable,no_hay,manchas_oxido,poroso,no,no_visible,correctos,mas_50,exterior_continental,subita_reciente,normal,reparada,no,solido,seco,69
voladizo,horizontal,cerrada_fina,base,unica,se_cierra_al_descender,no_hay,normal,humedo_filtraciones,no,no_visible,correctos,mas_50,exterior_continental,subita_reciente,sobrecarga,recien_desencofrada,no,solido,humedo,76
pilar,vertical,abierta,esquinas,ramificada,se_abre_con_tiempo,no_hay,normal,normal,completamente,no_visible,desplazados,menos_5,interior,primeras_semanas,sobrecarga,recien_desencofrada,desplazamiento_lateral,hueco,seco,5
voladizo,horizontal,grieta_separacion,union_otro_elemento,multiples_distintos_planos,estable,recubrimiento_desprendido,normal,normal,parcialmente,oxidada_visible,correctos,5_a_20,sumergido,durante_construccion,sobrecarga,original,no,hueco,seco,46
forjado_unidireccional,vertical,cerrada_fina,base,ramificada,aparecio_de_golpe,no_hay,manchas_oxido,humedo_filtraciones,parcialmente,no_visible,desplazados,menos_5,exterior_continental,durante_construccion,sobrecarga,recien_desencofrada,no,solido,filtracion_activa,25
tabique_cerramiento,diagonal_45_75,cerrada_fina,esquinas,multiples_distintos_planos,aparecio_de_golpe,no_hay,manchas_blancas,poroso,no,no_visible,correctos,5_a_20,industrial,subita_reciente,normal,original,flecha_abajo,solido,salpicadura,69
muro,diagonal_45_75,media,cabeza,multiples_distintos_planos,se_abre_con_tiempo,no_hay,normal,normal,no,no_visible,ausentes,menos_5,exterior_continental,primeras_semanas,normal,original,no,diferente_zonas,seco,89
forjado_reticular,red_mapa,media,perimetro,periodica,se_cierra_al_alejarse,no_hay,normal,normal,no,no_visible,correctos,menos_5,costero_marino,durante_construccion,sobrecarga,recien_desencofrada,no,solido,seco,52
cimentacion_zapata,red_mapa,media,union_otro_elemento,ramificada,estable,no_hay,normal,normal,no,no_visible,correctos,menos_5,sumergido,durante_construccion,descarga,original,no,solido,seco,94
viga,diagonal_45_75,cerrada_fina,cara_inferior,multiples_distintos_planos,aparecio_de_golpe,no_hay,normal,poroso,no,no_visible,correctos,20_a_50,costero_marino,durante_construccion,normal,original,flecha_abajo,solido,seco,64
viga,sin_fisura,cerrada_fina,centro,unica,estable,no_hay,manchas_oxido,normal,parcialmente,perdida_seccion,correctos,menos_5,interior,primeras_semanas,normal,original,no,solido,seco,28
pilar,diagonal_45_75,cerrada_fina,cabeza,periodica,se_abre_con_tiempo,no_hay,normal,poroso,no,no_visible,correctos,5_a_20,sumergido,subita_reciente,normal,reparada,no,solido,seco,12
cimentacion_zapata,diagonal_45_75,media,union_otro_elemento,ramificada,se_cierra_al_descender,no_hay,normal,humedo_filtraciones,no,no_visible,correctos,mas_50,industrial,durante_construccion,normal,reforzada,no,hueco,seco,91
tabique_cerramiento,vertical,media,perimetro,multiples_distintos_planos,estable,no_hay,normal,normal,no,no_visible,correctos,menos_5,exterior_continental,durante_construccion,normal,original,no,solido,seco,73
muro,diagonal_45,grieta_separacion,base,unica,se_abre_con_tiempo,desmoronandose,normal,poroso,parcialmente,manchas_oxido,separados,5_a_20,exterior_continental,durante_construccion,sobrecarga,reparada,no,hueco,humedo,19
voladizo,sin_fisura,cerrada_fina,union_otro_elemento,unica,estable,desmoronandose,manchas_blancas,poroso,no,manchas_oxido,correctos,5_a_20,sumergido,durante_construccion,sobrecarga,original,giro_inclinacion,solido,seco,58
pilar,horizontal,grieta_separacion,esquinas,multiples_paralelas,aparecio_de_golpe,recubrimiento_desprendido,normal,normal,parcialmente,perdida_seccion,desplazados,5_a_20,sumergido,subita_reciente,sobrecarga,original,no,solido,seco,1
muro,diagonal_45_75,abierta,base,multiples_distintos_planos,aparecio_de_golpe,no_hay,manchas_oxido,poroso,no,no_visible,correctos,20_a_50,exterior_continental,anos_despues,sobrecarga,original,no,diferente_zonas,seco,85
pilar,diagonal_45,abierta,base,multiples_paralelas,se_abre_con_tiempo,no_hay,normal,normal,no,manchas_oxido,correctos,mas_50,industrial,durante_construccion,normal,original,no,solido,humedo,12
muro,vertical,abierta,cara_inferior,ramificada,se_abre_con_tiempo,no_hay,manchas_oxido,disgregado,completamente,perdida_seccion,correctos,20_a_50,industrial,primeros_meses,sobrecarga,original,no,diferente_zonas,seco,30
viga,horizontal,cerrada_fina,base,ramificada,se_cierra_al_alejarse,no_hay,manchas_oxido,normal,no,no_visible,correctos,5_a_20,exterior_continental,anos_despues,normal,recien_desencofrada,no,solido,seco,59
pilar,diagonal_45,media,perimetro,ramificada,se_abre_con_tiempo,no_hay,manchas_oxido,normal,no,manchas_oxido,separados,mas_50,costero_marino,durante_construccion,normal,original,flecha_abajo,diferente_zonas,seco,24
viga,horizontal,media,cabeza,ramificada,estable,recubrimiento_desprendido,manchas_oxido,normal,no,no_visible,separados,5_a_20,sumergido,subita_reciente,sobrecarga,original,no,diferente_zonas,humedo,31
forjado_unidireccional,horizontal,cerrada_fina,perimetro,multiples_paralelas,se_cierra_al_descender,no_hay,manchas_oxido,normal,no,no_visible,correctos,20_a_50,industrial,anos_despues,normal,original,no,solido,humedo,61
muro,horizontal,cerrada_fina,union_otro_elemento,multiples_distintos_planos,se_abre_con_tiempo,no_hay,normal,normal,no,no_visible,correctos,20_a_50,exterior_continental,anos_despues,sobrecarga,original,no,diferente_zonas,seco,72
cimentacion_zapata,diagonal_45_75,cerrada_fina,base,multiples_paralelas,se_cierra_al_alejarse,no_hay,normal,normal,no,no_visible,correctos,menos_5,exterior_continental,durante_construccion,impacto_sismo,reforzada,flecha_abajo,hueco,seco,88
vigueta,red_mapa,media,esquinas,multiples_distintos_planos,aparecio_de_golpe,recubrimiento_desprendido,normal,poroso,parcialmente,manchas_oxido,correctos,mas_50,interior,durante_construccion,normal,recien_desencofrada,desplazamiento_lateral,diferente_zonas,seco,38
tabique_cerramiento,vertical,cerrada_fina,esquinas,unica,aparecio_de_golpe,desmoronandose,normal,poroso,parcialmente,no_visible,correctos,mas_50,industrial,durante_construccion,sobrecarga,original,aplastamiento,solido,seco,60
viga,diagonal_45,cerrada_fina,base,ramificada,aparecio_de_golpe,no_hay,normal,poroso,no,manchas_oxido,desplazados,20_a_50,interior,subita_reciente,sobrecarga,reforzada,desplazamiento_lateral,diferente_zonas,seco,20
cimentacion_zapata,diagonal_45_75,abierta,base,multiples_paralelas,se_cierra_al_alejarse,no_hay,oscurecido,normal,no,manchas_oxido,separados,20_a_50,costero_marino,durante_construccion,normal,reforzada,desplazamiento_lateral,diferente_zonas,seco,85
vigueta,red_mapa,media,centro,periodica,aparecio_de_golpe,no_hay,manchas_blancas,humedo_filtraciones,no,manchas_oxido,correctos,5_a_20,costero_marino,primeros_meses,sobrecarga,original,no,diferente_zonas,humedo,43
pilar,horizontal,grieta_separacion,union_otro_elemento,multiples_paralelas,aparecio_de_golpe,no_hay,manchas_blancas,normal,no,manchas_oxido,correctos,20_a_50,exterior_continental,primeros_meses,sobrecarga,original,no,hueco,humedo,4
viga,horizontal,media,union_otro_elemento,ramificada,estable,no_hay,normal,normal,no,no_visible,correctos,menos_5,sumergido,primeros_meses,descarga,original,flecha_abajo,diferente_zonas,seco,94
tabique_cerramiento,vertical,cerrada_fina,centro,unica,se_cierra_al_alejarse,recubrimiento_desprendido,normal,normal,no,manchas_oxido,correctos,menos_5,exterior_continental,primeros_meses,normal,original,giro_inclinacion,solido,humedo,73
tabique_cerramiento,red_mapa,cerrada_fina,esquinas,periodica,se_abre_con_tiempo,no_hay,manchas_blancas,humedo_filtraciones,no,no_visible,correctos,5_a_20,costero_marino,primeras_semanas,normal,original,no,solido,filtracion_activa,80
cimentacion_zapata,horizontal,media,base,ramificada,estable,no_hay,manchas_blancas,poroso,no,no_visible,correctos,20_a_50,costero_marino,durante_construccion,sobrecarga,original,flecha_abajo,solido,humedo,87
forjado_unidireccional,diagonal_45_75,abierta,perimetro,multiples_paralelas,se_cierra_al_descender,no_hay,normal,normal,parcialmente,no_visible,correctos,5_a_20,interior,durante_construccion,normal,original,no,hueco,seco,54
vigueta,sin_fisura,cerrada_fina,cabeza,unica,estable,recubrimiento_desprendido,manchas_blancas,poroso,no,no_visible,correctos,5_a_20,industrial,anos_despues,sobrecarga,original,flecha_abajo,hueco,seco,38
pilar,horizontal,media,cabeza,multiples_paralelas,aparecio_de_golpe,no_hay,oscurecido,normal,parcialmente,oxidada_visible,correctos,menos_5,costero_marino,primeras_semanas,impacto_sismo,original,desplazamiento_lateral,solido,humedo,9
cimentacion_zapata,sin_fisura,cerrada_fina,ambas_caras,unica,estable,recubrimiento_desprendido,manchas_oxido,poroso,no,no_visible,separados,mas_50,exterior_continental,primeros_meses,normal,original,desplazamiento_lateral,diferente_zonas,humedo,31
mensula,diagonal_45,cerrada_fina,union_otro_elemento,periodica,aparecio_de_golpe,recubrimiento_desprendido,normal,normal,no,no_visible,correctos,20_a_50,exterior_continental,primeras_semanas,normal,original,no,diferente_zonas,humedo,12
forjado_reticular,vertical,media,ambas_caras,ramificada,estable,recubrimiento_desprendido,normal,poroso,parcialmente,perdida_seccion,separados,5_a_20,industrial,primeros_meses,sobrecarga,reparada,desplazamiento_lateral,diferente_zonas,seco,55
muro,vertical,media,cabeza,ramificada,aparecio_de_golpe,perdida_seccion,manchas_oxido,poroso,completamente,manchas_oxido,separados,menos_5,interior,durante_construccion,normal,recien_desencofrada,flecha_abajo,hueco,humedo,41
tabique_cerramiento,diagonal_45_75,cerrada_fina,ambas_caras,periodica,se_cierra_al_alejarse,no_hay,oscurecido,normal,no,no_visible,correctos,menos_5,exterior_continental,durante_construccion,normal,original,no,diferente_zonas,seco,78
cimentacion_zapata,horizontal,media,centro,unica,estable,recubrimiento_desprendido,normal,normal,parcialmente,no_visible,separados,5_a_20,interior,anos_despues,normal,original,flecha_abajo,hueco,seco,95
viga,horizontal,media,perimetro,periodica,se_cierra_al_descender,no_hay,normal,normal,parcialmente,no_visible,separados,mas_50,exterior_continental,primeros_meses,normal,original,no,diferente_zonas,seco,28
viga,vertical,media,base,multiples_paralelas,estable,recubrimiento_desprendido,normal,humedo_filtraciones,no,no_visible,correctos,5_a_20,exterior_continental,anos_despues,normal,original,no,solido,humedo,29
mensula,horizontal,abierta,cara_inferior,periodica,se_cierra_al_descender,no_hay,normal,poroso,no,manchas_oxido,correctos,mas_50,exterior_continental,subita_reciente,sobrecarga,original,no,solido,seco,33
pilar,diagonal_45_75,abierta,cara_inferior,unica,se_abre_con_tiempo,recubrimiento_desprendido,normal,normal,parcialmente,oxidada_visible,separados,5_a_20,sumergido,subita_reciente,normal,original,desplazamiento_lateral,solido,seco,22
muro,diagonal_45,media,centro,ramificada,aparecio_de_golpe,no_hay,normal,poroso,no,no_visible,ausentes,20_a_50,industrial,durante_construccion,sobrecarga,original,no,solido,seco,88
muro,sin_fisura,cerrada_fina,ambas_caras,unica,estable,recubrimiento_desprendido,manchas_oxido,humedo_filtraciones,no,no_visible,separados,5_a_20,sumergido,subita_reciente,normal,original,no,solido,filtracion_activa,80
